Code,Title,URL,Provider,Platform,Description,Language,Subtitles,Level,Difficulty,Hours,Free,Price,Certificate,Category,Competencies,Departments,Job Families,Goals,Prerequisites,Technical,Rating,Title AR,Title TR,Description AR,Description TR
"MSL-TR-learn.wwl.manage-apps-windows-365-cloud-pcs","Manage Apps in Windows 365 Cloud PCs","https://learn.microsoft.com/tr-tr/training/modules/manage-apps-windows-365-cloud-pcs/","Microsoft Learn","Microsoft Learn","After provisioning your Windows 365 Cloud PCs, you can either install apps manually or by using Microsoft Intune. This module covers application installation, nested virtualization, and Microsoft Teams installation and optimization.","tr","","L2","INTERMEDIATE","0.3","yes","0","no","PRODUCTIVITY","WORKPLACE:4","","IT","","","yes","","","","",""
"MSL-TR-learn-m365.what-generative-ai","Prepare to use generative AI at work","https://learn.microsoft.com/tr-tr/training/modules/what-generative-ai/","Microsoft Learn","Microsoft Learn","Learn how generative AI creates content, how to use AI responsibly, and how Microsoft Copilot modes support different business tasks.","tr","","L1","BEGINNER","0.52","yes","0","no","GENERATIVE_AI","FUNDAMENTALS:2,WORKPLACE:3","","GENERAL","","","no","","","","",""
"MSL-TR-learn.wwl.empower-workforce-copilot-finance","Empower your workforce with Microsoft Copilot: Finance","https://learn.microsoft.com/tr-tr/training/modules/empower-workforce-copilot-finance/","Microsoft Learn","Microsoft Learn","Complete a series of exercises to build your Microsoft Copilot skills in Finance-related business scenarios.","tr","","L1","BEGINNER","1.3","yes","0","no","FOUNDATIONS","FUNDAMENTALS:4","","GENERAL","","","yes","","","","",""
"MSL-TR-learn.wwl.examine-windows-365","Examine Windows 365","https://learn.microsoft.com/tr-tr/training/modules/examine-windows-365/","Microsoft Learn","Microsoft Learn","This module introduces the different Windows 365 editions that are available and examines foundational Windows 365 concepts including architecture, lifecycle, and customer data handling.","tr","","L2","INTERMEDIATE","0.48","yes","0","no","PRODUCTIVITY","WORKPLACE:4","","IT","","","yes","","","","",""
"MSL-TR-learn.wwl.analyze-microsoft-365-workplace-data-use-mi","Analyze your Microsoft 365 workplace data using Microsoft Viva Insights","https://learn.microsoft.com/tr-tr/training/modules/analyze-microsoft-365-workplace-data-use-microsoft-viva-insights/","Microsoft Learn","Microsoft Learn","This module examines the workplace analytical features of Microsoft Viva Insights, including how it works, and how it generates insights and improves collaboration within an organization.","tr","","L2","INTERMEDIATE","0.67","yes","0","no","PRODUCTIVITY","WORKPLACE:4","","IT","","","yes","","","","",""
"MSL-TR-learn.wwl.configure-byod-spaces-bookable-desks","Configure BYOD spaces and bookable desks","https://learn.microsoft.com/tr-tr/training/modules/configure-byod-spaces-bookable-desks/","Microsoft Learn","Microsoft Learn","Bring-your-own-device (BYOD) spaces and bookable desks are essential for a hybrid workspace. Learn how to configure buildings and floors, set up desk pools, and enable desk booking in Microsoft Places.","tr","","L2","INTERMEDIATE","0.85","yes","0","no","COMMUNICATION","","","IT","","","yes","","","","",""
"MSL-TR-learn-m365-pr.defender-introduction","Introduction to Microsoft Defender XDR","https://learn.microsoft.com/tr-tr/training/modules/defender-introduction/","Microsoft Learn","Microsoft Learn","Understand what Microsoft Defender XDR is and how it can help to improve your security posture by empowering your Security Operations Center (SOC) or security teams with the tools they need to identify, control, and remediate security threats.","tr","","L1","BEGINNER","0.33","yes","0","no","RESPONSIBLE_AI","RESPONSIBLE_AI:5","","IT","","","yes","","","","",""
"MSL-TR-learn.wwl.implement-lifecycle-management-governance-f","Implement lifecycle management and governance for Microsoft Teams","https://learn.microsoft.com/tr-tr/training/modules/implement-lifecycle-management-governance-for-microsoft-teams/","Microsoft Learn","Microsoft Learn","Learn about Teams lifecycle management and governance, including different features to govern Microsoft 365 Groups, ways to assign Teams policies, Teams preview features controls.","tr","","L2","INTERMEDIATE","1.12","yes","0","no","COMMUNICATION","","","GENERAL","","","yes","","","","",""
"MSL-TR-learn.wwl.compose-send-mail-new-outlook-windows","Compose and send mail in new Outlook for Windows","https://learn.microsoft.com/tr-tr/training/modules/compose-send-mail-new-outlook-windows/","Microsoft Learn","Microsoft Learn","You learn how to compose emails, handle attachments, and organize your inbox in the Outlook, highlighting the differences from the classic version. Learn how to search email threads and conversations more efficiently, work with shared mailboxes, and manage your emails offline.","tr","","L1","BEGINNER","0.47","yes","0","no","FOUNDATIONS","FUNDAMENTALS:4","","GENERAL","","","no","","","","",""
"MSL-TR-learn.wwl.manage-microsoft-365-copilot","Manage Microsoft 365 Copilot","https://learn.microsoft.com/tr-tr/training/modules/manage-microsoft-365-copilot/","Microsoft Learn","Microsoft Learn","This module focuses on how to effectively administer Microsoft 365 Copilot, which is vital for optimizing the performance and security of an organization's digital infrastructure.","tr","","L2","INTERMEDIATE","1.52","yes","0","no","PRODUCTIVITY","WORKPLACE:4","","IT","","","yes","","","","",""
"MSL-TR-learn.wwl.enroll-validate-devices-microsoft-intune","Enroll and validate devices with Microsoft Intune","https://learn.microsoft.com/tr-tr/training/modules/enroll-validate-devices-microsoft-intune/","Microsoft Learn","Microsoft Learn","Learn how to enroll devices in Microsoft Intune and validate successful enrollment using portal tools and troubleshooting techniques.","tr","","L2","INTERMEDIATE","0.67","yes","0","no","RESPONSIBLE_AI","RESPONSIBLE_AI:5","","IT","","","yes","","","","",""
"MSL-TR-learn-m365.viva-suite-introduction","Introduction to the Microsoft Viva suite","https://learn.microsoft.com/tr-tr/training/modules/viva-suite-introduction/","Microsoft Learn","Microsoft Learn","This module provides an introductory level overview of the general usage, and setup processes of the various Viva experiences that make up the Microsoft Viva suite. These include Viva Connections, Viva Learning, Viva Goals, Viva Insights, and more.","tr","","L1","BEGINNER","0.95","yes","0","no","PRODUCTIVITY","WORKPLACE:4","","HR","","","yes","","","","",""
"MSL-TR-learn.wwl.provision-brand-microsoft-365-tenant","Provision and brand a Microsoft 365 tenant","https://learn.microsoft.com/tr-tr/training/modules/provision-brand-microsoft-365-tenant/","Microsoft Learn","Microsoft Learn","Prepare a Microsoft 365 tenant for a new division by understanding its foundations, delegating administration, verifying a custom domain, configuring branding, and choosing organization settings.","tr","","L2","INTERMEDIATE","1.48","yes","0","no","TECHNICAL","TECHNICAL:5","","IT","","","yes","","","","",""
"MSL-TR-learn.wwl.establish-agent-identities-entra-agent-id","Establish agent identities and secure access with Microsoft Entra Agent ID","https://learn.microsoft.com/tr-tr/training/modules/establish-agent-identities-entra-agent-id/","Microsoft Learn","Microsoft Learn","Establish governed identities for AI agents using Microsoft Entra Agent ID—assign sponsors and Microsoft Entra owners, automate sponsor-transfer lifecycle transitions, and apply Conditional Access to secure agent access.","tr","","L4","ADVANCED","1.08","yes","0","no","RESPONSIBLE_AI","RESPONSIBLE_AI:5","","IT","","","yes","","","","",""
"MSL-TR-learn-m365.zero-trust-networks","Manage networks with Zero Trust","https://learn.microsoft.com/tr-tr/training/modules/zero-trust-networks/","Microsoft Learn","Microsoft Learn","Networks enable us to communicate with everyone, from sharing pictures and video chats to online shopping and banking. Protecting your network from cybercriminals can be demanding as many of us move to hybrid working. A Zero Trust strategy will help to keep your networks safe and your data secure.","tr","","L1","BEGINNER","0.32","yes","0","no","RESPONSIBLE_AI","RESPONSIBLE_AI:5","","IT","","","yes","","","","",""
"MSL-TR-learn.wwl.implement-sensitivity-labels-microsoft-365","Implement sensitivity labels","https://learn.microsoft.com/tr-tr/training/modules/implement-sensitivity-labels-microsoft-365/","Microsoft Learn","Microsoft Learn","This module examines the process for implementing sensitivity labels, including applying proper administrative permissions, determining a deployment strategy, creating, configuring, and publishing labels, and removing and deleting labels.","tr","","L2","INTERMEDIATE","0.75","yes","0","no","PRODUCTIVITY","WORKPLACE:4","","IT","","","yes","","","","",""
"MSL-TR-learn-m365.sharepoint-spfx-spcontent","Work with SharePoint Content using the SharePoint Framework","https://learn.microsoft.com/tr-tr/training/modules/sharepoint-spfx-spcontent/","Microsoft Learn","Microsoft Learn","Work with SharePoint content in SharePoint Framework projects using the SharePoint REST API, perform CRUD operations, and create mock data with the local workbench.","tr","","L2","INTERMEDIATE","1.07","yes","0","no","TECHNICAL","TECHNICAL:5","","IT","","","yes","","","","",""
"MSL-TR-learn-m365.audit-privacy","Understand Microsoft 365 privacy","https://learn.microsoft.com/tr-tr/training/modules/audit-privacy/","Microsoft Learn","Microsoft Learn","Learn about Microsoft 365 privacy standards, the reasons we have them in place, and how they differentiate Microsoft in protecting and respecting customer data.","tr","","L1","BEGINNER","0.65","yes","0","no","RESPONSIBLE_AI","RESPONSIBLE_AI:5","","IT","","","no","","","","",""
"MSL-TR-learn-m365.teams-toolkit-vsc-create-bot","Build a bot by using Teams Toolkit for Visual Studio Code","https://learn.microsoft.com/tr-tr/training/modules/teams-toolkit-vsc-create-bot/","Microsoft Learn","Microsoft Learn","A bot, commonly called a chat bot, uses a conversational interface that users can interact with by sending and receiving messages that contain text or interactive cards. Bots are highly flexible and can be used in many ways, such as sending messages proactively, carrying out actions when instructed to, and performing multiple-step workflows. Bots can also be used in many Microsoft Teams contexts, as a personal bot, in a one-to-one or group chat, in Teams channel conversations, or in Teams meeting chats.","tr","","L1","BEGINNER","0.25","yes","0","no","COMMUNICATION","","","GENERAL","","","yes","","","","",""
"MSL-TR-learn.wwl.work-smarter-with-microsoft-365-copilot-cha","Work smarter with Microsoft Copilot Chat","https://learn.microsoft.com/tr-tr/training/modules/work-smarter-with-microsoft-365-copilot-chat/","Microsoft Learn","Microsoft Learn","This module teaches you how to use Microsoft Copilot Chat's AI-powered features to enhance productivity, collaborate in real time, and streamline work within a secure, enterprise-ready environment.","tr","","L1","BEGINNER","0.93","yes","0","no","FOUNDATIONS","FUNDAMENTALS:4","","GENERAL","","","no","","","","",""
"MSL-TR-learn.wwl.get-tips-tricks-for-teach-ms-900-microsoft-","Get tips and tricks for teaching MS-900 Microsoft 365 Fundamentals","https://learn.microsoft.com/tr-tr/training/modules/get-tips-tricks-for-teach-ms-900-microsoft-365-fundamentals/","Microsoft Learn","Microsoft Learn","Get tips and tricks for teaching MS-900 Microsoft 365 Fundamentals","tr","","L1","BEGINNER","0.47","yes","0","no","TECHNICAL","TECHNICAL:5","","IT","","","yes","","","","",""
"MSL-TR-learn.wwl.apply-principles-zero-trust-microsoft-copil","Apply principles of Zero Trust to Microsoft Copilots","https://learn.microsoft.com/tr-tr/training/modules/apply-principles-zero-trust-microsoft-copilot/","Microsoft Learn","Microsoft Learn","This module equips learners with the knowledge and skills necessary to implement a robust Zero Trust security framework for their Microsoft 365 Copilot deployments.","tr","","L2","INTERMEDIATE","1.45","yes","0","no","FOUNDATIONS","FUNDAMENTALS:4","","IT","","","yes","","","","",""
"MSL-TR-learn-m365.service-adoption-intro","Introduction to the Microsoft service adoption framework","https://learn.microsoft.com/tr-tr/training/modules/m365-service-adoption-intro/","Microsoft Learn","Microsoft Learn","Overview of the service adoption framework and its application","tr","","L2","INTERMEDIATE","0.48","yes","0","no","PRODUCTIVITY","WORKPLACE:4","","GENERAL","","","yes","","","","",""
"MSL-TR-learn.wwl.get-started-no-code-copilot-agents-sharepoi","Get started with agents","https://learn.microsoft.com/tr-tr/training/modules/get-started-no-code-copilot-agents-sharepoint/","Microsoft Learn","Microsoft Learn","This module explains how agents in SharePoint and Microsoft Copilot Chat provide focused assistance grounded in approved knowledge sources.","tr","","L1","BEGINNER","0.45","yes","0","no","FOUNDATIONS","FUNDAMENTALS:4","","GENERAL","","","yes","","","","",""
"MSL-TR-learn.wwl.integrate-azure-virtual-desktop-intune","Integrate Azure Virtual Desktop with Microsoft Intune","https://learn.microsoft.com/tr-tr/training/modules/integrate-azure-virtual-desktop-intune/","Microsoft Learn","Microsoft Learn","Enroll Azure Virtual Desktop session hosts in Microsoft Intune, apply compliance and configuration policies, monitor and troubleshoot virtual desktops, and address governance, licensing, and hybrid scenarios.","tr","","L2","INTERMEDIATE","0.82","yes","0","no","TECHNICAL","TECHNICAL:5","","IT","","","yes","","","","",""
"MSL-TR-learn.viva.glint-setup-program-design","Learn how to set up Viva Glint","https://learn.microsoft.com/tr-tr/training/modules/viva-glint-learn-how-setup-viva-glint/","Microsoft Learn","Microsoft Learn","This module will guide you on how to set up the fundamental pieces of the Microsoft Viva Glint web application. Understanding these features and settings is a crucial first step to ensuring a successful launch of the survey program.","tr","","L1","BEGINNER","0.8","yes","0","no","LEADERSHIP","","","HR","","","yes","","","","",""
"MSL-TR-learn.wwl.govern-sharepoint-onedrive-copilot","Govern SharePoint and OneDrive for Microsoft Copilot","https://learn.microsoft.com/tr-tr/training/modules/govern-sharepoint-onedrive-copilot/","Microsoft Learn","Microsoft Learn","Configure SharePoint sites, permissions, and sharing settings, apply Restricted Content Discovery and Restricted Access Control, and explain how legacy Restricted SharePoint Search affects organization-wide discovery.","tr","","L4","ADVANCED","1.6","yes","0","no","TECHNICAL","TECHNICAL:5","","IT","","","yes","","","","",""
"MSL-TR-learn-m365.wvd-intro","Introduction to Azure Virtual Desktop","https://learn.microsoft.com/tr-tr/training/modules/m365-wvd-intro/","Microsoft Learn","Microsoft Learn","Learn how to use Azure Virtual Desktop to deliver remote desktop and remote app experiences in Microsoft Azure.","tr","","L2","INTERMEDIATE","0.47","yes","0","no","COMMUNICATION","","","GENERAL","","","yes","","","","",""
"MSL-TR-learn.wwl.explore-security-solutions-microsoft-365-de","Explore security solutions in Microsoft Defender XDR","https://learn.microsoft.com/tr-tr/training/modules/explore-security-solutions-microsoft-365-defender/","Microsoft Learn","Microsoft Learn","This module introduces you to several features in Microsoft 365 that can help protect your organization against cyberthreats, detect when a user or computer has been compromised, and monitor your organization for suspicious activities. MS-102","tr","","L2","INTERMEDIATE","0.65","yes","0","no","PRODUCTIVITY","WORKPLACE:4","","IT","","","yes","","","","",""
"MSL-TR-learn.wwl.manage-secure-access-microsoft-365","Manage secure user access in Microsoft 365","https://learn.microsoft.com/tr-tr/training/modules/manage-secure-access-microsoft-365/","Microsoft Learn","Microsoft Learn","This module examines the various features provided in the Microsoft 365 ecosystem for securing user access, such as Conditional Access policies, multifactor authentication, self-service password management, Smart Lockout policies, and security defaults.","tr","","L2","INTERMEDIATE","1.33","yes","0","no","PRODUCTIVITY","WORKPLACE:4","","IT","","","yes","","","","",""
"MSL-TR-learn.wwl.examine-data-governance-solutions-microsoft","Examine data governance solutions in Microsoft Purview","https://learn.microsoft.com/tr-tr/training/modules/examine-data-governance-solutions-microsoft-purview/","Microsoft Learn","Microsoft Learn","This module introduces Microsoft Purview, which is designed to meet the challenges of today’s decentralized, data-rich workplace by providing a comprehensive set of solutions that help organizations govern, protect, and manage their entire data estate. MS-102","tr","","L2","INTERMEDIATE","0.82","yes","0","no","PRODUCTIVITY","WORKPLACE:4","","IT","","","yes","","","","",""
"MSL-TR-learn.wwl.introduction-develop-ai-agents","Introduction to developing AI agents","https://learn.microsoft.com/tr-tr/training/modules/introduction-develop-ai-agents/","Microsoft Learn","Microsoft Learn","Explore what AI agents are, understand their core components, and discover a range of impactful use cases driving AI-powered transformation.","tr","","L1","BEGINNER","0.3","yes","0","no","GENERATIVE_AI","FUNDAMENTALS:2,WORKPLACE:3","","GENERAL","","","yes","","","","",""
"MSL-TR-learn.wwl.explore-archiving-records-management","Explore archiving and records management in Microsoft 365","https://learn.microsoft.com/tr-tr/training/modules/explore-archiving-records-management/","Microsoft Learn","Microsoft Learn","This module examines how Microsoft 365 supports data governance by enabling organizations to archive content by using archive mailboxes, and manage their high-value content for legal, business, or regulatory obligations by implementing records management. MS-102","tr","","L2","INTERMEDIATE","0.58","yes","0","no","PRODUCTIVITY","WORKPLACE:4","","IT","","","yes","","","","",""
"MSL-TR-learn.wwl.provision-govern-identities-entra","Provision and govern identities in Microsoft Entra","https://learn.microsoft.com/tr-tr/training/modules/provision-govern-identities-entra/","Microsoft Learn","Microsoft Learn","Provision and govern users, guests, groups, and privileged roles in Microsoft Entra using least-privilege administrative units, Privileged Identity Management, and Microsoft Graph PowerShell.","tr","","L2","INTERMEDIATE","1.67","yes","0","no","RESPONSIBLE_AI","RESPONSIBLE_AI:5","","IT","","","yes","","","","",""
"MSL-TR-learn.wwl.protect-data-control-access-intune-conditio","Protect data and control access with Microsoft Intune and Conditional Access","https://learn.microsoft.com/tr-tr/training/modules/protect-data-control-access-intune-conditional-access/","Microsoft Learn","Microsoft Learn","Learn how to protect organizational data with app protection policies and control resource access using Conditional Access policies integrated with device compliance.","tr","","L2","INTERMEDIATE","1.1","yes","0","no","RESPONSIBLE_AI","RESPONSIBLE_AI:5","","IT","","","yes","","","","",""
"MSL-TR-learn.wwl.plan-design-ai-agent-solution","Plan an AI agent solution","https://learn.microsoft.com/tr-tr/training/modules/plan-design-ai-agent-solution/","Microsoft Learn","Microsoft Learn","Plan a complete AI agent solution on Microsoft's agent platform — from defining outcomes and success metrics to mapping data sources and workflows, choosing interaction patterns and channels, and establishing an identity, governance, and responsible AI posture.","tr","","L2","INTERMEDIATE","0.75","yes","0","no","FOUNDATIONS","FUNDAMENTALS:4","","GENERAL","","","yes","","","","",""
"MSL-TR-learn.wwl.empower-workforce-copilot-hr","Empower your workforce with Microsoft Copilot: HR","https://learn.microsoft.com/tr-tr/training/modules/empower-workforce-copilot-hr/","Microsoft Learn","Microsoft Learn","Complete a series of exercises to build your Microsoft Copilot skills in HR-related business scenarios.","tr","","L1","BEGINNER","1.38","yes","0","no","FOUNDATIONS","FUNDAMENTALS:4","","GENERAL","","","yes","","","","",""
"MSL-TR-learn-m365.edu-deploy-applications","Deploy applications using Microsoft Intune and Intune for Education","https://learn.microsoft.com/tr-tr/training/modules/education-deploy-applications/","Microsoft Learn","Microsoft Learn","This module introduces you to the Microsoft Store for Education from which you can deploy both free and paid-for apps. These apps can be either Windows or iOS apps. Learn how to configure Microsoft Entra requirements needed in this environment.","tr","","L1","BEGINNER","0.4","yes","0","no","PRODUCTIVITY","WORKPLACE:4","","GENERAL","","","yes","","","","",""
"MSL-TR-learn.wwl.make-your-meetings-more-productive-ai","Make your meetings more productive with AI","https://learn.microsoft.com/tr-tr/training/modules/make-your-meetings-more-productive-ai/","Microsoft Learn","Microsoft Learn","Apply Copilot and the Facilitator agent in Microsoft Teams to run structured, outcome-driven meetings, from agenda setup and real-time AI notes to Intelligent Recap and audio recap.","tr","","L2","INTERMEDIATE","0.72","yes","0","no","FOUNDATIONS","FUNDAMENTALS:4","","IT","","","yes","","","","",""
"MSL-TR-learn.wwl.configure-manage-windows-365-intune","Configure and manage Windows 365 with Microsoft Intune","https://learn.microsoft.com/tr-tr/training/modules/configure-manage-windows-365-intune/","Microsoft Learn","Microsoft Learn","Configure Windows 365 provisioning policies, assign and manage Cloud PCs, apply configuration profiles and security policies, and monitor Cloud PC usage, performance, and health with Microsoft Intune.","tr","","L2","INTERMEDIATE","0.85","yes","0","no","TECHNICAL","TECHNICAL:5","","IT","","","yes","","","","",""
"MSL-TR-learn.wwl.implement-threat-protection-use-microsoft-d","Implement threat protection by using Microsoft Defender for Office 365","https://learn.microsoft.com/tr-tr/training/modules/implement-threat-protection-use-microsoft-defender-office-365/","Microsoft Learn","Microsoft Learn","This module examines the Microsoft Defender for Office 365 protection stack and its corresponding threat intelligence features, including Threat Explorer, Threat Trackers, and Attack simulation training. MS-102","tr","","L2","INTERMEDIATE","0.58","yes","0","no","PRODUCTIVITY","WORKPLACE:4","","IT","","","yes","","","","",""
"MSL-TR-learn.viva.glint-learn-about-program-design","Learn about Viva Glint program design","https://learn.microsoft.com/tr-tr/training/modules/viva-glint-learn-about-viva-glint-program-design/","Microsoft Learn","Microsoft Learn","This module walks you through the fundamental elements of Viva Glint program design. Understanding this methodology is crucial to designing a listening strategy and feedback program that works well for your organization.","tr","","L1","BEGINNER","0.85","yes","0","no","LEADERSHIP","","","HR","","","yes","","","","",""
"MSL-TR-learn.wwl.troubleshoot-audio-video-client-issues","Troubleshoot audio, video, and client issues","https://learn.microsoft.com/tr-tr/training/modules/troubleshoot-audio-video-client-issues/","Microsoft Learn","Microsoft Learn","Learn about the troubleshooting approaches for audio, video, and client issues in Teams, including collecting appropriate logs and identifying problems with different reports and dashboards.","tr","","L2","INTERMEDIATE","0.9","yes","0","no","COMMUNICATION","","","GENERAL","","","yes","","","","",""
"MSL-TR-learn.wwl.implement-app-protection-use-microsoft-defe","Implement app protection by using Microsoft Defender for Cloud Apps","https://learn.microsoft.com/tr-tr/training/modules/implement-app-protection-use-microsoft-defender-cloud-apps/","Microsoft Learn","Microsoft Learn","This module examines how to implement Microsoft Defender for Cloud Apps, which identifies and combats cyberthreats across all your Microsoft and third-party cloud services. MS-102","tr","","L2","INTERMEDIATE","0.73","yes","0","no","PRODUCTIVITY","WORKPLACE:4","","IT","","","yes","","","","",""
"MSL-TR-learn.wwl.prepare-microsoft-entra-id-intune-device-ma","Prepare Microsoft Entra ID and Intune for device management","https://learn.microsoft.com/tr-tr/training/modules/prepare-microsoft-entra-id-intune-device-management/","Microsoft Learn","Microsoft Learn","Learn how to prepare Microsoft Entra ID for device management and implement various device enrollment methods in Microsoft Intune.","tr","","L2","INTERMEDIATE","0.48","yes","0","no","RESPONSIBLE_AI","RESPONSIBLE_AI:5","","IT","","","yes","","","","",""
"MSL-TR-learn.wwl.explore-zero-trust-security-model","Explore the Zero Trust security model","https://learn.microsoft.com/tr-tr/training/modules/explore-zero-trust-security-model/","Microsoft Learn","Microsoft Learn","This module examines the concepts and principles of the Zero Trust security model, as well as how Microsoft 365 supports it, and how your organization can implement it. MS-102","tr","","L2","INTERMEDIATE","0.5","yes","0","no","PRODUCTIVITY","WORKPLACE:4","","IT","","","yes","","","","",""
"MSL-TR-learn-m365.zero-trust-data","Protect data with Zero Trust","https://learn.microsoft.com/tr-tr/training/modules/zero-trust-data/","Microsoft Learn","Microsoft Learn","Zero Trust isn't a tool or product, it's an essential security strategy, with data at its core.  Here, you'll learn how to identify and protect your data using a Zero Trust approach.","tr","","L1","BEGINNER","0.25","yes","0","no","RESPONSIBLE_AI","RESPONSIBLE_AI:5","","IT","","","yes","","","","",""
"MSL-TR-learn-m365.audit-governance","Understand Microsoft 365 governance","https://learn.microsoft.com/tr-tr/training/modules/audit-governance/","Microsoft Learn","Microsoft Learn","Learn how Microsoft implements organization-wide security and privacy governance to support the secure operation of Microsoft 365 services and maintain compliance with regulatory requirements and customer commitments.","tr","","L1","BEGINNER","0.47","yes","0","no","RESPONSIBLE_AI","RESPONSIBLE_AI:5","","GENERAL","","","no","","","","",""
"MSL-TR-learn.wwl.empower-workforce-microsoft-365-copilot-cus","Empower your workforce with Microsoft Copilot: Customer Service","https://learn.microsoft.com/tr-tr/training/modules/empower-workforce-microsoft-365-copilot-customer-service-use-case/","Microsoft Learn","Microsoft Learn","Complete a series of exercises to build your Microsoft Copilot skills in Customer Service-related business scenarios.","tr","","L1","BEGINNER","1.43","yes","0","no","FOUNDATIONS","FUNDAMENTALS:4","","GENERAL","","","yes","","","","",""
"MSL-TR-learn.wwl.explore-threat-intelligence-microsoft-365-d","Explore threat intelligence in Microsoft Defender XDR","https://learn.microsoft.com/tr-tr/training/modules/explore-threat-intelligence-microsoft-365-defender/","Microsoft Learn","Microsoft Learn","This module examines how Microsoft 365 Threat Intelligence provides admins with evidence-based knowledge and actionable advice that can be used to make informed decisions about protecting and responding to cyber-attacks against their tenants. MS-102","tr","","L2","INTERMEDIATE","0.88","yes","0","no","PRODUCTIVITY","WORKPLACE:4","","IT","","","yes","","","","",""
"MSL-TR-learn-m365.zero-trust-introduction","Introduction to Zero Trust","https://learn.microsoft.com/tr-tr/training/modules/zero-trust-introduction/","Microsoft Learn","Microsoft Learn","In recent years, the Zero Trust concept has emerged as a go-to security solution for organizations big or small. The Zero Trust approach is a combination of modern technologies and best practices that strengthens the security infrastructure within your organization.","tr","","L1","BEGINNER","0.27","yes","0","no","RESPONSIBLE_AI","RESPONSIBLE_AI:5","","IT","","","yes","","","","",""
"MSL-TR-learn-m365.service-adoption-start","Service adoption framework - Phase 1, Start","https://learn.microsoft.com/tr-tr/training/modules/m365-service-adoption-start/","Microsoft Learn","Microsoft Learn","In the first phase of the service adoption framework, Start, you gather organizational objectives and build out your strategy and deployment plan.","tr","","L2","INTERMEDIATE","0.75","yes","0","no","PRODUCTIVITY","WORKPLACE:4","","MANAGEMENT","","","yes","","","","",""
"MSL-TR-learn-m365.zero-trust-identities","Describe identities in Zero Trust","https://learn.microsoft.com/tr-tr/training/modules/zero-trust-identities/","Microsoft Learn","Microsoft Learn","With the advent of cloud applications and the increase in employees working remotely, or bringing their own devices, it's critical to verify identities with strong authentication and ensure access is compliant.","tr","","L1","BEGINNER","0.25","yes","0","no","RESPONSIBLE_AI","RESPONSIBLE_AI:5","","IT","","","yes","","","","",""
"MSL-TR-learn-m365.wwl.draft-refine-business-content.","Draft and refine business content using Microsoft Copilot","https://learn.microsoft.com/tr-tr/training/modules/draft-refine-business-content/","Microsoft Learn","Microsoft Learn","Learn how to use Microsoft Copilot to draft, edit, and enhance your content.","tr","","L1","BEGINNER","1.12","yes","0","no","FOUNDATIONS","FUNDAMENTALS:4","","GENERAL","","","yes","","","","",""
"MSL-TR-learn.wwl.introduce-troubleshooting-microsoft-teams","Introduce troubleshooting Microsoft Teams","https://learn.microsoft.com/tr-tr/training/modules/introduce-troubleshoot-microsoft-teams/","Microsoft Learn","Microsoft Learn","Describe the role of the Teams administrator. Identify common Teams problems. Explain how to approach the resolution process with Microsoft Teams.","tr","","L4","ADVANCED","0.72","yes","0","no","COMMUNICATION","","","GENERAL","","","yes","","","","",""
"MSL-TR-learn-m365.audit-resiliency-continuity","Understand Microsoft Online Services resiliency and continuity","https://learn.microsoft.com/tr-tr/training/modules/audit-resiliency-continuity/","Microsoft Learn","Microsoft Learn","Learn how Microsoft builds resilient cloud services to meet customer expectations in the face of faults and challenges to normal operations, maintains optimal service availability, and fulfills business continuity requirements.","tr","","L1","BEGINNER","0.5","yes","0","no","PRODUCTIVITY","WORKPLACE:4","","GENERAL","","","no","","","","",""
"MSL-TR-learn.copilot-declarative-agent-api-plugin-intro","Introduction to actions with API plugins for declarative agents","https://learn.microsoft.com/tr-tr/training/modules/copilot-declarative-agent-api-plugin-intro/","Microsoft Learn","Microsoft Learn","Determine the scenarios for which actions for declarative agents with API plugins are suitable. Describe the function of API plugins.","tr","","L1","BEGINNER","0.25","yes","0","no","FOUNDATIONS","FUNDAMENTALS:4","","MANAGEMENT","","","yes","","","","",""
"MSL-TR-learn.wwl.prepare-synchronization-microsoft-365","Prepare for identity synchronization to Microsoft 365","https://learn.microsoft.com/tr-tr/training/modules/prepare-synchronization-microsoft-365/","Microsoft Learn","Microsoft Learn","This module examines all the planning aspects that must be considered when implementing directory synchronization between on-premises Active Directory and Microsoft Entra ID.","tr","","L2","INTERMEDIATE","0.72","yes","0","no","PRODUCTIVITY","WORKPLACE:4","","IT","","","yes","","","","",""
"MSL-TR-learn.wwl.guided-project-prepare-meeting-room-experie","Guided project - Prepare meeting room experiences","https://learn.microsoft.com/tr-tr/training/modules/guided-project-prepare-meeting-room-experiences/","Microsoft Learn","Microsoft Learn","In this module, you'll prepare your Microsoft 365 developer tenant to be ready for the usage of Microsoft Teams Rooms. You'll create the tenant from scratch, change security related settings, and prepare Microsoft Teams Rooms specific tasks.","tr","","L2","INTERMEDIATE","0.83","yes","0","no","COMMUNICATION","","","GENERAL","","","yes","","","","",""
"MSL-TR-learn.wwl.manage-synchronized","Manage synchronized identities","https://learn.microsoft.com/tr-tr/training/modules/manage-synchronized/","Microsoft Learn","Microsoft Learn","This module examines how to manage user identities when you configure Microsoft Entra Connect Sync, how to manage users and groups in Microsoft 365 with Microsoft Entra Connect Sync, and how to maintain directory synchronization.","tr","","L2","INTERMEDIATE","0.77","yes","0","no","PRODUCTIVITY","WORKPLACE:4","","IT","","","yes","","","","",""
"MSL-TR-learn.wwl.configure-deploy-direct-routing","Configure and deploy Teams Phone with Direct Routing","https://learn.microsoft.com/tr-tr/training/modules/configure-deploy-direct-routing/","Microsoft Learn","Microsoft Learn","In this module, you'll learn how administrators configure Teams Phone with Direct Routing to meet user needs for telephony through a PSTN.","tr","","L4","ADVANCED","0.97","yes","0","no","COMMUNICATION","","","GENERAL","","","yes","","","","",""
"MSL-TR-learn-m365.service-adoption-scale","Service adoption framework - Phase 3, Scale","https://learn.microsoft.com/tr-tr/training/modules/m365-service-adoption-scale/","Microsoft Learn","Microsoft Learn","Learn about the third phase of the service adoption framework, Scale.","tr","","L2","INTERMEDIATE","0.37","yes","0","no","PRODUCTIVITY","WORKPLACE:4","","MANAGEMENT","","","yes","","","","",""
"MSL-TR-learn.wwl.examine-privileged-identity-management","Examine Privileged Identity Management in Microsoft Entra ID","https://learn.microsoft.com/tr-tr/training/modules/examine-privileged-identity-management/","Microsoft Learn","Microsoft Learn","This module examines how Microsoft Entra Privileged Identity Management (PIM) ensures users in your organization have just the right privileges to perform the tasks they need to accomplish.","tr","","L2","INTERMEDIATE","0.35","yes","0","no","PRODUCTIVITY","WORKPLACE:4","","IT","","","yes","","","","",""
"MSL-TR-learn.wwl.manage-apps-for-microsoft-teams","Manage apps for Microsoft Teams","https://learn.microsoft.com/tr-tr/training/modules/manage-apps-for-microsoft-teams/","Microsoft Learn","Microsoft Learn","Learn about different settings and policies to manage Teams apps, including which apps are allowed to install, which apps are pinned to users' app bar, and whether users can upload custom apps.","tr","","L2","INTERMEDIATE","1.37","yes","0","no","COMMUNICATION","","","GENERAL","","","yes","","","","",""
"MSL-TR-learn.viva-glint-introduction-viva-glint","Introduction to Microsoft Viva Glint","https://learn.microsoft.com/tr-tr/training/modules/viva-glint-introduction-viva-glint/","Microsoft Learn","Microsoft Learn","This module describes Viva Glint, how organizations can utilize the application to fuel engagement and business success, and how users across the organization interact with it.","tr","","L1","BEGINNER","0.55","yes","0","no","LEADERSHIP","","","HR","","","yes","","","","",""
"MSL-TR-learn-m365.copilot-extensibility-intro","Get started with Microsoft 365 Copilot extensibility","https://learn.microsoft.com/tr-tr/training/modules/copilot-extensibility-intro/","Microsoft Learn","Microsoft Learn","Learn what Microsoft 365 Copilot is and why you should consider extending it. Learn about the different options that you have for extending Microsoft 365 Copilot.","tr","","L1","BEGINNER","0.25","yes","0","no","COMMUNICATION","","","MANAGEMENT","","","yes","","","","",""
"MSL-TR-learn.wwl.configure-troubleshoot-microsoft-teams-clie","Configure and troubleshoot Microsoft Teams clients and services","https://learn.microsoft.com/tr-tr/training/modules/configure-troubleshoot-microsoft-teams-clients-services/","Microsoft Learn","Microsoft Learn","Learn how to deploy, configure, and maintain Teams client software, and how to troubleshoot Teams client startup and performance issues. Learn how to configure and troubleshoot Microsoft Audio Conferencing, call setup and troubleshoot phone system issues.","tr","","L4","ADVANCED","1.05","yes","0","no","COMMUNICATION","","","GENERAL","","","yes","","","","",""
"MSL-TR-learn.wwl.explore-azure-virtual-desktop","Explore Azure Virtual Desktop","https://learn.microsoft.com/tr-tr/training/modules/explore-azure-virtual-desktop/","Microsoft Learn","Microsoft Learn","Explore Azure Virtual Desktop architecture, compare it with Windows 365, and learn how host pools, session hosts, and scaling deliver virtualized Windows desktops and apps from Azure.","tr","","L2","INTERMEDIATE","0.72","yes","0","no","TECHNICAL","TECHNICAL:5","","IT","","","yes","","","","",""
"MSL-TR-learn-m365.msgraph-intro-overview","What is Microsoft Graph?","https://learn.microsoft.com/tr-tr/training/modules/msgraph-intro-overview/","Microsoft Learn","Microsoft Learn","Microsoft Graph provides access to data stored across Microsoft 365 services. Custom applications can use the Microsoft Graph API to connect to data and use it in custom applications to enhance organizational productivity.","tr","","L1","BEGINNER","0.33","yes","0","no","PRODUCTIVITY","WORKPLACE:4","","GENERAL","","","yes","","","","",""
"MSL-TR-learn.wwl.empower-workforce-copilot-challenge","Empower your workforce with Microsoft Copilot: Challenge use case","https://learn.microsoft.com/tr-tr/training/modules/empower-workforce-copilot-challenge/","Microsoft Learn","Microsoft Learn","This module challenges learners by having them use Microsoft Copilot to address various business scenarios without the aid of step-by-step instructions. Learners should apply the knowledge they acquired over the previous seven Use Case modules to complete each exercise.","tr","","L1","BEGINNER","1.47","yes","0","no","FOUNDATIONS","FUNDAMENTALS:4","","GENERAL","","","yes","","","","",""
"MSL-TR-learn-m365.sharepoint-spfx-teams-dev","Build Microsoft Teams customization using the SharePoint Framework","https://learn.microsoft.com/tr-tr/training/modules/sharepoint-spfx-teams-dev/","Microsoft Learn","Microsoft Learn","Learn how to host SharePoint Framework web parts as tabs in Microsoft Teams, detect where a component is running, and configure its tab settings.","tr","","L2","INTERMEDIATE","1.15","yes","0","no","PRODUCTIVITY","WORKPLACE:4","","GENERAL","","","yes","","","","",""
"MSL-TR-learn-m365.wvd-security","Secure an Azure Virtual Desktop deployment","https://learn.microsoft.com/tr-tr/training/modules/m365-wvd-security/","Microsoft Learn","Microsoft Learn","Introduction to Microsoft security capabilities that can help keep your applications and data secure in your Azure Virtual Desktop deployment.","tr","","L1","BEGINNER","0.93","yes","0","no","COMMUNICATION","","","IT","","","yes","","","","",""
"MSL-TR-learn-m365.wwl.purview-ai-data-compliance","Manage compliance with Microsoft Purview for Microsoft 365 Copilot","https://learn.microsoft.com/tr-tr/training/modules/purview-ai-data-compliance/","Microsoft Learn","Microsoft Learn","This module focuses on using Microsoft Purview for compliance management with Microsoft 365 Copilot. You'll learn how to handle compliance aspects of Copilot's AI functionalities through Purview.","tr","","L2","INTERMEDIATE","0.62","yes","0","no","DATA","DATA_AUTOMATION:4","","IT","","","yes","","","","",""
"MSL-TR-learn-m365.viva-connections-extend-with-adaptive-card","Extend Microsoft Viva Connections with Adaptive Card Extensions","https://learn.microsoft.com/tr-tr/training/modules/viva-connections-extend-with-adaptive-card-extensions/","Microsoft Learn","Microsoft Learn","Learn how to extend Viva Connections with custom Adaptive Card Extensions using nothing but your existing web development skills. You'll learn about the scenarios where they're most suitable and how to build them.","tr","","L1","BEGINNER","0.45","yes","0","no","LEADERSHIP","","","HR","","","yes","","","","",""
"MSL-TR-learn.wwl.configure-deploy-manage-teams-devices","Configure, deploy, and manage Teams devices","https://learn.microsoft.com/tr-tr/training/modules/configure-deploy-manage-teams-devices/","Microsoft Learn","Microsoft Learn","Teams devices provide a familiar experience and are essential for a hybrid workspace. Learn how to provision and manage devices, and associated device accounts.","tr","","L4","ADVANCED","1.37","yes","0","no","COMMUNICATION","","","GENERAL","","","yes","","","","",""
"MSL-TR-learn.wwl.implement-data-loss-prevention-policies-mic","Implement Microsoft Purview Data Loss Prevention","https://learn.microsoft.com/tr-tr/training/modules/implement-data-loss-prevention-policies-microsoft-365/","Microsoft Learn","Microsoft Learn","This module examines how organizations can use Microsoft Purview Data Loss Prevention to help protect sensitive data and define the protective actions that organizations can take when a DLP rule is violated. MS-102","tr","","L2","INTERMEDIATE","0.9","yes","0","no","PRODUCTIVITY","WORKPLACE:4","","IT","","","yes","","","","",""
"MSL-TR-learn-m365.sharepoint-spfx-adaptive-card-extension-ca","Create Adaptive Card Extensions (ACE) for Microsoft Viva Connections","https://learn.microsoft.com/tr-tr/training/modules/sharepoint-spfx-adaptive-card-extension-card-types/","Microsoft Learn","Microsoft Learn","This module will teach you how to create custom Adaptive Card Extensions (ACEs) with the SharePoint Framework (SPFx) for Viva Connections dashboards. These ACEs will work in all Viva Connections clients, including desktop and mobile apps.","tr","","L2","INTERMEDIATE","1.93","yes","0","no","TECHNICAL","TECHNICAL:5","","IT","","","yes","","","","",""
"MSL-TR-learn-m365.audit-physical-security","Understand Microsoft datacenter security","https://learn.microsoft.com/tr-tr/training/modules/audit-physical-security/","Microsoft Learn","Microsoft Learn","Learn how Microsoft uses Defense-In-Depth to secure our datacenters against unauthorized access, environmental hazards, and other physical threats, as well as how Microsoft implements resilient architecture, business continuity, and disaster recovery to maintain the availability of our services.","tr","","L1","BEGINNER","0.5","yes","0","no","RESPONSIBLE_AI","RESPONSIBLE_AI:5","","IT","","","no","","","","",""
"MSL-TR-learn.wwl.implement-authentication-access-entra","Implement authentication and access in Microsoft Entra","https://learn.microsoft.com/tr-tr/training/modules/implement-authentication-access-entra/","Microsoft Learn","Microsoft Learn","Configure authentication methods, Password Protection, self-service password reset, and Conditional Access policies that respond to sign-in risk, user risk, and device compliance, and investigate authentication issues using the Sign-in logs, Sign-in diagnostic, and What If tool.","tr","","L4","ADVANCED","1.48","yes","0","no","RESPONSIBLE_AI","RESPONSIBLE_AI:5","","IT","","","yes","","","","",""
"MSL-TR-learn-m365.zero-trust-endpoints","Secure endpoints with Zero Trust","https://learn.microsoft.com/tr-tr/training/modules/zero-trust-endpoints/","Microsoft Learn","Microsoft Learn","Learn how to use Zero Trust to secure endpoints to protect your organization and its users.","tr","","L1","BEGINNER","0.25","yes","0","no","RESPONSIBLE_AI","RESPONSIBLE_AI:5","","IT","","","yes","","","","",""
"MSL-TR-learn-m365-pr.introduction-to-microsoft-defender-for-","Introduction to Microsoft Defender for Endpoint","https://learn.microsoft.com/tr-tr/training/modules/m365-introduction-defender-endpoint/","Microsoft Learn","Microsoft Learn","Learn about Microsoft Defender for Endpoint and its key capabilities, such as threat and vulnerability management, attack surface reduction, automated investigation and remediation, endpoint detection and response, and more.","tr","","L1","BEGINNER","0.37","yes","0","no","RESPONSIBLE_AI","RESPONSIBLE_AI:5","","IT","","","yes","","","","",""
"MSL-TR-learn.wwl.configure-administrative-microsoft-365","Configure administrative roles in Microsoft 365","https://learn.microsoft.com/tr-tr/training/modules/configure-administrative-microsoft-365/","Microsoft Learn","Microsoft Learn","This module examines the key functionality that's available in the more commonly used Microsoft 365 admin roles. It also provides instruction on how to configure these roles.","tr","","L2","INTERMEDIATE","0.62","yes","0","no","PRODUCTIVITY","WORKPLACE:4","","IT","","","yes","","","","",""
"MSL-TR-learn.wwl.troubleshoot-microsoft-teams-meetings-live-","Troubleshoot Microsoft Teams meetings live events and messaging","https://learn.microsoft.com/tr-tr/training/modules/troubleshoot-microsoft-teams-meetings-live-events-messaging/","Microsoft Learn","Microsoft Learn","Learn how to troubleshoot meeting creation, attendee access, meeting recording issues, and content sharing. Learn how to optimize live events, and how to troubleshoot messaging issues.","tr","","L4","ADVANCED","0.78","yes","0","no","COMMUNICATION","","","GENERAL","","","yes","","","","",""
"MSL-TR-learn.wwl.empower-workforce-copilot-sales","Empower your workforce with Microsoft Copilot: Sales","https://learn.microsoft.com/tr-tr/training/modules/empower-workforce-copilot-sales/","Microsoft Learn","Microsoft Learn","Complete a series of exercises to build your Microsoft Copilot skills for common sales scenarios.","tr","","L1","BEGINNER","1.42","yes","0","no","FOUNDATIONS","FUNDAMENTALS:4","","GENERAL","","","yes","","","","",""
"MSL-TR-learn.wwl.delegate-ongoing-work-autopilot-copilot","Delegate ongoing work to Autopilot in Microsoft Copilot","https://learn.microsoft.com/tr-tr/training/modules/delegate-ongoing-work-autopilot-copilot/","Microsoft Learn","Microsoft Learn","Learn how to decide which ongoing work to delegate to Autopilot in Microsoft Copilot, write a brief that keeps working, grant the right level of authority, and check the results.","tr","","L1","BEGINNER","0.53","yes","0","no","FOUNDATIONS","FUNDAMENTALS:4","","GENERAL","","","no","","","","",""
"MSL-TR-learn.viva-glint-navigate-viva-glint-results","Navigate your Viva Glint results","https://learn.microsoft.com/tr-tr/training/modules/viva-glint-navigate-viva-glint-results/","Microsoft Learn","Microsoft Learn","Designed for Viva Glint users, this module guides you through the various dashboards and reports available on the Viva Glint app. Understanding each element of Viva Glint allows you to utilize the powerful analytics available within the app.","tr","","L1","BEGINNER","0.93","yes","0","no","LEADERSHIP","","","HR","","","yes","","","","",""
"MSL-TR-learn.wwl.extend-declarative-agents-prompt-actions-co","Extend declarative agents with prompt tools in Copilot Studio","https://learn.microsoft.com/tr-tr/training/modules/extend-declarative-agents-prompt-actions-copilot-studio/","Microsoft Learn","Microsoft Learn","Customize your declarative agent's generative responses by extending your agent with prompt tools. Craft custom prompts, test your prompts against the LLM, and add prompt tools to declarative agents that extend Microsoft Copilot.","tr","","L2","INTERMEDIATE","0.58","yes","0","no","PRODUCTIVITY","WORKPLACE:4","","GENERAL","","","no","","","","",""
"MSL-TR-learn.wwl.plan-teams-phone-system","Plan for Microsoft Teams Phone","https://learn.microsoft.com/tr-tr/training/modules/plan-teams-phone-system/","Microsoft Learn","Microsoft Learn","Learn about Microsoft Teams Phone and what is needed to make and receive phone calls, plan for Teams Phone devices, features, and cloud voicemail.","tr","","L4","ADVANCED","0.67","yes","0","no","COMMUNICATION","","","GENERAL","","","yes","","","","",""
"MSL-TR-learn.viva-glint-360-feedback-understand","Understand Viva Glint’s approach to 360 feedback","https://learn.microsoft.com/tr-tr/training/modules/viva-glint-understand-viva-glint-approach-360-feedback/","Microsoft Learn","Microsoft Learn","This module will provide you with the prerequisite knowledge designed to help you understand the foundations of a Viva Glint 360 feedback program.","tr","","L1","BEGINNER","0.37","yes","0","no","LEADERSHIP","","","HR","","","yes","","","","",""
"MSL-TR-learn-m365-pr.combine-external-applications-customize","Combine external applications for more customized productions with Microsoft 365","https://learn.microsoft.com/tr-tr/training/modules/m365-combine-external-applications-customized-productions/","Microsoft Learn","Microsoft Learn","Learn how to create professional and engaging presentations for large audiences in Microsoft Teams. ","tr","","L1","BEGINNER","0.6","yes","0","no","COMMUNICATION","","","GENERAL","","","yes","","","","",""
"MSL-TR-learn.wwl.manage-safe-links-microsoft-365","Manage Safe Links","https://learn.microsoft.com/tr-tr/training/modules/manage-safe-links-microsoft-365/","Microsoft Learn","Microsoft Learn","This module examines how to manage Safe Links in your tenant by creating and configuring policies and using transport rules to disable a policy from taking effect in certain scenarios. MS-102","tr","","L2","INTERMEDIATE","0.68","yes","0","no","PRODUCTIVITY","WORKPLACE:4","","IT","","","yes","","","","",""
"MSL-TR-learn-m365.viva-connections-get-started","Get started with Microsoft Viva Connections","https://learn.microsoft.com/tr-tr/training/modules/viva-connections-get-started/","Microsoft Learn","Microsoft Learn","Learn what Microsoft Viva Connections is, how your organization will benefit from using it, and how to enable it in your Microsoft 365 tenant.","tr","","L1","BEGINNER","0.27","yes","0","no","PRODUCTIVITY","WORKPLACE:4","","HR","","","yes","","","","",""
"MSL-TR-learn.wwl.empower-workforce-microsoft-365-copilot-leg","Empower your workforce with Microsoft Copilot: Legal","https://learn.microsoft.com/tr-tr/training/modules/empower-workforce-microsoft-365-copilot-legal-use-case/","Microsoft Learn","Microsoft Learn","Complete a series of exercises to build your Microsoft Copilot skills in Legal-related business scenarios.","tr","","L1","BEGINNER","1.58","yes","0","no","FOUNDATIONS","FUNDAMENTALS:4","","GENERAL","","","yes","","","","",""
"MSL-TR-learn.wwl.draft-impactful-documents-using-ai","Draft impactful documents using AI","https://learn.microsoft.com/tr-tr/training/modules/draft-impactful-documents-using-ai/","Microsoft Learn","Microsoft Learn","Learn how to use Copilot in Microsoft Word to draft, edit, and enhance your content.","tr","","L2","INTERMEDIATE","0.58","yes","0","no","FOUNDATIONS","FUNDAMENTALS:4","","IT","","","yes","","","","",""
"MSL-TR-learn.wwl.prevent-data-loss-lifecycle-purview","Prevent data loss and govern the data lifecycle with Microsoft Purview","https://learn.microsoft.com/tr-tr/training/modules/prevent-data-loss-lifecycle-purview/","Microsoft Learn","Microsoft Learn","Specify data loss prevention requirements across Microsoft 365 workloads and Microsoft Copilot, respond to DLP alerts, specify data lifecycle management requirements, and monitor AI activity using Data Security Posture Management (DSPM) for AI.","tr","","L4","ADVANCED","1.68","yes","0","no","RESPONSIBLE_AI","RESPONSIBLE_AI:5","","GENERAL","","","yes","","","","",""
"MSL-TR-learn-m365.m365-messaging-manage-compliance","Manage compliance in Microsoft 365 and Exchange Online","https://learn.microsoft.com/tr-tr/training/modules/m365-messaging-manage-compliance/","Microsoft Learn","Microsoft Learn","Learn how compliance works in Exchange Online. Learn how to use retention and data loss prevention policies to keep the data and communications you're required to maintain, how to find that data and communications, and how to ensure you're ready for an audit.","tr","","L2","INTERMEDIATE","0.73","yes","0","no","RESPONSIBLE_AI","RESPONSIBLE_AI:5","","GENERAL","","","yes","","","","",""
"MSL-TR-learn.wwl.configure-manage-voice-users","Configure and manage voice users","https://learn.microsoft.com/tr-tr/training/modules/configure-manage-voice-users/","Microsoft Learn","Microsoft Learn","Ongoing management is required as new employees start, or if their needs change. Learn how to manage voice user configuration, including enabling voice services and adjusting voice configuration.","tr","","L4","ADVANCED","0.77","yes","0","no","COMMUNICATION","","","GENERAL","","","yes","","","","",""
"MSL-TR-learn.wwl.introduction-microsoft-365-core-services-ad","Introduction to Microsoft 365 core services and admin controls","https://learn.microsoft.com/tr-tr/training/modules/introduction-microsoft-365-core-services-admin-control/","Microsoft Learn","Microsoft Learn","This module introduces the Microsoft 365 admin center and basic configurations for core services like Teams, Exchange, and SharePoint.","tr","","L1","BEGINNER","1.05","yes","0","no","PRODUCTIVITY","WORKPLACE:4","","GENERAL","","","yes","","","","",""
"MSL-TR-learn-m365.m365-compliance-information-classify-data","Classify data for protection and governance","https://learn.microsoft.com/tr-tr/training/modules/m365-compliance-information-classify-data/","Microsoft Learn","Microsoft Learn","Learn about the information available to help you understand your data landscape and know your data.","tr","","L2","INTERMEDIATE","0.38","yes","0","no","RESPONSIBLE_AI","RESPONSIBLE_AI:5","","GENERAL","","","yes","","","","",""
"MSL-TR-learn.wwl.explore-examine-data-loss-prevention-micros","Explore Microsoft Purview Data Loss Prevention","https://learn.microsoft.com/tr-tr/training/modules/explore-examine-data-loss-prevention-microsoft-365/","Microsoft Learn","Microsoft Learn","This module examines the data loss prevention features in Microsoft 365 that help organizations identify, monitor, report, and protect sensitive data through deep content analysis while helping users understand and manage data risks.","tr","","L2","INTERMEDIATE","0.65","yes","0","no","PRODUCTIVITY","WORKPLACE:4","","IT","","","yes","","","","",""
"MSL-TR-learn.wwl.explore-purview-message-encryption","Explore Microsoft Purview Message Encryption","https://learn.microsoft.com/tr-tr/training/modules/explore-purview-message-encryption/","Microsoft Learn","Microsoft Learn","This module introduces Microsoft Purview Message Encryption, an online service that’s built on Microsoft Azure Rights Management and includes encryption, identity, and authorization policies to help organizations secure their email.","tr","","L2","INTERMEDIATE","0.6","yes","0","no","PRODUCTIVITY","WORKPLACE:4","","IT","","","yes","","","","",""
"MSL-TR-learn.wwl.manage-accounts-licenses-microsoft-365","Manage users, licenses, guests, and contacts in Microsoft 365","https://learn.microsoft.com/tr-tr/training/modules/manage-accounts-licenses-microsoft-365/","Microsoft Learn","Microsoft Learn","This module provides instruction on how to create and manage user accounts, assign Microsoft 365 licenses to users, recover deleted user accounts, and create and manage guests and contacts.","tr","","L2","INTERMEDIATE","0.9","yes","0","no","PRODUCTIVITY","WORKPLACE:4","","IT","","","yes","","","","",""
"MSL-TR-learn.copilot-declarative-agent-action-api-plugin-ada","Use Adaptive Cards to show data in API plugins for declarative agents","https://learn.microsoft.com/tr-tr/training/modules/copilot-declarative-agent-action-api-plugin-adaptive-cards-vsc/","Microsoft Learn","Microsoft Learn","Learn how to enhance the user experience of declarative agents by using Adaptive Cards to render API data visually. Create and configure Adaptive Card templates, integrate them into API plugins, and test the setup in Microsoft 365 Copilot. Learn the practical steps for building and previewing Adaptive Cards in Visual Studio Code.","tr","","L2","INTERMEDIATE","0.27","yes","0","no","COMMUNICATION","","","MANAGEMENT","","","yes","","","","",""
"MSL-TR-learn-m365.m365-threat-safeguard","Safeguard your environment with Microsoft Defender for Identity","https://learn.microsoft.com/tr-tr/training/modules/m365-threat-safeguard/","Microsoft Learn","Microsoft Learn","Learn about the Microsoft Defender for Identity component of Microsoft Defender XDR.","tr","","L2","INTERMEDIATE","1.13","yes","0","no","RESPONSIBLE_AI","RESPONSIBLE_AI:5","","IT","","","yes","","","","",""
"MSL-TR-learn.viva-glint-basics-psychological-safety","Learn the basics of psychological safety","https://learn.microsoft.com/tr-tr/training/modules/viva-glint-basics-psychological-safety/","Microsoft Learn","Microsoft Learn","This module provides three practical lessons managers can take to cultivate psychological safety on their teams. It also teaches managers how to use Copilot to help them practice these lessons.","tr","","L1","BEGINNER","0.52","yes","0","no","LEADERSHIP","","","HR","","","yes","","","","",""
"MSL-TR-learn-m365.understand-ai-agents-prompting","Understand AI agents and prompting","https://learn.microsoft.com/tr-tr/training/modules/understand-ai-agents-prompting/","Microsoft Learn","Microsoft Learn","Learn about what AI Agents are and when to use them in every day tasks. Understand how to optimize your prompt to get the best possible results from Copilot.","tr","","L1","BEGINNER","0.6","yes","0","no","GENERATIVE_AI","FUNDAMENTALS:2,WORKPLACE:3","","GENERAL","","","no","","","","",""
"MSL-TR-learn.wwl.monitor-troubleshoot-teams-phone-system","Monitor and troubleshoot Teams collaboration communications systems","https://learn.microsoft.com/tr-tr/training/modules/monitor-troubleshoot-teams-phone-system/","Microsoft Learn","Microsoft Learn","Troubleshooting is an important task that includes troubleshooting of phone number assignment, call failure and quality issues, client issues, and device issues. Call Analytics, Call Quality Dashboard, and the Teams Rooms Pro portal are also covered for monitoring, reporting, and troubleshooting.","tr","","L4","ADVANCED","1.2","yes","0","no","COMMUNICATION","","","GENERAL","","","yes","","","","",""
"MSL-TR-learn.wwl.examine-exchange-online-protection","Examine email protection in Microsoft 365","https://learn.microsoft.com/tr-tr/training/modules/examine-exchange-online-protection/","Microsoft Learn","Microsoft Learn","This module examines how Exchange Online Protection (EOP) protects organizations from phishing and spoofing. It also explores how EOP blocks spam, bulk email, and malware before they arrive in users’ mailboxes.","tr","","L2","INTERMEDIATE","0.95","yes","0","no","PRODUCTIVITY","WORKPLACE:4","","IT","","","yes","","","","",""
"MSL-TR-learn.wwl.build-your-first-agent-microsoft-365-copilo","Build your first declarative agent for Microsoft Copilot by using Copilot Studio","https://learn.microsoft.com/tr-tr/training/modules/build-your-first-agent-microsoft-365-copilot-use-copilot-studio/","Microsoft Learn","Microsoft Learn","Define an agent to extend Microsoft Copilot tailored to a specific scenario. Your declarative agent provides relevant and accurate responses using custom knowledge.","tr","","L2","INTERMEDIATE","1.12","yes","0","no","PRODUCTIVITY","WORKPLACE:4","","GENERAL","","","no","","","","",""
"MSL-TR-learn-m365.copilot-custom-engine-agents-intro","Introduction to custom engine agents","https://learn.microsoft.com/tr-tr/training/modules/copilot-custom-engine-agents-intro/","Microsoft Learn","Microsoft Learn","Evaluate whether a custom engine agent is the right choice for building an agent in Microsoft 365.","tr","","L1","BEGINNER","0.25","yes","0","no","PRODUCTIVITY","WORKPLACE:4","","IT","","","yes","","","","",""
"MSL-TR-learn.wwl.add-domain-microsoft-365","Add a custom domain in Microsoft 365","https://learn.microsoft.com/tr-tr/training/modules/add-domain-microsoft-365/","Microsoft Learn","Microsoft Learn","This module provides instruction on how to add a custom domain to your Microsoft 365 deployment. It also examines the DNS requirements that are necessary to support a new domain.","tr","","L2","INTERMEDIATE","0.62","yes","0","no","PRODUCTIVITY","WORKPLACE:4","","IT","","","yes","","","","",""
"MSL-TR-learn.wwl.configure-secure-devices-intune-policies","Configure and secure devices with Microsoft Intune policies","https://learn.microsoft.com/tr-tr/training/modules/configure-secure-devices-intune-policies/","Microsoft Learn","Microsoft Learn","Learn how to configure and secure devices using Microsoft Intune configuration profiles, compliance policies, and dynamic group targeting.","tr","","L2","INTERMEDIATE","0.75","yes","0","no","RESPONSIBLE_AI","RESPONSIBLE_AI:5","","IT","","","yes","","","","",""
"MSL-TR-learn.wwl.perform-admin-tasks-microsoft-365-copilot","Perform basic administrative tasks for Microsoft 365 Copilot","https://learn.microsoft.com/tr-tr/training/modules/perform-admin-tasks-microsoft-365-copilot/","Microsoft Learn","Microsoft Learn","This module guides administrators on how to manage Microsoft 365 Copilot, including licensing and access control, billing and usage monitoring, prompt governance, and strategies for tracking and driving user adoption.","tr","","L1","BEGINNER","0.92","yes","0","no","FOUNDATIONS","FUNDAMENTALS:4","","GENERAL","","","yes","","","","",""
"MSL-TR-learn.wwl.implement-security-for-microsoft-teams","Implement security for Microsoft Teams","https://learn.microsoft.com/tr-tr/training/modules/implement-security-for-microsoft-teams/","Microsoft Learn","Microsoft Learn","Learn about different security capabilities for Microsoft Teams, including Conditional Access, multifactor authentication, Safe Attachments, Safe Links, and Defender for Cloud Apps.","tr","","L2","INTERMEDIATE","0.67","yes","0","no","COMMUNICATION","","","IT","","","yes","","","","",""
"MSL-TR-learn-m365.sharepoint-spfx-extensions","Extend the SharePoint user interface with SharePoint Framework extensions","https://learn.microsoft.com/tr-tr/training/modules/sharepoint-spfx-extensions/","Microsoft Learn","Microsoft Learn","Learn how to extend the SharePoint user interface with SharePoint Framework extensions.","tr","","L2","INTERMEDIATE","1.12","yes","0","no","TECHNICAL","TECHNICAL:5","","IT","","","yes","","","","",""
"MSL-TR-learn-m365-pr.bringing-all-together-engaging-virtual-","Bringing it all together for engaging virtual events in Microsoft 365","https://learn.microsoft.com/tr-tr/training/modules/m365-bring-all-together-engaging-virtual-events/","Microsoft Learn","Microsoft Learn","Learn best practices for producing, presenting, moderating, and attending a virtual event in Microsoft Teams or Microsoft 365.","tr","","L1","BEGINNER","0.4","yes","0","no","PRODUCTIVITY","WORKPLACE:4","","GENERAL","","","yes","","","","",""
"MSL-TR-learn.wwl.purview-implement-insider-risk-management","Microsoft Purview İçeriden Risk Yönetimi'ı uygulama ve yönetme","https://learn.microsoft.com/tr-tr/training/paths/purview-implement-insider-risk-management/","Microsoft Learn","Microsoft Learn (learning path)","Verileri korurken, uyumluluk sağlarken ve çalışan güvenini korurken iç riskleri algılamak, araştırmak ve yanıtlamak için Microsoft Purview İçeriden Risk Yönetimi uygulayın.","tr","","L2","INTERMEDIATE","3.98","yes","0","no","RESPONSIBLE_AI","RESPONSIBLE_AI:5","","IT","","","yes","","","","",""
"MSL-TR-learn.wwl.observe-troubleshoot-apps","Azure'da uygulamaları gözlemleme ve sorun giderme","https://learn.microsoft.com/tr-tr/training/paths/observe-troubleshoot-apps/","Microsoft Learn","Microsoft Learn (learning path)","Dağıtılmış uygulamaları OpenTelemetry ile izlemeyi ve Azure İzleyici ile telemetri verilerini analiz ederek Azure'da yapay zeka çözümlerini gözlemleyip sorunlarını gidermeyi öğrenin.","tr","","L2","INTERMEDIATE","2.68","yes","0","no","FOUNDATIONS","FUNDAMENTALS:4","","IT","","","yes","","","","",""
"MSL-TR-learn.wwl.migrate-application-workloads-data-azure","Uygulama iş yüklerini ve verileri Azure’a geçirme","https://learn.microsoft.com/tr-tr/training/paths/migrate-application-workloads-data-azure/","Microsoft Learn","Microsoft Learn (learning path)","Uygulama iş yüklerini ve verileri Azure’a geçirme","tr","","L2","INTERMEDIATE","2.4","yes","0","no","TECHNICAL","TECHNICAL:5","","IT","","","yes","","","","",""
"MSL-TR-learn.wwl.sc-200-perform-threat-hunting-azure-sentine","Microsoft Sentinel'de tehdit avcılığı gerçekleştirme","https://learn.microsoft.com/tr-tr/training/paths/sc-200-perform-threat-hunting-azure-sentinel/","Microsoft Learn","Microsoft Learn (learning path)","Microsoft Sentinel'de tehdit avcılığı gerçekleştirme","tr","","L2","INTERMEDIATE","2.23","yes","0","no","RESPONSIBLE_AI","RESPONSIBLE_AI:5","","IT","","","no","","","","",""
"MSL-TR-learn.wwl.implement-security-through-pipeline-using-d","Azure DevOps kullanarak işlem hattı üzerinden güvenlik uygulama","https://learn.microsoft.com/tr-tr/training/paths/implement-security-through-pipeline-using-devops/","Microsoft Learn","Microsoft Learn (learning path)","Azure DevOps kullanarak işlem hattı üzerinden güvenlik uygulama. (AZ-2001)","tr","","L2","INTERMEDIATE","7.3","yes","0","no","TECHNICAL","TECHNICAL:5","","IT","","","yes","","","","",""
"MSL-TR-learn.wwl.sc-200-create-detections-perform-investigat","Microsoft Sentinel kullanarak algılamalar oluşturma ve araştırma gerçekleştirme","https://learn.microsoft.com/tr-tr/training/paths/sc-200-create-detections-perform-investigations-azure-sentinel/","Microsoft Learn","Microsoft Learn (learning path)","Microsoft Sentinel kullanarak algılamalar oluşturma ve araştırma gerçekleştirme","tr","","L2","INTERMEDIATE","6.57","yes","0","no","RESPONSIBLE_AI","RESPONSIBLE_AI:5","","IT","","","no","","","","",""
"MSL-TR-learn.wwl.understand-data-concepts","Veri kavramlarını anlama","https://learn.microsoft.com/tr-tr/training/paths/understand-data-concepts/","Microsoft Learn","Microsoft Learn (learning path)","Veriler çoğu iş işlemi ve hizmeti için önemlidir ve birçok rolde verilerin anlaşılması önemlidir. Bu öğrenme yolu veri kavramlarını, veri analizini ve veri rollerini, hizmetlerini ve ürünlerini kapsar.","tr","","L1","BEGINNER","1.57","yes","0","no","DATA","DATA_AUTOMATION:4","","IT","","","no","","","","",""
"MSL-TR-learn.wwl.enhance-endpoint-security-microsoft-intune-","Microsoft Intune ve Microsoft Security Copilot ile uç nokta güvenliğini geliştirme","https://learn.microsoft.com/tr-tr/training/paths/enhance-endpoint-security-microsoft-intune-copilot/","Microsoft Learn","Microsoft Learn (learning path)","Microsoft Intune, Uç Nokta için Microsoft Defender ve Microsoft Security Copilot kullanarak uç noktaların güvenliğini sağlamayı, yönetmeyi ve izlemeyi öğrenin. Bu yol modern kuruluşlar için cihaz ekleme, ilke uygulama, uyumluluk, tehdit koruması ve yapay zeka destekli olay yanıtlarını kapsar. (MD-4011)","tr","","L2","INTERMEDIATE","4.5","yes","0","no","ROLE_SPECIFIC","WORKPLACE:3","","PRODUCTION","","","yes","","","","",""
"MSL-TR-learn.wwl.microsoft-ai","Microsoft yapay zeka modellerine giriş","https://learn.microsoft.com/tr-tr/training/paths/microsoft-ai/","Microsoft Learn","Microsoft Learn (learning path)","Microsoft yapay zeka (MAI) modellerinin nasıl çalıştığını ve bunları uygulamalarınızda nasıl kullanacağınızı öğrenin.","tr","","L1","BEGINNER","1.8","yes","0","no","FOUNDATIONS","FUNDAMENTALS:4","","GENERAL","","","yes","","","","",""
"MSL-TR-learn.wwl.deploy-operate-security-copilot","Microsoft Security Copilot dağıtma ve çalıştırma","https://learn.microsoft.com/tr-tr/training/paths/deploy-operate-security-copilot/","Microsoft Learn","Microsoft Learn (learning path)","Microsoft Security Copilot ile uygulamalı uzmanlık oluşturun. Çözümü etkinleştirme ve kurumsal çalışma alanlarını yapılandırmaya ve eklentileri ve aracıları büyük ölçekte yönetmeye yönelik etkili istemler yazarak başlayın.","tr","","L2","INTERMEDIATE","1.68","yes","0","no","RESPONSIBLE_AI","RESPONSIBLE_AI:5","","IT","","","yes","","","","",""
"MSL-TR-learn.wwl.develop-computer-vision-with-foundry","Microsoft Foundry ile görüntü işleme çözümleri geliştirme","https://learn.microsoft.com/tr-tr/training/paths/develop-computer-vision-with-foundry/","Microsoft Learn","Microsoft Learn (learning path)","Microsoft Foundry kullanarak Azure'da görüntü işleme çözümleri geliştirmeyi öğrenin.","tr","","L2","INTERMEDIATE","2.78","yes","0","no","FOUNDATIONS","FUNDAMENTALS:4","","GENERAL","","","yes","","","","",""
"MSL-TR-learn.wwl.design-implement-replication-strategy-cosmo","NoSQL için Azure Cosmos DB'e yönelik bir çoğaltma stratejisi tasarlayın ve uygulayın","https://learn.microsoft.com/tr-tr/training/paths/design-implement-replication-strategy-cosmos-db-sql-api/","Microsoft Learn","Microsoft Learn (learning path)","NoSQL için Azure Cosmos DB'e yönelik bir çoğaltma stratejisi tasarlayın ve uygulayın","tr","","L2","INTERMEDIATE","1.93","yes","0","no","DATA","DATA_AUTOMATION:4","","GENERAL","","","yes","","","","",""
"MSL-TR-learn.wwl.get-started-azure-cosmos-db-sql-api","NoSQL için Azure Cosmos DB ile çalışmaya başlama","https://learn.microsoft.com/tr-tr/training/paths/get-started-azure-cosmos-db-sql-api/","Microsoft Learn","Microsoft Learn (learning path)","NoSQL için Azure Cosmos DB ile çalışmaya başlama","tr","","L2","INTERMEDIATE","0.93","yes","0","no","PRODUCTIVITY","WORKPLACE:4","","GENERAL","","","yes","","","","",""
"MSL-TR-learn.wwl.integrate-backend-services-ai-solutions","Yapay zeka çözümleri için arka uç hizmetlerini tümleştirme","https://learn.microsoft.com/tr-tr/training/paths/integrate-backend-services-ai-solutions/","Microsoft Learn","Microsoft Learn (learning path)","Azure'da yapay zeka çözümleri için arka uç hizmetlerini tümleştirmeyi öğrenin.","tr","","L2","INTERMEDIATE","5.67","yes","0","no","FOUNDATIONS","FUNDAMENTALS:4","","GENERAL","","","yes","","","","",""
"MSL-TR-learn.wwl.develop-ai-solutions-azure-database-postgre","PostgreSQL için Azure Veritabanı ile yapay zeka çözümleri geliştirme","https://learn.microsoft.com/tr-tr/training/paths/develop-ai-solutions-azure-database-postgresql/","Microsoft Learn","Microsoft Learn (learning path)","RAG işlem hatları için pgvector ile vektör araması ve anlamsal alma dahil olmak üzere PostgreSQL için Azure Veritabanı'nı kullanarak yapay zeka çözümleri geliştirmeyi öğrenin.","tr","","L2","INTERMEDIATE","4.9","yes","0","no","DATA","DATA_AUTOMATION:4","","IT","","","yes","","","","",""
"MSL-TR-learn.wwl.implement-secure-environment-database-servi","Veritabanı hizmeti için güvenli bir ortam uygulama","https://learn.microsoft.com/tr-tr/training/paths/implement-secure-environment-database-service/","Microsoft Learn","Microsoft Learn (learning path)","Veritabanı hizmeti için güvenli bir ortam uygulama","tr","","L2","INTERMEDIATE","3.97","yes","0","no","RESPONSIBLE_AI","RESPONSIBLE_AI:5","","IT","","","yes","","","","",""
"MSL-TR-learn.wwl.data-engineer-azure-databricks","Azure Databricks ile Veri Analizi Çözümü Uygulama","https://learn.microsoft.com/tr-tr/training/paths/data-engineer-azure-databricks/","Microsoft Learn","Microsoft Learn (learning path)","Azure Databricks ile veri analizi çözümü uygulama. (DP-3011)","tr","","L2","INTERMEDIATE","6.92","yes","0","no","DATA","DATA_AUTOMATION:4","","GENERAL","","","no","","","","",""
"MSL-TR-learn.wwl.implement-ai-security","Yapay zeka güvenliği uygulaması","https://learn.microsoft.com/tr-tr/training/paths/implement-ai-security/","Microsoft Learn","Microsoft Learn (learning path)","Microsoft'ın yapay zeka platformunda yapay zeka iş yükleri için kapsamlı bir güvenlik stratejisi uygulayın. Microsoft Purview veri güvenliği duruş yönetimini yapılandırın, Microsoft Entra'da etmen kimliklerini güvence altına alın ve Microsoft Defender XDR'da yapay zeka ile ilgili kimlik risklerini analiz edin. Ardından Microsoft Defender gerçek zamanlı aracı korumasını etkinleştirin, Microsoft Foundry'de AI Gateway güvenliğini yapılandırın, korumaları yönetin, Defender for Cloud ile yapay zeka iş yüklerini koruyun ve aracıları Microsoft Agent 365 ile yönetin.","tr","","L2","INTERMEDIATE","3.98","yes","0","no","RESPONSIBLE_AI","RESPONSIBLE_AI:5","","IT","","","yes","","","","",""
"MSL-TR-learn.wwl.introduction-microsoft-azure-management-tas","Microsoft Azure Yönetim görevlerine giriş","https://learn.microsoft.com/tr-tr/training/paths/introduction-microsoft-azure-management-tasks/","Microsoft Learn","Microsoft Learn (learning path)","Bu öğrenme yolu, Azure kaynakları için temel yönetim görevlerini keşfetmenize yardımcı olur. Sanal makineleri, sanal ağları ve depolama hesaplarını yönetme hakkında bilgi edinme fırsatınız olacak ve kılavuzlu bir proje size Azure kaynaklarını yönetme konusunda uygulamalı deneyim sağlayacaktır.","tr","","L1","BEGINNER","2.02","yes","0","no","TECHNICAL","TECHNICAL:5","","IT","","","yes","","","","",""
"MSL-TR-learn.wwl.build-web-pages-html-css-for-beginners","Yeni başlayanlar için HTML ve CSS ile web sayfaları oluşturma","https://learn.microsoft.com/tr-tr/training/paths/build-web-pages-html-css-for-beginners/","Microsoft Learn","Microsoft Learn (learning path)","Visual Studio kodunun tarayıcı tabanlı sürümünü kullanarak erişilebilir bir web sayfası oluşturmak için HTML ve CSS kodu yazın.","tr","","L1","BEGINNER","1.35","yes","0","no","TECHNICAL","TECHNICAL:5","","IT","","","yes","","","","",""
"MSL-TR-learn.security.implement-resource-mgmt-security","Azure'da kaynak yönetimi güvenliği uygulama","https://learn.microsoft.com/tr-tr/training/paths/implement-resource-mgmt-security/","Microsoft Learn","Microsoft Learn (learning path)","İlkeleri, rol tabanlı erişim denetimini ve diğer Azure hizmetlerini kullanarak kaynakların güvenliğini sağlamayı öğrenin","tr","","L1","BEGINNER","1.38","yes","0","no","RESPONSIBLE_AI","RESPONSIBLE_AI:5","","IT","","","yes","","","","",""
"MSL-TR-learn.wwl.az-400-implement-security-validate-code-bas","AZ-400: Uyumluluk için güvenlik uygulama ve kod temellerini doğrulama","https://learn.microsoft.com/tr-tr/training/paths/az-400-implement-security-validate-code-bases-compliance/","Microsoft Learn","Microsoft Learn (learning path)","AZ-400: Uyumluluk için güvenlik ve doğrulama kod temelleri uygulama - Bulut için Microsoft Defender, Azure İlkesi ve GitHub Gelişmiş Güvenlik ile DevSecOps uygulamalarını, güvenli işlem hattı uygulamasını, açık kaynak yazılım güvenliğini, yazılım oluşturma analizini ve kapsamlı güvenlik izlemeyi öğrenin.","tr","","L4","ADVANCED","5.6","yes","0","no","TECHNICAL","TECHNICAL:5","","IT","","","yes","","","","",""
"MSL-TR-learn.wwl.deploy-govern-agentic-ai-solutions-azure","Azure üzerinde kurumsal aracı yapay zeka çözümlerini dağıtma ve yönetme","https://learn.microsoft.com/tr-tr/training/paths/aaai-3-deploy-govern-agentic-ai-solutions-azure/","Microsoft Learn","Microsoft Learn (learning path)","Çoklu etmen sistemlerini Azure’a kurumsal ölçekte dağıtmayı ve sağlam operasyonel yönetişim çerçeveleri oluşturmayı öğrenin. Öğrenciler temel tek aracılı dağıtım ve CI/CD desenlerinden eşgüdümlü çok aracılı dağıtım işlem hatlarına, aracı ağları arasında sıfır güven güvenlik mimarisine, kurumsal ölçekli sorumlu yapay zeka idaresinden ve tam aracı yaşam döngüsü yönetimine kadar ilerler. AI-500","tr","","L4","ADVANCED","3.23","yes","0","no","FOUNDATIONS","FUNDAMENTALS:4","","GENERAL","","","yes","","","","",""
"MSL-TR-learn.best-practices-java-azure","Azure'da Java uygulamaları için en iyi yöntemler","https://learn.microsoft.com/tr-tr/training/paths/best-practices-java-azure/","Microsoft Learn","Microsoft Learn (learning path)","Buradan başlayın ve Azure'da Java uygulamalarını izlemeyi, otomatikleştirmeyi, ayarlamayı, otomatik ölçeklendirmeyi, güvenliğini sağlamayı ve derlemeyi öğrenin. Her zaman olduğu gibi bildiğiniz ve sevdiğiniz araçları ve çerçeveleri kullanın: Spring, Tomcat, WildFly, JBoss, WebLogic, WebSphere, Maven, Gradle, IntelliJ, Eclipse, Jenkins, Terraform ve daha fazlası.","tr","","L1","BEGINNER","3","yes","0","no","TECHNICAL","TECHNICAL:5","","IT","","","yes","","","","",""
"MSL-TR-learn.intro-to-azure-application-delivery-services","Azure uygulama teslim hizmetlerine giriş","https://learn.microsoft.com/tr-tr/training/paths/intro-to-azure-application-delivery-services/","Microsoft Learn","Microsoft Learn (learning path)","Azure uygulama teslim hizmetleriyle iş yüklerini dengelemek için ağ trafiğini dağıtmayı öğrenin.","tr","","L4","ADVANCED","0.6","yes","0","no","TECHNICAL","TECHNICAL:5","","IT","","","yes","","","","",""
"MSL-TR-learn.defender-iot-deploy-ot-monitoring","OT izleme için IoT Defender'ı dağıtma","https://learn.microsoft.com/tr-tr/training/paths/defender-iot-deploy-ot-monitoring/","Microsoft Learn","Microsoft Learn (learning path)","IoT ve OT cihazlarını bulmak ve güvenliğini sağlamak için IoT için Defender'ı dağıtmayı öğrenin.","tr","","L2","INTERMEDIATE","3","yes","0","no","RESPONSIBLE_AI","RESPONSIBLE_AI:5","","IT","","","yes","","","","",""
"MSL-TR-learn.wwl.purview-ediscovery-manage-investigations","Microsoft Purview eKeşif ile araştırma yönetme","https://learn.microsoft.com/tr-tr/training/paths/purview-ediscovery-manage-investigations/","Microsoft Learn","Microsoft Learn (learning path)","Microsoft Purview eKeşif, Microsoft 365 içeriğinin bulunmasını, korunmasını ve analiz edilmesini sağlayarak iç araştırma ve yasal konuları destekler. Yasal ve mevzuat gereksinimlerini karşılamak için vakaları yönetmeyi, veriler üzerinde bekletme işlemi yapmayı, hedeflenen aramaları çalıştırmayı ve sonuçları gözden geçirme amacıyla düzenlemeyi öğrenin.","tr","","L2","INTERMEDIATE","3.03","yes","0","no","RESPONSIBLE_AI","RESPONSIBLE_AI:5","","IT","","","yes","","","","",""
"MSL-TR-learn.wwl.prepare-teach-az-500-microsoft-azure-securi","AZ-500 Microsoft Azure Güvenlik Teknolojileri'ne ders vermeye hazırlanma","https://learn.microsoft.com/tr-tr/training/paths/prepare-teach-az-500-microsoft-azure-security-technologies/","Microsoft Learn","Microsoft Learn (learning path)","AZ-500 Microsoft Azure Güvenlik Teknolojileri'ne ders vermeye hazırlanma","tr","","L4","ADVANCED","3.35","yes","0","no","RESPONSIBLE_AI","RESPONSIBLE_AI:5","","IT","","","no","","","","",""
"MSL-TR-learn.wwl.architect-production-grade-multi-agent-ai-s","Azure'de üretim sınıfı çok aracılı yapay zeka çözümleri tasarlama","https://learn.microsoft.com/tr-tr/training/paths/aaai-1-architect-production-grade-multi-agent-ai-solutions/","Microsoft Learn","Microsoft Learn (learning path)","Microsoft Foundry'de üretim sınıfı aracı yapay zeka çözümleri tasarlamayı öğrenin. Bu eğitim, durum bilgisine sahip etmen döngüsü mimarisini, hiyerarşik orkestrasyon kalıplarını, dinamik görev ayrıştırma stratejilerini ve platformlar arası etmen bağlantısı için A2A protokol entegrasyonu da dahil olmak üzere kurumsal ölçekte etmen iletişim ekosistemlerini ele alır. AI-500","tr","","L4","ADVANCED","3.35","yes","0","no","FOUNDATIONS","FUNDAMENTALS:4","","GENERAL","","","yes","","","","",""
"MSL-TR-learn.wwl.implement-interfaces-new","Arabirimleri uygulama","https://learn.microsoft.com/tr-tr/training/paths/implement-interfaces-new/","Microsoft Learn","Microsoft Learn (learning path)","Arabirimleri uygulama","tr","","L1","BEGINNER","2.33","yes","0","no","TECHNICAL","TECHNICAL:5","","IT","","","yes","","","","",""
"MSL-TR-learn.wwl.manage-microsoft-fabric-environment","Microsoft Fabric ortamını yönetme","https://learn.microsoft.com/tr-tr/training/paths/manage-microsoft-fabric-environment/","Microsoft Learn","Microsoft Learn (learning path)","CI/CD, izleme, güvenlik ve yönetim aracılığıyla Microsoft Fabric ortamını yönetmeyi öğrenin.","tr","","L2","INTERMEDIATE","2.88","yes","0","no","DATA","DATA_AUTOMATION:4","","GENERAL","","","yes","","","","",""
"MSL-TR-learn.wwl.architect-agentic-ai-business-solutions","İş üretkenliği için yapay zeka çözümleri tasarlama","https://learn.microsoft.com/tr-tr/training/paths/architect-agentic-ai-business-solutions/","Microsoft Learn","Microsoft Learn (learning path)","Üretkenliği ve verimliliği artırmak için aracılar, üretken yapay zeka ve Microsoft Copilot kullanarak yapay zeka destekli iş çözümleri tasarlamayı öğrenin.","tr","","L4","ADVANCED","11.4","yes","0","no","GENERATIVE_AI","FUNDAMENTALS:2,WORKPLACE:3","","IT","","","yes","","","","",""
"MSL-TR-learn.wwl.manage-cosmos-db-sql-api-solution-using-dev","DevOps uygulamalarını kullanarak NoSQL için Azure Cosmos DB çözümünü yönetme","https://learn.microsoft.com/tr-tr/training/paths/manage-cosmos-db-sql-api-solution-using-devops-practices/","Microsoft Learn","Microsoft Learn (learning path)","DevOps uygulamalarını kullanarak NoSQL için Azure Cosmos DB çözümünü yönetme","tr","","L2","INTERMEDIATE","1.4","yes","0","no","TECHNICAL","TECHNICAL:5","","IT","","","yes","","","","",""
"MSL-TR-learn.wwl.implement-modeling-partitioning-azure-cosmo","NoSQL için Azure Cosmos DB için veri modelleme ve bölümleme stratejisi uygulama","https://learn.microsoft.com/tr-tr/training/paths/implement-modeling-partitioning-azure-cosmos-db-sql-api/","Microsoft Learn","Microsoft Learn (learning path)","NoSQL için Azure Cosmos DB için veri modelleme ve bölümleme stratejisi uygulama","tr","","L2","INTERMEDIATE","1.8","yes","0","no","DATA","DATA_AUTOMATION:4","","GENERAL","","","yes","","","","",""
"MSL-TR-learn.wwl.server-vm-security","Sunucular ve sanal makineler için güvenlik uygulama","https://learn.microsoft.com/tr-tr/training/paths/server-vm-security/","Microsoft Learn","Microsoft Learn (learning path)","Azure sanal makineler ve Arc özellikli karma sunucular arasında katmanlı güvenlik denetimleri uygulayın. Sunucu varlığınızdaki güvenlik boşluklarını kapatmak için disk şifrelemesi, Güvenilen Başlatma, Azure Bastion, Sunucular için Microsoft Defender, tam zamanında VM erişimi ve Azure Makine Yapılandırması yapılandırın.","tr","","L2","INTERMEDIATE","2.95","yes","0","no","RESPONSIBLE_AI","RESPONSIBLE_AI:5","","IT","","","yes","","","","",""
"MSL-TR-learn.wwl.manage-security-posture-defender-cloud","Bulut için Microsoft Defender kullanarak güvenlik duruşu yönetme","https://learn.microsoft.com/tr-tr/training/paths/manage-security-posture-defender-cloud/","Microsoft Learn","Microsoft Learn (learning path)","Bulut için Microsoft Defender'ı kullanarak bulut güvenliği duruşlarını yönetmeyi öğrenin. Karma ve çoklu bulut ortamlarını bağlar, riskleri belirler ve uyumluluğu değerlendirirsiniz, ardından tehdit algılama ve güvenlik açığı yönetimi ile iş yüklerinizi korursunuz.","tr","","L2","INTERMEDIATE","3.55","yes","0","no","RESPONSIBLE_AI","RESPONSIBLE_AI:5","","IT","","","yes","","","","",""
"MSL-TR-learn.wwl.explore-basic-computer-concepts","Temel bilgisayar kavramlarını keşfetme","https://learn.microsoft.com/tr-tr/training/paths/explore-basic-computer-concepts/","Microsoft Learn","Microsoft Learn (learning path)","Bilgisayarların nasıl çalıştığını ve İnternet'e nasıl bağlandıklarını öğrenin. Ayrıca bilgisayarların nasıl programlandıklarına ilişkin temel bilgileri de öğreneceksiniz.","tr","","L1","BEGINNER","1.75","yes","0","no","TECHNICAL","TECHNICAL:5","","IT","","","yes","","","","",""
"MSL-TR-learn.academic-program-certifications","Akademik programlarda sertifikasyon uygulama","https://learn.microsoft.com/tr-tr/training/paths/academic-program-certifications/","Microsoft Learn","Microsoft Learn (learning path)","Akademik programlarda sertifikaları uygulamayı öğrenin.","tr","","L1","BEGINNER","1.35","yes","0","no","LEADERSHIP","","","HR","","","yes","","","","",""
"MSL-TR-learn.wwl.implement-activity-event-collection-sentine","Microsoft Sentinel'de etkinlik ve olay toplama işlemini uygulama","https://learn.microsoft.com/tr-tr/training/paths/implement-activity-event-collection-sentinel/","Microsoft Learn","Microsoft Learn (learning path)","Microsoft Sentinel eksiksiz bir olay koleksiyonu ve yanıt mimarisi oluşturun. Microsoft Sentinel çalışma alanını ayarlayın ve güvenli hale getirin, content Hub çözümlerini dağıtın, Azure kaynak verilerini bağlayın, veri toplama kurallarıyla Linux ve Windows güvenlik olayları toplayın, Logic Apps playbook'ları ile otomatik yanıt iş akışları uygulayın ve uyumluluk için veri saklamayı yönetin.","tr","","L2","INTERMEDIATE","3.63","yes","0","no","RESPONSIBLE_AI","RESPONSIBLE_AI:5","","IT","","","yes","","","","",""
"MSL-TR-learn.wwl.work-smarter-with-ai","Yapay zeka ile daha akıllı çalışma","https://learn.microsoft.com/tr-tr/training/paths/work-smarter-with-ai/","Microsoft Learn","Microsoft Learn (learning path)","Microsoft Copilot ile daha fazlasını yapın ve yaratıcılığınızı açığa çıkarın.","tr","","L1","BEGINNER","0.7","yes","0","no","FOUNDATIONS","FUNDAMENTALS:4","","GENERAL","","","no","","","","",""
"MSL-TR-learn.wwl.accelerate-app-development-using-github-cop","Yapay zeka destekli geliştirmeyi kullanmaya başlama","https://learn.microsoft.com/tr-tr/training/paths/accelerate-app-development-using-github-copilot/","Microsoft Learn","Microsoft Learn (learning path)","Visual Studio Code bir ortamda GitHub Copilot kullanmayı öğrenin. Bu eğitim kod analizini, satır içi ve proje belgelerini, uygulama geliştirmeyi, birim testini, kod yeniden düzenlemeyi kapsar ve vibe kodlamaya giriş sağlar. AZ-2007","tr","","L2","INTERMEDIATE","7.98","yes","0","no","TECHNICAL","TECHNICAL:5","","IT","","","yes","","","","",""
"MSL-TR-learn.github-foundations","GitHub Foundations Bölüm 1 / 2","https://learn.microsoft.com/tr-tr/training/paths/github-foundations/","Microsoft Learn","Microsoft Learn (learning path)","GitHub Foundations Öğrenme Yolu Bölüm 1/2, GitHub'ın temel kavramlarını ve ürünlerini tanıtmak için tasarlanmış kısa ve başlangıç dostu bir yolculuk.","tr","","L1","BEGINNER","6.73","yes","0","no","TECHNICAL","TECHNICAL:5","","IT","","","yes","","","","",""
"MSL-TR-learn.wwl.secure-networking","Azure'da ağ altyapısını koruma","https://learn.microsoft.com/tr-tr/training/paths/secure-networking/","Microsoft Learn","Microsoft Learn (learning path)","Azure'da ağ altyapısını koruma","tr","","L2","INTERMEDIATE","3.9","yes","0","no","RESPONSIBLE_AI","RESPONSIBLE_AI:5","","GENERAL","","","yes","","","","",""
"MSL-TR-learn.wwl.describe-governmental-cloud-strategy","Kamu bulut stratejisini açıklama","https://learn.microsoft.com/tr-tr/training/paths/describe-governmental-cloud-strategy/","Microsoft Learn","Microsoft Learn (learning path)","Kamu bulut stratejisini açıklama","tr","","L1","BEGINNER","2.35","yes","0","no","TECHNICAL","TECHNICAL:5","","IT","","","yes","","","","",""
"MSL-TR-learn.wwl.create-embed-custom-code-agents","Aracılı programlama araçlarını kullanarak aracılar ve uygulamalar geliştirme","https://learn.microsoft.com/tr-tr/training/paths/create-embed-custom-code-agents/","Microsoft Learn","Microsoft Learn (learning path)","Aracı programlama araçlarını ve tekniklerini kullanarak uygulama geliştirmeyi öğrenin. Bu eğitim, geliştirme ortamında özel aracıların nasıl yapılandıracağını, GitHub Belirtim Seti'ni kullanarak uygulama geliştirmeyi veya güncelleştirmeyi ve GitHub Copilot SDK'sını kullanarak ekli aracılarla yapay zeka özellikli uygulamalar oluşturmayı kapsar.","tr","","L2","INTERMEDIATE","8.17","yes","0","no","TECHNICAL","TECHNICAL:5","","IT","","","yes","","","","",""
"MSL-TR-learn.wwl.sc-200-configure-your-azure-sentinel-enviro","Microsoft Sentinel ortamınızı yapılandırma","https://learn.microsoft.com/tr-tr/training/paths/sc-200-configure-azure-sentinel-environment/","Microsoft Learn","Microsoft Learn (learning path)","Microsoft Sentinel ortamınızı yapılandırma","tr","","L2","INTERMEDIATE","3.75","yes","0","no","RESPONSIBLE_AI","RESPONSIBLE_AI:5","","IT","","","no","","","","",""
"MSL-TR-learn.azure.run-high-performance-computing-applicatio","Azure'da yüksek performanslı bilgi işlem (HPC) uygulamaları çalıştırma","https://learn.microsoft.com/tr-tr/training/paths/run-high-performance-computing-applications-azure/","Microsoft Learn","Microsoft Learn (learning path)","Azure HPC, en iyi uygulama performansı, ölçeklenebilirlik ve değer sunmak için önde gelen işlemcileri ve HPC sınıfı InfiniBand ara bağlantısını kullanan HPC ve AI iş yükü için amaca yönelik bir bulut özelliğidir. Azure HPC, iş ve teknik gereksinimleriniz değiştikçe dinamik olarak ayrılabilen yüksek oranda kullanılabilir hpc ve yapay zeka teknolojileri aracılığıyla kullanıcıların yenilik, üretkenlik ve iş çevikliğini ortaya çıkarmalarını sağlar. Bu öğrenme yolu, Azure HPC'yi kullanmaya başlamanıza yardımcı olan bir dizi modüldür. En çok ilgilendiğiniz konuları seçebilir veya her birinde tek tek ilerleyebilirsiniz.","tr","","L1","BEGINNER","5.15","yes","0","no","TECHNICAL","TECHNICAL:5","","IT","","","yes","","","","",""
"MSL-TR-learn.wwl.manage-access-security","Azure Sanal Masaüstü için erişimi ve güvenliği yönetme","https://learn.microsoft.com/tr-tr/training/paths/manage-access-security/","Microsoft Learn","Microsoft Learn (learning path)","Azure Sanal Masaüstü için erişimi ve güvenliği yönetme","tr","","L2","INTERMEDIATE","1.35","yes","0","no","RESPONSIBLE_AI","RESPONSIBLE_AI:5","","IT","","","yes","","","","",""
"MSL-TR-learn.wwl.create-machine-learn-models","Makine öğrenmesi modelleri oluşturma","https://learn.microsoft.com/tr-tr/training/paths/create-machine-learn-models/","Microsoft Learn","Microsoft Learn (learning path)","Makine öğrenmesi, tahmine dayalı modelleme ve yapay zekanın temelini oluşturur. Makine öğrenmesinin temel ilkeleri hakkında bilgi edinin ve makine öğrenmesi modellerini eğitme, değerlendirme ve kullanmaya yönelik genel araçların ve çerçevelerin nasıl kullanılacağını öğrenin.","tr","","L2","INTERMEDIATE","6.32","yes","0","no","FOUNDATIONS","FUNDAMENTALS:4","","GENERAL","","","yes","","","","",""
"MSL-TR-learn.wwl.monitor-troubleshoot-azure-for-sap-workload","SAP iş yükleri için Azure'ı izleme ve sorunlarını giderme","https://learn.microsoft.com/tr-tr/training/paths/monitor-troubleshoot-azure-for-sap-workloads/","Microsoft Learn","Microsoft Learn (learning path)","SAP iş yükleri için Azure'ı izleme ve sorunlarını giderme","tr","","L4","ADVANCED","1.52","yes","0","no","TECHNICAL","TECHNICAL:5","","IT","","","yes","","","","",""
"MSL-TR-learn.az104-admin-prerequisites","AZ-104: Azure yöneticileri için önkoşullar","https://learn.microsoft.com/tr-tr/training/paths/az-104-administrator-prerequisites/","Microsoft Learn","Microsoft Learn (learning path)","AZ-104: Azure yöneticileri için önkoşullar","tr","","L1","BEGINNER","1.05","yes","0","no","TECHNICAL","TECHNICAL:5","","IT","","","yes","","","","",""
"MSL-TR-learn.az-400-develop-instrumentation-strategy","İzleme stratejisi geliştirme","https://learn.microsoft.com/tr-tr/training/paths/az-400-develop-instrumentation-strategy/","Microsoft Learn","Microsoft Learn (learning path)","Günlüğe kaydetme, telemetri ve izleme yoluyla etkili bir izleme stratejisi geliştirin ve AZ-400: Microsoft DevOps Çözümleri Tasarlama ve Uygulama Sınavına hazırlanın.","tr","","L1","BEGINNER","3.88","yes","0","no","TECHNICAL","TECHNICAL:5","","IT","","","yes","","","","",""
"MSL-TR-learn.wwl.prepare-teach-mb-910-microsoft-dynamics-365","MB-910 Microsoft Dynamics 365 TemelLeri'ne (CRM) öğretmeye hazırlanma","https://learn.microsoft.com/tr-tr/training/paths/prepare-teach-mb-910-microsoft-dynamics-365-fundamentals/","Microsoft Learn","Microsoft Learn (learning path)","MB-910 Microsoft Dynamics 365 TemelLeri'ne (CRM) öğretmeye hazırlanma","tr","","L1","BEGINNER","3.75","yes","0","no","LEADERSHIP","","","HR","","","no","","","","",""
"MSL-TR-learn.wwl.enhance-ai-solutions-azure-managed-redis","Azure Yönetilen Redis ile yapay zeka çözümlerini geliştirme","https://learn.microsoft.com/tr-tr/training/paths/enhance-ai-solutions-azure-managed-redis/","Microsoft Learn","Microsoft Learn (learning path)","Önbelleğe alma stratejileri, veri işlemleri, olay mesajlaşması ve vektör depolama gibi yapay zeka çözümlerinizi geliştirmek için Azure Yönetilen Redis'i kullanmayı öğrenin.","tr","","L2","INTERMEDIATE","3.7","yes","0","no","FOUNDATIONS","FUNDAMENTALS:4","","GENERAL","","","yes","","","","",""
"MSL-TR-learn.az-104-manage-identities-governance","AZ-104: Azure'da kimlikleri ve idareyi yönetme","https://learn.microsoft.com/tr-tr/training/paths/az-104-manage-identities-governance/","Microsoft Learn","Microsoft Learn (learning path)","AZ-104: Azure'da kimlikleri ve idareyi yönetme","tr","","L1","BEGINNER","4.4","yes","0","no","RESPONSIBLE_AI","RESPONSIBLE_AI:5","","IT","","","yes","","","","",""
"MSL-TR-learn.wwl.work-smarter-with-copilot-in-microsoft-fabr","Microsoft Fabric'te Copilot ile daha akıllı çalışma","https://learn.microsoft.com/tr-tr/training/paths/work-smarter-with-copilot-in-microsoft-fabric/","Microsoft Learn","Microsoft Learn (learning path)","Microsoft Fabric'te Copilot ile daha akıllı çalışmayı keşfedin. Microsoft Fabric'te Copilot kullanarak tümleştirmeyi, dönüştürmeyi, verileri depolamayı ve öngörü raporları oluşturmayı öğrenin.","tr","","L2","INTERMEDIATE","4.22","yes","0","no","DATA","DATA_AUTOMATION:4","","IT","","","yes","","","","",""
"MSL-TR-learn.wwl.active-directory-domain-services","Active Directory Etki Alanı Hizmetleri","https://learn.microsoft.com/tr-tr/training/paths/active-directory-domain-services/","Microsoft Learn","Microsoft Learn (learning path)","Active Directory Etki Alanı Hizmetleri","tr","","L2","INTERMEDIATE","4.58","yes","0","no","RESPONSIBLE_AI","RESPONSIBLE_AI:5","","IT","","","yes","","","","",""
"MSL-TR-learn.wwl.purview-implement-information-protection","Microsoft Purview Bilgi Koruması'ı Uygulama","https://learn.microsoft.com/tr-tr/training/paths/purview-implement-information-protection/","Microsoft Learn","Microsoft Learn (learning path)","Kuruluşların açığa çıkmasını önlemek ve uyumluluğu sağlamak için hassas verileri sınıflandırması, etiketlemesi ve koruması gerekir. Microsoft Purview çözümleri, Microsoft 365 ve şirket içi depolamada bilgilerin güvenliğini sağlamak için veri sınıflandırması, duyarlılık etiketleri ve şifreleme sağlar. Bu öğrenme yolu SC-401: Microsoft Bilgi Güvenliği Yöneticisi sınavıyla uyumlu.","tr","","L2","INTERMEDIATE","6.27","yes","0","no","RESPONSIBLE_AI","RESPONSIBLE_AI:5","","IT","","","yes","","","","",""
"MSL-TR-learn.gaming-accessibility-fundamentals","Oyun erişilebilirliğiyle ilgili temel bilgiler","https://learn.microsoft.com/tr-tr/training/paths/gaming-accessibility-fundamentals/","Microsoft Learn","Microsoft Learn (learning path)","Team Xbox'ta, herkes oynadığında hepimizin kazandığına inanıyoruz. Mümkün olduğunca çok geliştiricinin erişilebilir deneyimler oluşturmak için gereken araçlara sahip olmasını sağlamaya kararlıyız. Bu öğrenme yolu, bu alanda bilgilerini genişletmek isteyen oyun, platform ve donanım geliştiricileri için oyun erişilebilirliği hakkındaki temel kavramları tanıtır.","tr","","L1","BEGINNER","3.82","yes","0","no","RESPONSIBLE_AI","RESPONSIBLE_AI:5","","GENERAL","","","yes","","","","",""
"MSL-TR-learn.wwl.develop-generative-ai-apps","Azure'da üretken yapay zeka uygulamaları geliştirme","https://learn.microsoft.com/tr-tr/training/paths/develop-generative-ai-apps/","Microsoft Learn","Microsoft Learn (learning path)","Microsoft Foundry'de üretken yapay zeka uygulamaları geliştirmeyi öğrenin. (AI-3016)","tr","","L2","INTERMEDIATE","6.87","yes","0","no","FOUNDATIONS","FUNDAMENTALS:4","","GENERAL","","","yes","","","","",""
"MSL-TR-learn.intro-to-inclusive-design-practice","Öğretme Erişimi ile işbirliği içinde uygulamada kapsayıcı tasarıma giriş","https://learn.microsoft.com/tr-tr/training/paths/introduction-to-inclusive-design-practice/","Microsoft Learn","Microsoft Learn (learning path)","Uygulamadaki Kapsayıcı Tasarım'a hoş geldiniz. Bu öğrenme yolunda, web sitelerinin ve uygulamaların tüm kullanıcılar için kapsayıcı olduğundan emin olmak için dijital erişilebilirlikle ilgili temel kavramları keşfedeceksiniz.","tr","","L1","BEGINNER","5.65","yes","0","no","RESPONSIBLE_AI","RESPONSIBLE_AI:5","","GENERAL","","","yes","","","","",""
"MSL-TR-learn.wwl.implement-data-science-machine-learning-fab","Microsoft Fabric'te yapay zeka için veri bilimi ve makine öğrenmesi çözümü uygulama","https://learn.microsoft.com/tr-tr/training/paths/implement-data-science-machine-learning-fabric/","Microsoft Learn","Microsoft Learn (learning path)","Veri bilimi sürecini keşfedin ve Microsoft Fabric'te yapay zekayı başarmak için makine öğrenmesi modellerini eğitmeyi öğrenin. (DP-604T00)","tr","","L1","BEGINNER","5.48","yes","0","no","FOUNDATIONS","FUNDAMENTALS:4","","IT","","","yes","","","","",""
"MSL-TR-learn.endpoint-manager-fundamentals","Microsoft Intune ile ilgili temel bilgiler","https://learn.microsoft.com/tr-tr/training/paths/endpoint-manager-fundamentals/","Microsoft Learn","Microsoft Learn (learning path)","Bu öğrenme yolu, uç nokta ortamınızı yönetmeyle ilgili temel kavramları anlamanıza yardımcı olur.","tr","","L1","BEGINNER","3.68","yes","0","no","RESPONSIBLE_AI","RESPONSIBLE_AI:5","","IT","","","yes","","","","",""
"MSL-TR-learn.wwl.implement-windows-server-iaas-vm-identity","Windows Server IaaS VM kimliğini uygulama","https://learn.microsoft.com/tr-tr/training/paths/implement-windows-server-iaas-virtual-machine-identity/","Microsoft Learn","Microsoft Learn (learning path)","Bu öğrenme yolunu tamamladıktan sonra, Azure’da kimliğin nasıl uygulanacağını bileceksiniz. Şirket içi ortamda bulunan Active Directory kimlik hizmetini Azure'a genişletebileceksiniz.","tr","","L2","INTERMEDIATE","2.47","yes","0","no","RESPONSIBLE_AI","RESPONSIBLE_AI:5","","IT","","","yes","","","","",""
"MSL-TR-learn.philanthropies.ai-toolbox-for-trainers","Eğitmenler için yapay zeka araç kutusu","https://learn.microsoft.com/tr-tr/training/paths/ai-toolbox-for-trainers/","Microsoft Learn","Microsoft Learn (learning path)","Günümüzün hızlı tempolu dijital çağında yapay zeka (AI) eğitme ve eğitme şeklimizi değiştiriyor. Bu öğrenme yolu, yapay zeka araçlarının öğrenme ortamını nasıl dönüştürebileceğini anlamanızı sağlamak için tasarlanmıştır. Bu öğrenme yolu boyunca yapay zekanın eğitim deneyimini nasıl yükseltebileceğini, ilgi çekici içerik oluşturabileceğini ve daha kapsayıcı bir eğitim ortamı geliştirebileceğini keşfedeceksiniz. Ayrıca yapay zeka destekli üretkenlik araçlarını günlük eğitim uygulamalarınızla tümleştirmenin avantajlarını keşfedeceksiniz. Bu öğrenme yolunun sonunda, eğitim sürecini geliştirmek için yapay zeka araçlarını uygulayan eğitim ekosistemleri tasarlayıp uygulayabileceksiniz.","tr","","L1","BEGINNER","2.88","yes","0","no","FOUNDATIONS","FUNDAMENTALS:4","","GENERAL","","","yes","","","","",""
"MSL-TR-learn.wwl.ai-in-special-education","Özel eğitimde yapay zeka","https://learn.microsoft.com/tr-tr/training/paths/ai-in-special-education/","Microsoft Learn","Microsoft Learn (learning path)","Bu kurs, microsoft yapay zeka araçlarının yönetim taleplerini azaltmak, erişilebilirliği güçlendirmek ve ailelerle açık iletişimi desteklemek için özel eğitim ortamlarında nasıl düşünceli bir şekilde kullanılabileceğini keşfetmede eğitimcileri destekler. Öğrenme yolu boyunca yapay zekanın, gizliliğin ve saydamlığın sorumlu kullanımı vurgulanır, böylece eğitimciler yapay zekanın uygulamalarına ne zaman ve nasıl uyduğunu öğrenci ihtiyaçları ve profesyonel değerlerle uyumlu bir şekilde belirleyebilir.","tr","","L1","BEGINNER","2","yes","0","no","FOUNDATIONS","FUNDAMENTALS:4","","GENERAL","","","no","","","","",""
"MSL-TR-learn.wwl.build-production-grade-multi-agent-capabili","Microsoft Foundry ile kurumsal kullanıma hazır çoklu aracı yetenekleri geliştirin","https://learn.microsoft.com/tr-tr/training/paths/aaai-2-build-production-grade-multi-agent-capabilities-microsoft-foundry/","Microsoft Learn","Microsoft Learn (learning path)","Çok aracılı sistemleri güvenilir, güvenli ve sürdürülebilir hale getirmek için gereken üretim sınıfı teknik özellikleri nasıl uygulayacağınızı öğrenin. Bu eğitim, öğrenenlerin temel istem oluşturma, araçlardan yararlanma ve RAG desenlerinden; çoklu müdahale guardrail mimarileri tasarlamaya, kurumsal MCP sunucuları oluşturmaya, hibrit RAG işlem hatlarını uygulamaya ve Azure Cosmos DB ile dayanıklı aracı bellek sistemleri tasarlamaya kadar ilerlemelerine yardımcı olur. AI-500","tr","","L4","ADVANCED","3.8","yes","0","no","FOUNDATIONS","FUNDAMENTALS:4","","GENERAL","","","yes","","","","",""
"MSL-TR-learn.security.manage-identity-and-access","Microsoft Entra Id'de kimlik ve erişimi yönetme","https://learn.microsoft.com/tr-tr/training/paths/manage-identity-and-access/","Microsoft Learn","Microsoft Learn (learning path)","İş yükleri için Microsoft Entra Id'yi yapılandırarak aboneliklerle, kullanıcılarla ve gruplarla çalışmayı öğrenin.","tr","","L1","BEGINNER","1.98","yes","0","no","RESPONSIBLE_AI","RESPONSIBLE_AI:5","","IT","","","yes","","","","",""
"MSL-TR-learn.wwl.secure-application-platform-services","Bulut ve yapay zeka güvenlik mühendisi için güvenli Azure uygulama platformu hizmetleri","https://learn.microsoft.com/tr-tr/training/paths/secure-application-platform-services/","Microsoft Learn","Microsoft Learn (learning path)","Kapsayıcı iş yüklerinden API katmanına kadar Azure uygulama platformu hizmetlerinde güvenlik denetimleri uygulayın. Microsoft Defender for Containers'ı yapılandırın; Azure Kubernetes Service (AKS), Azure Container Registry (ACR), Container Instances ve Container Apps'in güvenliğini sağlayın. Ardından Azure İşlev Uygulamaları, Logic Apps, App Services, Web Uygulaması Güvenlik Duvarı ve Azure API Management genelinde kimlik doğrulaması, ağ erişimi ve ilke denetimlerini uygulayın.","tr","","L2","INTERMEDIATE","3.15","yes","0","no","RESPONSIBLE_AI","RESPONSIBLE_AI:5","","IT","","","yes","","","","",""
"MSL-TR-learn.wwl.configure-manage-entitlement-microsoft-entr","Microsoft Entra Kimliği ile yetkilendirmeyi yapılandırma ve yönetme","https://learn.microsoft.com/tr-tr/training/paths/configure-manage-entitlement-microsoft-entra-id/","Microsoft Learn","Microsoft Learn (learning path)","Yetkilendirmeleri, erişim gözden geçirmelerini, ayrıcalıklı erişim araçlarını kullanarak erişimi yönetmek ve erişim olaylarını izlemek için Microsoft Entra'yı kullanın. (SC-5008)","tr","","L2","INTERMEDIATE","3.38","yes","0","no","RESPONSIBLE_AI","RESPONSIBLE_AI:5","","IT","","","yes","","","","",""
"MSL-TR-learn.wwl.devops-foundations-core-principles-practice","DevOps temelleri: Temel ilkeler ve uygulamalar","https://learn.microsoft.com/tr-tr/training/paths/devops-foundations-core-principles-practices/","Microsoft Learn","Microsoft Learn (learning path)","GitHub kullanarak DevOps uygulamalarını keşfedin. Geliştirme ve operasyon ekipleriniz, uygulama yaşam döngüsünün tüm aşamalarında gelişmiş işbirliği, çeviklik, sürekli tümleştirme, sürekli teslim, otomasyon ve operasyonel mükemmellik deneyimleyecek. (AZ-2008)","tr","","L1","BEGINNER","4.48","yes","0","no","TECHNICAL","TECHNICAL:5","","IT","","","yes","","","","",""
"MSL-TR-learn.run-vmware-workloads-azure-vmware-solution","VMware kaynaklarını Azure VMware Çözümü üzerinde çalıştırma","https://learn.microsoft.com/tr-tr/training/paths/run-vmware-workloads-azure-vmware-solution/","Microsoft Learn","Microsoft Learn (learning path)","Azure VMware Çözümü, kaynağı dağıtma ve VMware sanal makinelerini şirket içinde geçirme hakkında bilgi edinin.","tr","","L2","INTERMEDIATE","4.73","yes","0","no","TECHNICAL","TECHNICAL:5","","IT","","","yes","","","","",""
"MSL-TR-learn.wwl.sc-200-mitigate-threats-using-azure-defende","Bulut için Microsoft Defender kullanarak tehditleri azaltma","https://learn.microsoft.com/tr-tr/training/paths/sc-200-mitigate-threats-using-azure-defender/","Microsoft Learn","Microsoft Learn (learning path)","Bulut için Microsoft Defender kullanarak tehditleri azaltma","tr","","L2","INTERMEDIATE","4.28","yes","0","no","RESPONSIBLE_AI","RESPONSIBLE_AI:5","","IT","","","no","","","","",""
"MSL-TR-learn.data-ai.implement-data-streaming-with-asa","Azure Stream Analytics ile Veri Akışı Çözümü Uygulama","https://learn.microsoft.com/tr-tr/training/paths/implement-data-streaming-with-asa/","Microsoft Learn","Microsoft Learn (learning path)","Azure Stream Analytics ile Veri Akışı Çözümü Uygulama","tr","","L1","BEGINNER","3.03","yes","0","no","DATA","DATA_AUTOMATION:4","","GENERAL","","","yes","","","","",""
"MSL-TR-learn.wwl.implement-azure-storage-security","Bulut ve yapay zeka güvenlik mühendisi için Azure Depolama güvenliğini uygulama","https://learn.microsoft.com/tr-tr/training/paths/implement-azure-storage-security/","Microsoft Learn","Microsoft Learn (learning path)","Azure Depolama için derinlemesine bir güvenlik stratejisi uygulayın. Depolama hesaplarını güçlendirin, Microsoft Entra ID ve depolanan erişim ilkeleriyle erişimi idare edin, güvenlik duvarı kurallarını ve özel uç noktaları kullanarak ağ çevresi denetimlerini zorunlu kılın ve kötü amaçlı yüklemelerden ve güvenliği aşılmış yapay zeka aracısı kimlik bilgilerinden kaynaklanan tehditleri algılamak için Depolama için Microsoft Defender etkinleştirin.","tr","","L2","INTERMEDIATE","1.67","yes","0","no","RESPONSIBLE_AI","RESPONSIBLE_AI:5","","IT","","","yes","","","","",""
"MSL-TR-learn.extract-insights-visual-data-azure","Azure'da görsel verilerden içgörü ayıklama","https://learn.microsoft.com/tr-tr/training/paths/insight-visual-data/","Microsoft Learn","Microsoft Learn (learning path)","Görsel verilerden içgörüleri ayıklamak için Azure'da üretken yapay zeka vizyonunu ve Content Understanding'i kullanın.","tr","","L2","INTERMEDIATE","7.1","yes","0","no","FOUNDATIONS","FUNDAMENTALS:4","","GENERAL","","","yes","","","","",""
"MSL-TR-learn.wwl.purview-protect-microsoft-365-copilot-envir","Microsoft Purview kullanarak Microsoft 365 Copilot ortamındaki bilgileri koruma","https://learn.microsoft.com/tr-tr/training/paths/purview-protect-microsoft-365-copilot-environment/","Microsoft Learn","Microsoft Learn (learning path)","Microsoft 365 Copilot, hassas bilgilerin açığa çıkmasına yönelik yeni riskler sunan yanıtlar oluşturmak için kuruluş verilerine erişir. Copilot özellikli bir ortamda verileri araştırmak, sınıflandırmak ve korumak için Microsoft Purview denetimi, duyarlılık etiketlerini ve veri kaybı önlemeyi nasıl kullanacağınızı öğrenin.","tr","","L2","INTERMEDIATE","2.87","yes","0","no","RESPONSIBLE_AI","RESPONSIBLE_AI:5","","IT","","","yes","","","","",""
"MSL-TR-learn.wwl.secure-access-resources-entra","Microsoft Entra kullanarak kaynaklara erişimin güvenliğini sağlama","https://learn.microsoft.com/tr-tr/training/paths/secure-access-resources-entra/","Microsoft Learn","Microsoft Learn (learning path)","Güçlü kimlik doğrulama denetimleri tasarlamayı ve uygulamayı, Tam Zamanında ayrıcalıklı erişim stratejileri uygulamayı ve Microsoft Entra kullanarak yapay zeka destekli uygulamalara kimlik tabanlı güvenliği genişletmeyi öğrenin.","tr","","L2","INTERMEDIATE","1.5","yes","0","no","RESPONSIBLE_AI","RESPONSIBLE_AI:5","","IT","","","yes","","","","",""
"MSL-TR-learn.ai-technical-concepts","Geliştiriciler ve teknoloji uzmanları için yapay zeka kavramları","https://learn.microsoft.com/tr-tr/training/paths/ai-concepts/","Microsoft Learn","Microsoft Learn (learning path)","Yapay zeka iş yüklerini daha iyi anlamanıza ve yapay zeka çözümlerini planlamanıza yardımcı olacak temel yapay zeka kavramlarını ve terminolojisini öğrenin.","tr","","L1","BEGINNER","3.85","yes","0","no","FOUNDATIONS","FUNDAMENTALS:4","","GENERAL","","","yes","","","","",""
"MSL-TR-learn.azure-static-web-apps","Azure Statik Web Uygulamaları","https://learn.microsoft.com/tr-tr/training/paths/azure-static-web-apps/","Microsoft Learn","Microsoft Learn (learning path)","Azure Static Web Apps, kaynak kodundan global düzeyde yüksek kullanılabilirliğe kadar kolayca tam yığın uygulama geliştirme olanağı sunan modern bir web uygulaması hizmetidir.","tr","","L1","BEGINNER","0.3","yes","0","no","TECHNICAL","TECHNICAL:5","","IT","","","yes","","","","",""
"MSL-TR-learn.wwl.optimize-query-performance-azure-cosmos-db-","NoSQL için Azure Cosmos DB'de sorgu ve işlem performansını iyileştirme","https://learn.microsoft.com/tr-tr/training/paths/optimize-query-performance-azure-cosmos-db-sql-api/","Microsoft Learn","Microsoft Learn (learning path)","NoSQL için Azure Cosmos DB'de sorgu ve işlem performansını iyileştirme","tr","","L2","INTERMEDIATE","1.9","yes","0","no","DATA","DATA_AUTOMATION:4","","IT","","","yes","","","","",""
"MSL-TR-learn.wwl.explore-analytics-data-stores","Microsoft Fabric analiz veri depolarını keşfetme","https://learn.microsoft.com/tr-tr/training/paths/explore-analytics-data-stores/","Microsoft Learn","Microsoft Learn (learning path)","Microsoft Fabric'in OneLake aracılığıyla analiz depolamayı nasıl birleştirdiğini anlayın ve veri iş yükleriniz için göl depoları, ambarlar veya olay depolarını ne zaman kullanmanız gerektiğini değerlendirin.","tr","","L1","BEGINNER","4.57","yes","0","no","DATA","DATA_AUTOMATION:4","","GENERAL","","","yes","","","","",""
"MSL-TR-learn.wwl.plan-implement-identity-governance-strategy","Kimlik idare stratejisi planlama ve uygulama","https://learn.microsoft.com/tr-tr/training/paths/plan-implement-identity-governance-strategy/","Microsoft Learn","Microsoft Learn (learning path)","Kimlik idare stratejisi planlama ve uygulama","tr","","L2","INTERMEDIATE","3.38","yes","0","no","RESPONSIBLE_AI","RESPONSIBLE_AI:5","","IT","","","yes","","","","",""
"MSL-TR-learn.wwl.design-transform-analytics-data","Microsoft Fabric'de analiz verilerini tasarlama ve dönüştürme","https://learn.microsoft.com/tr-tr/training/paths/design-transform-analytics-data/","Microsoft Learn","Microsoft Learn (learning path)","Microsoft Fabric tutarlı, analize hazır veriler üretmek için veri akışlarını, Spark not defterlerini ve T-SQL'i kullanarak boyutsal modeller tasarlayın ve dönüştürmeler uygulayın.","tr","","L2","INTERMEDIATE","5.23","yes","0","no","DATA","DATA_AUTOMATION:4","","IT","","","yes","","","","",""
"MSL-TR-learn.wwl.perform-basic-identity-access-tasks","Temel kimlik ve erişim görevlerini gerçekleştirme","https://learn.microsoft.com/tr-tr/training/paths/perform-basic-identity-access-tasks/","Microsoft Learn","Microsoft Learn (learning path)","Microsoft Entra Id kullanarak kimlik ve erişim oluşturmayı ve yönetmeyi öğrenin. Kullanıcı, grup oluşturma ve koşullu erişimle erişimi denetleme ile ilgili temel bilgileri keşfedin.","tr","","L1","BEGINNER","4.22","yes","0","no","RESPONSIBLE_AI","RESPONSIBLE_AI:5","","IT","","","yes","","","","",""
"MSL-TR-learn.wwl.automate-tasks-sql-server","Azure SQL için veritabanı görevlerini otomatikleştirme","https://learn.microsoft.com/tr-tr/training/paths/automate-tasks-sql-server/","Microsoft Learn","Microsoft Learn (learning path)","Azure SQL için veritabanı görevlerini otomatikleştirme","tr","","L2","INTERMEDIATE","2.78","yes","0","no","DATA","DATA_AUTOMATION:4","","IT","","","yes","","","","",""
"MSL-TR-learn.wwl.designing-implementing-platform-engineering","Platform Mühendisliğini Tasarlama ve Uygulama","https://learn.microsoft.com/tr-tr/training/paths/designing-implementing-platform-engineering/","Microsoft Learn","Microsoft Learn (learning path)","Bu öğrenme yolu, modern kuruluşlarda Platform Mühendisliğini Tasarlama ve Uygulama konusunda kapsamlı bir kılavuz sağlar. Temel ilkeleri, iş hedefleriyle stratejik uyumu ve ölçeklenebilir, güvenli ve geleceğe hazır platformlar oluşturmanın pratik yönlerini kapsar. Öğrenciler bu yolu izleyerek geliştirici üretkenliğini artırmak, operasyonel mükemmelliği sağlamak ve sürekli yenilikleri yönlendirmek için gereken bilgi ve becerileri edinecektir.","tr","","L4","ADVANCED","6.03","yes","0","no","TECHNICAL","TECHNICAL:5","","IT","","","yes","","","","",""
"MSL-TR-learn.secure-networking-infrastructure","Azure ağ güvenliği ile Güvenli Ağ Altyapısı'na giriş","https://learn.microsoft.com/tr-tr/training/paths/secure-networking-infrastructure/","Microsoft Learn","Microsoft Learn (learning path)","Ağ altyapınızın güvenliğini sağlamak için ağınızı siber güvenlik saldırılarından korumayı öğrenin.","tr","","L1","BEGINNER","1.27","yes","0","no","RESPONSIBLE_AI","RESPONSIBLE_AI:5","","IT","","","no","","","","",""
"MSL-TR-learn.wwl.security-copilot-and-ai","Microsoft Security Copilot kullanarak güvenlik işlemlerini geliştirme","https://learn.microsoft.com/tr-tr/training/paths/security-copilot-and-ai/","Microsoft Learn","Microsoft Learn (learning path)","Microsoft Security Copilot (SC-5006) kullanarak güvenlik işlemlerini geliştirin.","tr","","L1","BEGINNER","6.2","yes","0","no","RESPONSIBLE_AI","RESPONSIBLE_AI:5","","IT","","","yes","","","","",""
"MSL-TR-learn.wwl.integrate-azure-cosmos-db-sql-api-azure-ser","NoSQL için Azure Cosmos DB'yi Azure hizmetleriyle tümleştirme","https://learn.microsoft.com/tr-tr/training/paths/integrate-azure-cosmos-db-sql-api-azure-services/","Microsoft Learn","Microsoft Learn (learning path)","NoSQL için Azure Cosmos DB'yi Azure hizmetleriyle tümleştirme","tr","","L2","INTERMEDIATE","1.95","yes","0","no","DATA","DATA_AUTOMATION:4","","IT","","","yes","","","","",""
"MSL-TR-learn.wwl.overview-of-azure-stack-hub","Azure Stack Hub'a genel bakış","https://learn.microsoft.com/tr-tr/training/paths/overview-of-azure-stack-hub/","Microsoft Learn","Microsoft Learn (learning path)","Azure Stack Hub'a genel bakış","tr","","L4","ADVANCED","2.38","yes","0","no","TECHNICAL","TECHNICAL:5","","IT","","","yes","","","","",""
"MSL-TR-learn.wwl.implement-windows-server-iaas-vm-security","Windows Server IaaS VM güvenliğini uygulama","https://learn.microsoft.com/tr-tr/training/paths/implement-windows-server-iaas-virtual-machine-security/","Microsoft Learn","Microsoft Learn (learning path)","Bu öğrenme yolunda Azure kaynaklarınızı güvenli hale getirme konusu ele alınır. Öğrenme yolunu tamamladıktan sonra, Azure IaaS iş yüklerinizde güvenlik açığı olup olmadığını belirleyebilecek ve bu olası güvenlik açıklarını düzeltebileceksiniz.","tr","","L2","INTERMEDIATE","3.85","yes","0","no","RESPONSIBLE_AI","RESPONSIBLE_AI:5","","IT","","","yes","","","","",""
"MSL-TR-learn.philanthropies.intro-to-ai-for-trainers","Eğitmenler için yapay zekaya giriş","https://learn.microsoft.com/tr-tr/training/paths/introduction-to-artificial-intelligence-for-trainers/","Microsoft Learn","Microsoft Learn (learning path)","Yapay zekanın (AI) ilkeleri ve eğitim ayarlarında nasıl kullanıldığı hakkında temel bilgiler edinin.","tr","","L1","BEGINNER","2.6","yes","0","no","FOUNDATIONS","FUNDAMENTALS:4","","GENERAL","","","yes","","","","",""
"MSL-TR-learn.wwl.implement-windows-server-hybrid-cloud-manag","Windows Server hibrit bulut yönetimi, izlemesi ve güvenliğini uygulama","https://learn.microsoft.com/tr-tr/training/paths/implement-windows-server-hybrid-cloud-management-monitoring-security/","Microsoft Learn","Microsoft Learn (learning path)","Bu öğrenme yolu, hibrit bir ortamı yönetme, izleme ve güvenliğini sağlama ile ilgili sorunları ele alır. Bu öğrenme yolunu tamamladıktan sonra, hibrit Azure ve şirket içi iş yüklerini yönetebilecek ve bunların bakımını yapabileceksiniz.","tr","","L2","INTERMEDIATE","2.87","yes","0","no","RESPONSIBLE_AI","RESPONSIBLE_AI:5","","IT","","","yes","","","","",""
"MSL-TR-learn.hololens-fundamentals","HoloLens Ile İlgili Temel Bilgiler","https://learn.microsoft.com/tr-tr/training/paths/hololens-fundamentals/","Microsoft Learn","Microsoft Learn (learning path)","HoloLens cihaz yönetimi, dağıtımı ve uygulama dağıtımının temellerini öğrenin.","tr","","L1","BEGINNER","1.45","yes","0","no","TECHNICAL","TECHNICAL:5","","IT","","","yes","","","","",""
"MSL-TR-learn.improve-reliability-modern-operations","Modern operasyon uygulamalarıyla daha yüksek güvenilirlik sağlama","https://learn.microsoft.com/tr-tr/training/paths/improve-reliability-modern-operations/","Microsoft Learn","Microsoft Learn (learning path)","İhtiyacınız olan güvenilirlik düzeyini elde etmenize yardımcı olacak modern operasyon ilkelerini ve uygulamalarını öğrenin.","tr","","L1","BEGINNER","2.9","yes","0","no","PRODUCTIVITY","WORKPLACE:4","","GENERAL","","","yes","","","","",""
"MSL-TR-learn.wwl.purview-data-security-posture-management","Microsoft Purview'da Veri Güvenliği Duruş Yönetimi ile verilerin açığa çıkarma riskini azaltma","https://learn.microsoft.com/tr-tr/training/paths/purview-data-security-posture-management/","Microsoft Learn","Microsoft Learn (learning path)","Duruşu değerlendirmek, hassas verileri korumak ve riskleri araştırmak için Microsoft Purview'de Veri Güvenliği Duruş Yönetimi'nin kullanılmasıyla verilerin açığa çıkarma riskini azaltın.","tr","","L2","INTERMEDIATE","2.7","yes","0","no","RESPONSIBLE_AI","RESPONSIBLE_AI:5","","IT","","","yes","","","","",""
"MSL-TR-learn.wwl.implement-windows-365-cloud-pcs","MD-015 Windows 365 Bulut Bilgisayarlarını Uygulama","https://learn.microsoft.com/tr-tr/training/paths/implement-windows-365-cloud-pcs/","Microsoft Learn","Microsoft Learn (learning path)","Bu öğrenme yolu, Uygulama yönetimi ve Windows 365 Bulut bilgisayarlarını sağlama, dağıtma ve yönetme dahil olmak üzere Windows 365 uygulaması hakkında yönergeler sağlar.","tr","","L2","INTERMEDIATE","1.97","yes","0","no","PRODUCTIVITY","WORKPLACE:4","","IT","","","yes","","","","",""
"MSL-TR-learn.wwl.prepare-teach-az-204-developing-solution-mi","AZ-204'e Microsoft Azure için Çözüm Geliştirme'yi öğretmeye hazırlanma","https://learn.microsoft.com/tr-tr/training/paths/prepare-teach-az-204-developing-solution-microsoft-azure/","Microsoft Learn","Microsoft Learn (learning path)","Eğitimciler için Microsoft Learn programı hakkında bilgi edinin. Ayrıca, içeriğini öğrencileriniz için en iyi şekilde nasıl sunacağınızı öğrenin. Sınıfta Microsoft Azure çözümleri için geliştirme çözümü sunmaya hazırlanın.","tr","","L4","ADVANCED","2.85","yes","0","no","TECHNICAL","TECHNICAL:5","","IT","","","yes","","","","",""
"MSL-TR-learn.wwl.purview-ninja-safeguard-data","Microsoft Purview Ninja eğitim senaryolarıyla hassas verilerin güvenliğini sağlama","https://learn.microsoft.com/tr-tr/training/paths/purview-ninja-safeguard-data/","Microsoft Learn","Microsoft Learn (learning path)","Microsoft 365 genelinde bilgileri korumak için verileri sınıflandırmayı, duyarlılık etiketlerini uygulamayı, DLP ilkelerini zorunlu kılmayı ve Security Copilot'u kullanmayı keşfedin.","tr","","L2","INTERMEDIATE","1.95","yes","0","no","RESPONSIBLE_AI","RESPONSIBLE_AI:5","","IT","","","yes","","","","",""
"MSL-TR-learn.wwl.azure-data-fundamentals-explore-relational-","Azure'da Microsoft Azure ilişkisel verilerine giriş","https://learn.microsoft.com/tr-tr/training/paths/azure-data-fundamentals-explore-relational-data/","Microsoft Learn","Microsoft Learn (learning path)","Azure'da Microsoft Azure ilişkisel verilerine giriş","tr","","L1","BEGINNER","1.32","yes","0","no","DATA","DATA_AUTOMATION:4","","GENERAL","","","yes","","","","",""
"MSL-TR-learn.az-400-facilitate-communication-collaboration","İletişim ve işbirliğini kolaylaştırma","https://learn.microsoft.com/tr-tr/training/paths/az-400-facilitate-communication-collaboration/","Microsoft Learn","Microsoft Learn (learning path)","Sürekli planlama ve sürekli işbirliği gibi DevOps özelliklerini keşfedin ve AZ-400: Microsoft DevOps Çözümlerini Tasarlama ve Uygulama Sınavına hazırlanın.","tr","","L1","BEGINNER","1.73","yes","0","no","COMMUNICATION","","","GENERAL","","","yes","","","","",""
"MSL-TR-learn.wwl.prepare-teach-sc-400-information-protection","SC-400 Microsoft Information Protection Yöneticisi'ni öğretmeye hazırlanın","https://learn.microsoft.com/tr-tr/training/paths/prepare-teach-sc-400-information-protection-administrator/","Microsoft Learn","Microsoft Learn (learning path)","Eğitimciler için Microsoft Learn programı ve içeriğini öğrencileriniz için en iyi şekilde nasıl sunacağınızı öğrenin. Akademik programda Microsoft'un güvenlik çözümleri olan SC-400 Microsoft Information Protection Yöneticisi'ni sunmaya hazırlanın.","tr","","L1","BEGINNER","4.03","yes","0","no","RESPONSIBLE_AI","RESPONSIBLE_AI:5","","IT","","","no","","","","",""
"MSL-TR-learn.az-400-develop-sre-strategy","Site Güvenilirlik Mühendisliği (SRE) stratejisi geliştirme","https://learn.microsoft.com/tr-tr/training/paths/az-400-develop-sre-strategy/","Microsoft Learn","Microsoft Learn (learning path)","Sistemlerinizde, hizmetlerinizde ve ürünlerinizde uygun güvenilirlik düzeyini sürdürülebilir bir şekilde elde edin ve AZ-400: Microsoft DevOps Çözümlerini Tasarlama ve Uygulama Sınavına hazırlanın.","tr","","L1","BEGINNER","4.2","yes","0","no","TECHNICAL","TECHNICAL:5","","IT","","","yes","","","","",""
"MSL-TR-learn.wwl.build-first-machine-operations-workflow","Makine öğrenmesi modellerini kullanıma hazır hale getirme (MLOps)","https://learn.microsoft.com/tr-tr/training/paths/build-first-machine-operations-workflow/","Microsoft Learn","Microsoft Learn (learning path)","Azure Machine Learning ve GitHub Actions ile makine öğrenmesi modellerini tasarlamayı, eğitmeyi, iyileştirmeyi, otomatikleştirmeyi, dağıtmayı ve izlemeyi öğrenin.","tr","","L2","INTERMEDIATE","5.82","yes","0","no","FOUNDATIONS","FUNDAMENTALS:4","","GENERAL","","","no","","","","",""
"MSL-TR-learn.wwl.develop-ai-solutions-azure-cosmos-db","NoSQL için Azure Cosmos DB ile yapay zeka çözümleri geliştirme","https://learn.microsoft.com/tr-tr/training/paths/develop-ai-solutions-azure-cosmos-db/","Microsoft Learn","Microsoft Learn (learning path)","NOSQL için Azure Cosmos DB kullanarak, RAG işlem hatları için vektör arama ve sorgu iyileştirme ve anlamsal alma gibi yapay zeka çözümleri geliştirmeyi öğrenin.","tr","","L2","INTERMEDIATE","4.2","yes","0","no","DATA","DATA_AUTOMATION:4","","IT","","","yes","","","","",""
"MSL-TR-learn.wwl.describe-capabilities-of-microsoft-security","Microsoft güvenlik çözümlerine giriş","https://learn.microsoft.com/tr-tr/training/paths/describe-capabilities-of-microsoft-security-solutions/","Microsoft Learn","Microsoft Learn (learning path)","SC-900: Microsoft güvenlik çözümlerine giriş","tr","","L1","BEGINNER","3.82","yes","0","no","RESPONSIBLE_AI","RESPONSIBLE_AI:5","","IT","","","no","","","","",""
"MSL-TR-learn.wwl.data-integration-scale-azure-data-factory","Azure Data Factory ile büyük ölçekte veri tümleştirmesi","https://learn.microsoft.com/tr-tr/training/paths/data-integration-scale-azure-data-factory/","Microsoft Learn","Microsoft Learn (learning path)","Azure Data Factory ile büyük ölçekte veri tümleştirmesi","tr","","L2","INTERMEDIATE","4.63","yes","0","no","DATA","DATA_AUTOMATION:4","","GENERAL","","","yes","","","","",""
"MSL-TR-learn.wwl.describe-concepts-of-security-compliance-id","Güvenlik, uyumluluk ve kimlik kavramlarına giriş","https://learn.microsoft.com/tr-tr/training/paths/describe-concepts-of-security-compliance-identity/","Microsoft Learn","Microsoft Learn (learning path)","SC-900: Güvenlik, uyumluluk ve kimlik kavramlarına giriş","tr","","L1","BEGINNER","1.62","yes","0","no","RESPONSIBLE_AI","RESPONSIBLE_AI:5","","IT","","","no","","","","",""
"MSL-TR-learn.wwl.implement-ai-capabilities-database-solution","Veritabanı çözümlerinde yapay zeka özelliklerini uygulama","https://learn.microsoft.com/tr-tr/training/paths/implement-ai-capabilities-database-solutions/","Microsoft Learn","Microsoft Learn (learning path)","T-SQL'de akıllı arama tasarlamayı, modellerle ve eklemelerle çalışmayı ve Alma Artırılmış Nesil (RAG) desenleri oluşturmayı öğrenin.","tr","","L2","INTERMEDIATE","3.67","yes","0","no","FOUNDATIONS","FUNDAMENTALS:4","","IT","","","yes","","","","",""
"MSL-TR-learn.wwl.plan-implement-azure-cosmos-db-sql-api","NoSQL için Azure Cosmos DB planlama ve uygulama","https://learn.microsoft.com/tr-tr/training/paths/plan-implement-azure-cosmos-db-sql-api/","Microsoft Learn","Microsoft Learn (learning path)","NoSQL için Azure Cosmos DB planlama ve uygulama","tr","","L2","INTERMEDIATE","1.85","yes","0","no","DATA","DATA_AUTOMATION:4","","IT","","","yes","","","","",""
"MSL-TR-learn.quantum-computing-fundamentals","Azure Quantum'ı kullanmaya başlama","https://learn.microsoft.com/tr-tr/training/paths/quantum-computing-fundamentals/","Microsoft Learn","Microsoft Learn (learning path)","Kuantum bilgi işlem ilgilinizi çekiyor ancak nereden başlayacağınızı bilmiyor musunuz? Bu öğrenme yolu, bu heyecan verici yeni nesil bilgi işleme hazırlanmanıza yardımcı olur.","tr","","L1","BEGINNER","3.33","yes","0","no","TECHNICAL","TECHNICAL:5","","IT","","","yes","","","","",""
"MSL-TR-learn.wwl.design-infranstructure-solutions","AZ-305: Altyapı çözümleri tasarlama","https://learn.microsoft.com/tr-tr/training/paths/design-infranstructure-solutions/","Microsoft Learn","Microsoft Learn (learning path)","AZ-305: Altyapı çözümleri tasarlama","tr","","L4","ADVANCED","3.65","yes","0","no","TECHNICAL","TECHNICAL:5","","IT","","","yes","","","","",""
"MSL-TR-learn.wwl.automate-azure-load-testing-github","GitHub kullanarak Azure Yük Testlerini otomatikleştirme","https://learn.microsoft.com/tr-tr/training/paths/automate-azure-load-testing-github/","Microsoft Learn","Microsoft Learn (learning path)","GitHub Actions'ı uygulamayı ve uygulama dağıtımlarını test etmeyi otomatikleştirmek için Azure Load Testing'i yapılandırmayı öğrenin.","tr","","L2","INTERMEDIATE","3.2","yes","0","no","PRODUCTIVITY","WORKPLACE:4","","GENERAL","","","yes","","","","",""
"MSL-TR-learn.wwl.govern-ai-ready-infrastructure","Yapay zekaya hazır altyapıyı yönetme","https://learn.microsoft.com/tr-tr/training/paths/govern-ai-ready-infrastructure/","Microsoft Learn","Microsoft Learn (learning path)","Bu kursta politikaları uygulayarak, güvenli erişim sağlayarak, maliyetleri yöneterek, model davranışını düzenleyerek ve pratik, gerçek dünya yönetim senaryoları aracılığıyla uyumluluğu izleyerek Microsoft Foundry ile yapay zeka kullanımına hazır altyapının nasıl yönetileceği öğretilmektedir.","tr","","L2","INTERMEDIATE","6.37","yes","0","no","TECHNICAL","TECHNICAL:5","","IT","","","yes","","","","",""
"MSL-TR-learn.wwl.defend-against-cyberthreats-defender","Microsoft Defender XDR ile siber tehditlere karşı savunma","https://learn.microsoft.com/tr-tr/training/paths/sc-5004-defend-against-cyberthreats-defender/","Microsoft Learn","Microsoft Learn (learning path)","Bu Microsoft Uygulamalı Beceriler kimlik bilgilerini kazanmak için öğrenciler, siber tehditleri algılamak ve yanıtlamak için Microsoft Defender XDR kullanma becerisini gösterir. Bu kimlik bilgisi için adaylar, uç noktalara yönelik saldırılar hakkında araştırma ve kanıt toplama konusunda bilgi sahibi olmalıdır. Ayrıca Uç Nokta için Microsoft Defender ve Kusto Sorgu Dili (KQL) kullanma deneyimine de sahip olmalıdır.","tr","","L2","INTERMEDIATE","4.87","yes","0","no","RESPONSIBLE_AI","RESPONSIBLE_AI:5","","IT","","","no","","","","",""
"MSL-TR-learn.wwl.get-started-fabric-iq","Fabric IQ kullanmaya başlama","https://learn.microsoft.com/tr-tr/training/paths/get-started-fabric-iq/","Microsoft Learn","Microsoft Learn (learning path)","Fabric IQ'yu kullanarak bir ontolojideki iş kavramlarını modellemeyi, bunları veri kaynaklarına bağlamayı, ilişkileri görselleştirmeyi ve iş sözlüğünüze dayalı veri aracıları oluşturmayı öğrenin.","tr","","L1","BEGINNER","4.9","yes","0","no","DATA","DATA_AUTOMATION:4","","GENERAL","","","yes","","","","",""
"MSL-TR-learn.mixed-reality-design","Karma Gerçeklik tasarımı","https://learn.microsoft.com/tr-tr/training/paths/mixed-reality-design/","Microsoft Learn","Microsoft Learn (learning path)","Karma gerçeklik uygulamaları ve deneyimleri tasarlamanın temellerini öğrenin.","tr","","L1","BEGINNER","6.25","yes","0","no","TECHNICAL","TECHNICAL:5","","IT","","","yes","","","","",""
"MSL-TR-learn.wwl.transform-your-business-with-microsoft-ai","Yapay zeka ile işletmenizi dönüştürme","https://learn.microsoft.com/tr-tr/training/paths/transform-your-business-with-microsoft-ai/","Microsoft Learn","Microsoft Learn (learning path)","Bu öğrenme yolunda, iş liderleri kuruluşlarında yapay zekayı benimsemek için gereken bilgileri ve kaynakları bulacaktır. Yapay zeka projelerini sorumlu bir şekilde planlamayı, stratejilendirmeyi ve ölçeklendirmeyi inceler.","tr","","L1","BEGINNER","2.57","yes","0","no","FOUNDATIONS","FUNDAMENTALS:4","","GENERAL","","","no","","","","",""
"MSL-TR-learn.wwl.design-data-storage-solutions","AZ-305: Veri depolama çözümleri tasarlama","https://learn.microsoft.com/tr-tr/training/paths/design-data-storage-solutions/","Microsoft Learn","Microsoft Learn (learning path)","AZ-305: Veri depolama çözümleri tasarlama","tr","","L4","ADVANCED","2.73","yes","0","no","DATA","DATA_AUTOMATION:4","","GENERAL","","","yes","","","","",""
"MSL-TR-learn.wwl.entra-ai-secure-workloads","Microsoft Entra ile yapay zeka kimlik altyapısının güvenliğini sağlama","https://learn.microsoft.com/tr-tr/training/paths/entra-ai-secure-workloads/","Microsoft Learn","Microsoft Learn (learning path)","Azure'da yapay zeka iş yükleri tarafından kullanılan kimliklerin güvenliğini sağlamayı öğrenin. Microsoft Entra kullanarak iş yükü kimlik mimarisi, erişim yönetimi, Koşullu Erişim ve kimlik riski yanıtı becerileri oluşturun.","tr","","L2","INTERMEDIATE","3.13","yes","0","no","RESPONSIBLE_AI","RESPONSIBLE_AI:5","","IT","","","yes","","","","",""
"MSL-TR-learn.wwl.sc-200-mitigate-threats-using-microsoft-cop","Microsoft Security Copilot kullanarak tehditleri azaltma","https://learn.microsoft.com/tr-tr/training/paths/sc-200-mitigate-threats-using-microsoft-copilot-for-security/","Microsoft Learn","Microsoft Learn (learning path)","Microsoft Security Copilot kullanarak tehditleri azaltma","tr","","L2","INTERMEDIATE","4.9","yes","0","no","RESPONSIBLE_AI","RESPONSIBLE_AI:5","","IT","","","no","","","","",""
"MSL-TR-learn.philanthropies.responsible-use-of-artificial-in","Yapay zekanın eğitimde sorumlu kullanımı","https://learn.microsoft.com/tr-tr/training/paths/responsible-use-of-artificial-intelligence-in-education/","Microsoft Learn","Microsoft Learn (learning path)","Bu öğrenme yolunda, Microsoft'un Sorumlu yapay zeka çerçevesinin içgörüsel bir keşfine girişecek ve yapay zeka teknolojilerinin geliştirilmesine ve kullanımına etik ilkelerin nasıl uygulanacağını öğreneceksiniz. İlk olarak Microsoft'un sorumlu yapay zeka yaklaşımını şekillendiren çerçeveleri öğrenerek altı sorumlu yapay zeka ilkesine bağlılığı ele alırsınız. İlerledikçe, yapay zeka araçlarının yalnızca öğrenme deneyimlerini geliştirmekle kalmaz eşitlik ve gizlilik değerlerini de korumasını sağlayarak bu ilkeleri eğitim ortamlarıyla tümleştirmenin pratik yollarını keşfedersiniz. Öğrenme yolu, teorik bilgileri gerçek dünya pratiğine çeviren uygulamalı alıştırmalarla sona erer. Bu öğrenme yolu, sorumlu yapay zeka sistemlerini herhangi bir öğrenme ortamında sorumlu bir şekilde uygulamak için gerekli becerilerle donatıyor.","tr","","L1","BEGINNER","2.7","yes","0","no","FOUNDATIONS","FUNDAMENTALS:4","","GENERAL","","","yes","","","","",""
"MSL-TR-learn.wwl.design-develop-database-solutions","Veritabanı çözümleri tasarlama ve geliştirme","https://learn.microsoft.com/tr-tr/training/paths/design-develop-database-solutions/","Microsoft Learn","Microsoft Learn (learning path)","SQL Server, Azure SQL ve Microsoft Fabric için veritabanı nesneleri, programlanabilirlik nesneleri, gelişmiş T-SQL kodu ve yapay zeka destekli araçlar tasarlamayı ve uygulamayı öğrenin.","tr","","L2","INTERMEDIATE","7.18","yes","0","no","DATA","DATA_AUTOMATION:4","","IT","","","yes","","","","",""
"MSL-TR-learn.wwl.describe-azure-management-governance","Bulut Altyapısına Giriş: Azure yönetimini ve idaresini açıklama","https://learn.microsoft.com/tr-tr/training/paths/describe-azure-management-governance/","Microsoft Learn","Microsoft Learn (learning path)","Bulut Altyapısına Giriş eğitiminin yönetim ve idare odaklı bölümü.","tr","","L1","BEGINNER","1.35","yes","0","no","TECHNICAL","TECHNICAL:5","","IT","","","yes","","","","",""
"MSL-TR-learn.github-copilot-2","GitHub Copilot TemelLeri Bölüm 2 / 2","https://learn.microsoft.com/tr-tr/training/paths/gh-copilot-2/","Microsoft Learn","Microsoft Learn (learning path)","GitHub Copilot'un temel kavramlarını kapsamlı bir şekilde inceleyip bireysel geliştiricileri ve işletmeleri üretkenliğini artırmaya ve yenilikleri teşvik etmeye teşvik edin. Ayrıca, kuruluşunuzda GitHub Copilot uygulamasını başlatma hakkında değerli içgörüler elde ederek kendi dönüşümsel yolculuğunuzu başlatmanıza olanak tanıyın.","tr","","L1","BEGINNER","3.45","yes","0","no","COMMUNICATION","","","IT","","","yes","","","","",""
"MSL-TR-learn.wwl.get-started-querying-with-transact-sql","Transact-SQL ile verileri sorgulama ve değiştirme","https://learn.microsoft.com/tr-tr/training/paths/get-started-querying-with-transact-sql/","Microsoft Learn","Microsoft Learn (learning path)","verileri sorgulayarak ve değiştirerek ilişkisel veritabanlarıyla etkileşime geçmek için Transact-SQL (T-SQL) kullanmayı öğrenin. Bu kurs, tablolar arasında veri ekleme, güncelleştirme, silme ve birleştirme gibi temel işlemleri kapsar. Ayrıca SQL Server veya Azure SQL ortamlarını kullanarak otomatik değerler oluşturmayı ve değişiklikleri verimli bir şekilde uygulamayı da keşfedeceksiniz.","tr","","L1","BEGINNER","5.75","yes","0","no","DATA","DATA_AUTOMATION:4","","GENERAL","","","yes","","","","",""
"MSL-TR-learn.wwl.manage-app-secrets-configuration","Yapay zeka çözümleri için uygulama gizli verileri ve yapılandırmasının yönetimi","https://learn.microsoft.com/tr-tr/training/paths/manage-app-secrets-configuration/","Microsoft Learn","Microsoft Learn (learning path)","Azure Key Vault ve Azure Uygulama Yapılandırması kullanarak Azure'da yapay zeka çözümleri için uygulama gizli dizilerini ve yapılandırmayı yönetmeyi öğrenin.","tr","","L2","INTERMEDIATE","2.55","yes","0","no","RESPONSIBLE_AI","RESPONSIBLE_AI:5","","IT","","","yes","","","","",""
"MSL-TR-learn.accessibility-fundamental","Erişilebilirlikle ilgili temel bilgiler","https://learn.microsoft.com/tr-tr/training/paths/accessibility-fundamental/","Microsoft Learn","Microsoft Learn (learning path)","Microsoft'ta teknolojinin gücünü anlıyoruz ve bu nedenle herkese daha fazlasını başarma olanağı veren bir şekilde yenilik yapmaya, oluşturmaya ve tasarlamaya devam ediyoruz. Erişilebilirlikle ilgili temel bilgileri kapsayan bu öğrenme yolu gibi eğitimler, Microsoft'un tüm yeteneklere sahip müşterileri desteklemeye yönelik erişilebilirlik stratejisinin önemli ve gerekli bir parçasıdır. Her modülü tamamladıktan sonra ödüllerinizi sosyal medyada paylaşmayı unutmayın!","tr","","L1","BEGINNER","2.82","yes","0","no","RESPONSIBLE_AI","RESPONSIBLE_AI:5","","GENERAL","","","yes","","","","",""
"MSL-TR-learn.wwl.migrate-sql-workloads-to-azure","SQL Server iş yüklerini Azure SQL'e geçirme","https://learn.microsoft.com/tr-tr/training/paths/migrate-sql-workloads-azure/","Microsoft Learn","Microsoft Learn (learning path)","Azure SQL'e çevrimiçi ve çevrimdışı SQL Server geçişleri gerçekleştirmeyi öğrenin. (DP-3001)","tr","","L2","INTERMEDIATE","9.17","yes","0","no","DATA","DATA_AUTOMATION:4","","IT","","","yes","","","","",""
"MSL-TR-learn.wwl.monitor-maintain-windows-server-iaas-vm","Windows Server IaaS Sanal Makinesini izleme ve koruma","https://learn.microsoft.com/tr-tr/training/paths/monitor-maintain-windows-server-iaas-virtual-machine/","Microsoft Learn","Microsoft Learn (learning path)","Bu öğrenme yolunda, Azure’da nasıl uzaktan idare ve yönetim uygulayacağınızı öğreneceksiniz. Bu yolu tamamladıktan sonra Azure kaynaklarınızı izleyip ölçek ve yüksek kullanılabilirlik planlaması yapabileceksiniz.","tr","","L2","INTERMEDIATE","4.12","yes","0","no","TECHNICAL","TECHNICAL:5","","IT","","","yes","","","","",""
"MSL-TR-learn.wwl.perform-code-maintenance-tasks-github-copil","GitHub Copilot Aracısı kullanarak kod bakım görevleri gerçekleştirme","https://learn.microsoft.com/tr-tr/training/paths/perform-code-maintenance-tasks-github-copilot-agent/","Microsoft Learn","Microsoft Learn (learning path)","GitHub Copilot Aracısı kullanarak yaygın kod bakım görevlerini hızlandırmayı öğrenin. Bu eğitim, Visual Studio Code bir ortamda kodu yeniden düzenlemek için GitHub Copilot Aracısı kullanarak sorunları hızlı ve doğru bir şekilde çözmeyi kapsar.","tr","","L2","INTERMEDIATE","8.02","yes","0","no","TECHNICAL","TECHNICAL:5","","IT","","","yes","","","","",""
"MSL-TR-learn.wwl.develop-language-solutions-azure-ai","Azure'da doğal dil çözümleri geliştirme","https://learn.microsoft.com/tr-tr/training/paths/develop-language-solutions-azure-ai/","Microsoft Learn","Microsoft Learn (learning path)","Azure'da doğal dil çözümleri geliştirme","tr","","L2","INTERMEDIATE","5.77","yes","0","no","GENERATIVE_AI","FUNDAMENTALS:2,WORKPLACE:3","","GENERAL","","","yes","","","","",""
"MSL-TR-learn.github-foundations-2","GitHub Foundations Bölüm 2 / 2","https://learn.microsoft.com/tr-tr/training/paths/github-foundations-2/","Microsoft Learn","Microsoft Learn (learning path)","GitHub Foundations Öğrenme Yolu Bölüm 2/2, GitHub'ın temel kavramlarını ve ürünlerini size tanıtmak için tasarlanmış kısa ve başlangıç dostu bir yolculuk.","tr","","L1","BEGINNER","4.95","yes","0","no","TECHNICAL","TECHNICAL:5","","IT","","","yes","","","","",""
"MSL-TR-learn.wwl.configure-key-vault-security","Bulut ve yapay zeka iş yükleri için derinlemesine savunma ile Azure Key Vault güvenliğini sağlama","https://learn.microsoft.com/tr-tr/training/paths/configure-key-vault-security/","Microsoft Learn","Microsoft Learn (learning path)","Azure Key Vault için derinlemesine savunma güvenlik stratejisi uygulayın. Sağlamlaştırılmış kasa ayarlarını yapılandırın, RBAC ve anlık ayrıcalık aracılığıyla erişimi denetleyin, anahtarları, gizli bilgileri ve sertifikaları yönetin ve Key Vault ve Defender CSPM için Microsoft Defender kullanarak tehditleri algılayın.","tr","","L2","INTERMEDIATE","1.73","yes","0","no","RESPONSIBLE_AI","RESPONSIBLE_AI:5","","IT","","","yes","","","","",""
"MSL-TR-learn.collaborate-markdown-github-pages","Markdown ve GitHub Pages ile başkalarıyla işbirliği yapma","https://learn.microsoft.com/tr-tr/training/paths/collaborate-markdown-github-pages/","Microsoft Learn","Microsoft Learn (learning path)","GitHub sorunlarınız, çekme istekleriniz, yorumlarınız ve belgelerinizde başkalarıyla etkili bir şekilde iletişim kurmak için Markdown'ı kullanmayı öğrenin. Ardından GitHub Pages ile projelerinizi tanıtmak için proje siteleri ve blog gönderileri oluşturmayı öğrenin.","tr","","L1","BEGINNER","4.05","yes","0","no","COMMUNICATION","","","IT","","","yes","","","","",""
"MSL-TR-learn.wwl.secure-ai-ready-infrastructure","Yapay zekaya hazır altyapının güvenliğini sağlama","https://learn.microsoft.com/tr-tr/training/paths/secure-ai-ready-infrastructure/","Microsoft Learn","Microsoft Learn (learning path)","Bu kursta Microsoft Foundry Hubs ve Projeleri kullanarak üretime hazır yapay zeka altyapısı oluşturmayı, kuruluşlar genelinde uyumlu, ölçeklenebilir yapay zeka geliştirmeyi etkinleştirmek için kurumsal güvenlik denetimleri, ağ yalıtımı, yönetilen kimlikler ve kapsayıcı idaresi uygulamayı öğreneceksiniz.","tr","","L2","INTERMEDIATE","4.23","yes","0","no","FOUNDATIONS","FUNDAMENTALS:4","","GENERAL","","","yes","","","","",""
"MSL-TR-learn.wwl.prepare-ai-ready-analytics-data","Microsoft Fabric'de yapay zeka için hazır analiz verileri hazırlama","https://learn.microsoft.com/tr-tr/training/paths/prepare-ai-ready-analytics-data/","Microsoft Learn","Microsoft Learn (learning path)","Altın katmanlı veri depolarına ve anlamsal modellere meta veriler ve dil bağlamı ekleyerek yapay zeka için anlam katmanınızı hazırlayın, ardından yapay zeka aracılarının iş sorularını yanıtlamak için kullandığı ontolojiler oluşturun.","tr","","L2","INTERMEDIATE","3.88","yes","0","no","DATA","DATA_AUTOMATION:4","","GENERAL","","","yes","","","","",""
"MSL-TR-learn.wwl.get-started-with-python-programs","Python programlamayı kullanmaya başlama: Bölüm 2 - program oluşturma","https://learn.microsoft.com/tr-tr/training/paths/get-started-with-python-programs/","Microsoft Learn","Microsoft Learn (learning path)","Python programlamanın temellerini öğrenin.","tr","","L1","BEGINNER","3.5","yes","0","no","TECHNICAL","TECHNICAL:5","","IT","","","yes","","","","",""
"MSL-TR-learn.wwl.secure-identity-access","Azure'da kimlik ve erişimi koruma","https://learn.microsoft.com/tr-tr/training/paths/secure-identity-access/","Microsoft Learn","Microsoft Learn (learning path)","Azure'da kimlik ve erişimi koruma","tr","","L2","INTERMEDIATE","7.2","yes","0","no","RESPONSIBLE_AI","RESPONSIBLE_AI:5","","IT","","","yes","","","","",""
"MSL-TR-learn.monitor-hybrid-virtual-machines-containers-netw","Karma sanal makineleri, kapsayıcıları ve ağ kaynaklarını izleme","https://learn.microsoft.com/tr-tr/training/paths/monitor-hybrid-virtual-machines-containers-network/","Microsoft Learn","Microsoft Learn (learning path)","Azure İzleyici ile hibrit bir ortamda sanal makineleri, kapsayıcıları ve ağ kaynaklarını izlemeyi öğrenin.","tr","","L1","BEGINNER","1.65","yes","0","no","TECHNICAL","TECHNICAL:5","","IT","","","yes","","","","",""
"MSL-TR-learn.wwl.azure-cosmos-db-api-for-mongodb","MongoDB için Azure Cosmos DB","https://learn.microsoft.com/tr-tr/training/paths/azure-cosmos-db-api-for-mongodb/","Microsoft Learn","Microsoft Learn (learning path)","MongoDB için Azure Cosmos DB","tr","","L2","INTERMEDIATE","4.67","yes","0","no","DATA","DATA_AUTOMATION:4","","IT","","","yes","","","","",""
"MSL-TR-learn.wwl.implement-network-security-controls-azure","Azure'de ağ güvenlik denetimleri uygulama","https://learn.microsoft.com/tr-tr/training/paths/implement-network-security-controls-azure/","Microsoft Learn","Microsoft Learn (learning path)","Azure'da derinlemesine savunma ağ güvenlik denetimleri uygulayın. Yanal hareketi kontrol etmek, trafik denetimini Azure Güvenlik Duvarı ile merkezi hale getirmek, uzak ve hibrit bağlantıyı sağlamlaştırmak ve özel uç noktaları kullanarak PaaS ve AI hizmetlerinin genel ağ üzerinden kullanıma açık olmasını ortadan kaldırmak için iş yüklerini segmentlere ayırın.","tr","","L2","INTERMEDIATE","2.87","yes","0","no","RESPONSIBLE_AI","RESPONSIBLE_AI:5","","IT","","","yes","","","","",""
"MSL-TR-learn.architect-api-integration","Azure'da API entegrasyonu mimarisi oluşturma","https://learn.microsoft.com/tr-tr/training/paths/architect-api-integration/","Microsoft Learn","Microsoft Learn (learning path)","Azure'da API tümleştirme mimarisi oluşturmayı, uygulamalarınıza yönelik güvenli ve ölçeklenebilir API erişimi sağlamayı öğrenin.","tr","","L2","INTERMEDIATE","0.37","yes","0","no","TECHNICAL","TECHNICAL:5","","IT","","","yes","","","","",""
"MSL-TR-learn.wwl.purview-implement-manage-dlp","Microsoft Purview Veri Kaybını Önlemeyi Uygulama ve Yönetme","https://learn.microsoft.com/tr-tr/training/paths/purview-implement-manage-dlp/","Microsoft Learn","Microsoft Learn (learning path)","Kuruluşların güvenlik ve uyumluluk hedeflerine ulaşmak için veri kaybını önlemesi ve hassas bilgileri koruması gerekir. Microsoft Purview, bulut ve uç nokta ortamlarında riskli etkinlikleri algılamak ve yanıtlamak için DLP özellikleri sağlar. Microsoft Purview kullanarak DLP ilkelerini tasarlamayı, yapılandırmayı ve yönetmeyi öğrenin. Bu öğrenme yolu SC-401: Microsoft Bilgi Güvenliği Yöneticisi sınavıyla uyumlu.","tr","","L2","INTERMEDIATE","3.67","yes","0","no","RESPONSIBLE_AI","RESPONSIBLE_AI:5","","IT","","","yes","","","","",""
"MSL-TR-learn.wwl.secure-optimize-deploy-database-solutions","Veritabanı çözümlerini güvenli hale getirme, iyileştirme ve dağıtma","https://learn.microsoft.com/tr-tr/training/paths/secure-optimize-deploy-database-solutions/","Microsoft Learn","Microsoft Learn (learning path)","Şifreleme ve access denetimleriyle verileri korumayı, sorgu performansını ayarlamayı, veritabanı projeleri için CI/CD pipelines uygulamayı ve SQL çözümlerini Azure hizmetleriyle tümleştirmeyi öğrenin.","tr","","L2","INTERMEDIATE","7.52","yes","0","no","DATA","DATA_AUTOMATION:4","","IT","","","yes","","","","",""
"MSL-TR-learn.wwl.operationalize-gen-ai-apps","Üretken yapay zeka uygulamalarını kullanıma hazır hale getirme (GenAIOps)","https://learn.microsoft.com/tr-tr/training/paths/operationalize-gen-ai-apps/","Microsoft Learn","Microsoft Learn (learning path)","Planlama ve istem yönetiminden değerlendirme, otomatik test, izleme ve üretimde izlemeye kadar üretken yapay zeka uygulamaları için genAIOps yaşam döngüsünün tamamını öğrenin.","tr","","L2","INTERMEDIATE","6.07","yes","0","no","FOUNDATIONS","FUNDAMENTALS:4","","IT","","","yes","","","","",""
"MSL-TR-learn.az-104-monitor-backup-resources","AZ-104: Azure kaynaklarını izleme ve yedekleme","https://learn.microsoft.com/tr-tr/training/paths/az-104-monitor-backup-resources/","Microsoft Learn","Microsoft Learn (learning path)","AZ-104: Azure kaynaklarını izleme ve yedekleme","tr","","L1","BEGINNER","1.47","yes","0","no","TECHNICAL","TECHNICAL:5","","IT","","","yes","","","","",""
"MSL-TR-learn.wwl.introduction-cloud-infrastructure-apply-azu","Bulut altyapısına giriş: Kılavuzlu projelerde Azure becerileri uygulama","https://learn.microsoft.com/tr-tr/training/paths/introduction-cloud-infrastructure-apply-azure-skills-guided-projects/","Microsoft Learn","Microsoft Learn (learning path)","Azure Altyapısı ile ilgili temel bilgiler içeriğinin parçası olan uygulamalı kılavuzlu projeler.","tr","","L1","BEGINNER","5.13","yes","0","no","TECHNICAL","TECHNICAL:5","","IT","","","yes","","","","",""
"MSL-TR-learn.wwl.build-operate-machine-learning-solutions-az","Azure Databricks kullanarak makine öğrenmesi çözümleri oluşturma","https://learn.microsoft.com/tr-tr/training/paths/build-operate-machine-learning-solutions-azure-databricks/","Microsoft Learn","Microsoft Learn (learning path)","Azure Databricks, veri analizi ve makine öğrenmesi için bulut ölçeğinde bir platformdur. Veri bilimciler ve makine öğrenmesi mühendisleri, büyük ölçekte makine öğrenmesi çözümleri uygulamak için Azure Databricks'i kullanabilir. (DP-3014)","tr","","L2","INTERMEDIATE","8.97","yes","0","no","FOUNDATIONS","FUNDAMENTALS:4","","GENERAL","","","no","","","","",""
"MSL-TR-learn.wwl.prepare-teach-mb-920-microsoft-dynamics-365","MB-920'yi öğretmeye hazırlanma: Microsoft Dynamics 365 TemelLeri (ERP)","https://learn.microsoft.com/tr-tr/training/paths/prepare-teach-mb-920-microsoft-dynamics-365-fundamentals/","Microsoft Learn","Microsoft Learn (learning path)","MB-920'yi öğretmeye hazırlanma: Microsoft Dynamics 365 TemelLeri (ERP)","tr","","L1","BEGINNER","2.85","yes","0","no","COMMUNICATION","","","GENERAL","","","no","","","","",""
"MSL-TR-learn.wwl.design-identity-governance-monitor-solution","AZ-305: Kimlik, idare ve izleme çözümleri tasarlama","https://learn.microsoft.com/tr-tr/training/paths/design-identity-governance-monitor-solutions/","Microsoft Learn","Microsoft Learn (learning path)","AZ-305: Kimlik, idare ve izleme çözümleri tasarlama","tr","","L4","ADVANCED","2.42","yes","0","no","RESPONSIBLE_AI","RESPONSIBLE_AI:5","","IT","","","yes","","","","",""
"MSL-TR-learn.wwl.az-400-implement-continuous-feedback","AZ-400: Sürekli geri bildirim uygulama","https://learn.microsoft.com/tr-tr/training/paths/az-400-implement-continuous-feedback/","Microsoft Learn","Microsoft Learn (learning path)","Sürekli iyileştirme kültürü oluşturmak için Azure Application Insights'ı, izleme panolarını, ekip bilgi paylaşımını, otomatik analizi ve suçsuz geçmişe dönük değerlendirmeleri kullanarak DevOps'ta sürekli geri bildirim uygulamaları uygulamayı öğrenin.","tr","","L4","ADVANCED","5.07","yes","0","no","TECHNICAL","TECHNICAL:5","","IT","","","yes","","","","",""
"MSL-TR-learn.wwl.purview-audit-search","Microsoft Purview'da denetim ve arama etkinliği","https://learn.microsoft.com/tr-tr/training/paths/purview-audit-search/","Microsoft Learn","Microsoft Learn (learning path)","Kayıt tutma işlemleri ve içeriği bulma, durumları araştırmak, uyumluluk çalışmalarını desteklemek ve şeffaflığı korumak için gereklidir. Microsoft Purview, kuruluşların hangi eylemlerin gerçekleştirilildiğini anlamasına ve Microsoft 365 hizmetlerindeki belirli öğeleri bulmasına yardımcı olmak için denetim ve içerik arama özellikleri sağlar. Bu öğrenme yolu, SC-401 sınavıyla hizalanır: Microsoft Bilgi Güvenliği Yöneticisi.","tr","","L2","INTERMEDIATE","1.52","yes","0","no","RESPONSIBLE_AI","RESPONSIBLE_AI:5","","IT","","","yes","","","","",""
"MSL-TR-learn.wwl.defender-for-cloud-ai-foundry-protect","Bulut için Microsoft Defender kullanarak Microsoft Foundry çözümlerini koruma","https://learn.microsoft.com/tr-tr/training/paths/defender-for-cloud-ai-foundry-protect/","Microsoft Learn","Microsoft Learn (learning path)","Bulut için Microsoft Defender'ı kullanarak Microsoft Foundry iş yüklerinin güvenliğini sağlamayı öğrenin. Azure genelinde yapay zeka kaynaklarını keşfedin, güvenlik duruşlarını değerlendirin, çalışma zamanı tehditlerine karşı koruma sağlayın ve microsoft Foundry'de güvenli olmayan veya ilkeyi ihlal eden içeriği önlemek için model korumalarını yapılandırın.","tr","","L2","INTERMEDIATE","2.7","yes","0","no","RESPONSIBLE_AI","RESPONSIBLE_AI:5","","IT","","","yes","","","","",""
"MSL-TR-learn.wwl.get-started-fabric","Microsoft Fabric ile Başlayın","https://learn.microsoft.com/tr-tr/training/paths/get-started-fabric/","Microsoft Learn","Microsoft Learn (learning path)","Microsoft Fabric ile veri analizi çözümlerini tek bir platformda uygulamayı keşfedin. Yapay zeka modellerini eğitmek ve içgörü elde etmek için verileri tümleştirin, dönüştürün ve depolayın.","tr","","L1","BEGINNER","7.5","yes","0","no","DATA","DATA_AUTOMATION:4","","IT","","","yes","","","","",""
"MSL-TR-learn.philanthropies.intro-generative-ai-for-trainers","Eğitmenler için üretken yapay zekaya giriş","https://learn.microsoft.com/tr-tr/training/paths/intro-generative-ai-for-trainers/","Microsoft Learn","Microsoft Learn (learning path)","Temel kavramlar, çeşitli alanlardaki farklı uygulamalar ve eğitim ortamlarında üretken yapay zeka araçlarını kullanmak için gereken beceriler de dahil olmak üzere üretken yapay zeka dünyasını keşfedin. Büyük dil modelleri (LLM'ler), yapay zeka destekli görüntü oluşturucular ve Microsoft Copilot hakkında bilgi edinin. Hızlı mühendisliği keşfedin, üretken yapay zeka modelleri tarafından oluşturulan içeriğin sınırlamalarında gezinin ve üretken yapay zeka modellerini kullanarak eğitimlerinizde kritik ve sorumlu bir şekilde kullanmayı öğrenin.","tr","","L1","BEGINNER","2.6","yes","0","no","FOUNDATIONS","FUNDAMENTALS:4","","GENERAL","","","yes","","","","",""
"MSL-TR-learn.wwl.deploy-manage-active-directory-domain-servi","Active Directory Domain Services’i dağıtın ve yönetin","https://learn.microsoft.com/tr-tr/training/paths/deploy-manage-active-directory-domain-services/","Microsoft Learn","Microsoft Learn (learning path)","Şirket içi ve bulut senaryolarında Active Directory Domain Services etki alanı denetleyicilerini, güvenlik sorumlularını, çok siteli ortamları ve Grup İlkesi'ni dağıtmayı ve yönetmeyi öğrenin.","tr","","L2","INTERMEDIATE","7.72","yes","0","no","RESPONSIBLE_AI","RESPONSIBLE_AI:5","","IT","","","yes","","","","",""
"MSL-TR-learn.intro-to-azure-hybrid-connectivity-services","Azure hibrit bağlantı hizmetlerine giriş","https://learn.microsoft.com/tr-tr/training/paths/intro-to-azure-hybrid-connectivity-services/","Microsoft Learn","Microsoft Learn (learning path)","Şirket içi ve Azure ağlarınızı Azure hibrit bağlantı hizmetleriyle birbirine bağlamayı öğrenin.","tr","","L4","ADVANCED","0.6","yes","0","no","TECHNICAL","TECHNICAL:5","","IT","","","yes","","","","",""
"MSL-TR-learn.wwl.plan-implement-data-platform-resources","Veri platformu kaynaklarını planlama ve uygulama","https://learn.microsoft.com/tr-tr/training/paths/plan-implement-data-platform-resources/","Microsoft Learn","Microsoft Learn (learning path)","Veri platformu kaynaklarını planlama ve uygulama","tr","","L2","INTERMEDIATE","5.37","yes","0","no","DATA","DATA_AUTOMATION:4","","GENERAL","","","yes","","","","",""
"MSL-TR-learn.wwl.ai-people-intellectual-developmental-disabi","Zihinsel ve gelişim engelli kişiler için yapay zeka","https://learn.microsoft.com/tr-tr/training/paths/ai-people-intellectual-developmental-disabilities/","Microsoft Learn","Microsoft Learn (learning path)","Yapay zekanın ne olduğunu ve mesaj yazmak, gününüzü planlamak ve çevrimiçi ortamda güvende kalmak için Microsoft Copilot nasıl kullanacağınızı ve her seçenekten sorumlu olduğunuzu öğrenin.","tr","","L1","BEGINNER","2.95","yes","0","no","RESPONSIBLE_AI","RESPONSIBLE_AI:5","","GENERAL","","","yes","","","","",""
"MSL-TR-learn.control-spending-manage-bills","Microsoft Maliyet Yönetimi + Faturalama ile Azure harcamalarını denetleme ve faturaları yönetme","https://learn.microsoft.com/tr-tr/training/paths/control-spending-manage-bills/","Microsoft Learn","Microsoft Learn (learning path)","Azure harcamalarınızı izleyip denetlemeyi ve Azure kaynaklarına ilişkin kullanımınızı iyileştirmeyi öğrenin.","tr","","L1","BEGINNER","3.77","yes","0","no","ROLE_SPECIFIC","WORKPLACE:3","","FINANCE","","","yes","","","","",""
"MSL-TR-learn.az-104-manage-compute-resources","AZ-104: Azure işlem kaynaklarını dağıtma ve yönetme","https://learn.microsoft.com/tr-tr/training/paths/az-104-manage-compute-resources/","Microsoft Learn","Microsoft Learn (learning path)","Azure’da sanal makineler, kapsayıcılar ve Web Apps’i dağıtıp yapılandırmayı öğrenin.","tr","","L1","BEGINNER","3.55","yes","0","no","TECHNICAL","TECHNICAL:5","","IT","","","yes","","","","",""
"MSL-TR-learn.wwl.az-400-manage-infrastructure-as-code-using-","AZ-400: Azure ve DSC kullanarak kod olarak altyapıyı yönetme","https://learn.microsoft.com/tr-tr/training/paths/az-400-manage-infrastructure-as-code-using-azure/","Microsoft Learn","Microsoft Learn (learning path)","AZ-400: Azure ve DSC kullanarak kod olarak altyapıyı yönetme","tr","","L4","ADVANCED","4.33","yes","0","no","TECHNICAL","TECHNICAL:5","","IT","","","yes","","","","",""
"MSL-TR-learn.az-400-develop-security-compliance-plan","Güvenlik ve uyumluluk planı geliştirme","https://learn.microsoft.com/tr-tr/training/paths/az-400-develop-security-compliance-plan/","Microsoft Learn","Microsoft Learn (learning path)","Güvenlik ve uyumlulukla ilgili stratejiler oluşturun ve AZ-400: Microsoft DevOps Çözümlerini Tasarlama ve Uygulama Sınavına hazırlanın.","tr","","L1","BEGINNER","4.22","yes","0","no","RESPONSIBLE_AI","RESPONSIBLE_AI:5","","IT","","","yes","","","","",""
"MSL-TR-learn.wwl.work-with-generative-models-azure-machine-l","Azure Machine Learning'de üretken yapay zeka (AI) modelleriyle çalışma","https://learn.microsoft.com/tr-tr/training/paths/work-with-generative-models-azure-machine-learning/","Microsoft Learn","Microsoft Learn (learning path)","Azure Machine Learning'de üretken yapay zeka (AI) modelleriyle çalışma","tr","","L2","INTERMEDIATE","0.9","yes","0","no","FOUNDATIONS","FUNDAMENTALS:4","","GENERAL","","","no","","","","",""
"MSL-TR-learn.wwl.explore-foundations-of-identity-governance","Azure'da SAP için kimlik ve idarenin temellerini keşfetme","https://learn.microsoft.com/tr-tr/training/paths/explore-foundations-of-identity-governance/","Microsoft Learn","Microsoft Learn (learning path)","Azure'da SAP için kimlik ve idarenin temellerini keşfetme","tr","","L4","ADVANCED","3","yes","0","no","TECHNICAL","TECHNICAL:5","","IT","","","yes","","","","",""
"MSL-TR-learn.wwl.prepare-teach-sc-900-academic-programs","Sc-900 Microsoft Güvenlik, Uyumluluk ve Kimlik Temellerini akademik programlarda öğretmeye hazırlanma","https://learn.microsoft.com/tr-tr/training/paths/prepare-teach-sc-900-academic-programs/","Microsoft Learn","Microsoft Learn (learning path)","Sc-900 Microsoft Güvenlik, Uyumluluk ve Kimlik Temellerini akademik programlarda öğretmeye hazırlanma","tr","","L1","BEGINNER","3.82","yes","0","no","RESPONSIBLE_AI","RESPONSIBLE_AI:5","","IT","","","no","","","","",""
"MSL-TR-learn.manage-project-lifecycle-github","GitHub'da projelerinizin yaşam döngüsünü yönetme","https://learn.microsoft.com/tr-tr/training/paths/manage-project-lifecycle-github/","Microsoft Learn","Microsoft Learn (learning path)","İş planlama ve izleme, etkili dallanma stratejileri ve Api aracılığıyla GitHub'ı genişletme yoluyla, fikirden çalışan yazılıma kadar tüm sürümleri kullanıcılarınızın elinde yönetin.","tr","","L2","INTERMEDIATE","6.63","yes","0","no","TECHNICAL","TECHNICAL:5","","IT","","","yes","","","","",""
"MSL-TR-learn.wwl.az-400-design-implement-release-strategy","AZ-400: Yayın stratejisi tasarlama ve uygulama","https://learn.microsoft.com/tr-tr/training/paths/az-400-design-implement-release-strategy/","Microsoft Learn","Microsoft Learn (learning path)","Kapsamlı sürekli teslim çerçeveleri, dağıtım düzenlemesi ve otomatik kalite güvencesi yöntemleri aracılığıyla gelişmiş sürüm stratejisi tasarımı ve uygulaması hakkında bilgi edinin","tr","","L4","ADVANCED","6.48","yes","0","no","TECHNICAL","TECHNICAL:5","","IT","","","yes","","","","",""
"MSL-TR-learn.github-github-advanced-security-2","GitHub Gelişmiş Güvenlik Bölüm 2 / 2","https://learn.microsoft.com/tr-tr/training/paths/github-advanced-security-2/","Microsoft Learn","Microsoft Learn (learning path)","Geliştirme yaşam döngünüzün her aşamasında gelişmiş güvenlik özellikleriyle kodunuzun güvenliğini sağlamayı öğrenin. GitHub Advanced Security, özel depolarınızda gizli dizi tarama, kod tarama ve bağımlılık yönetimi gibi güvenlik özelliklerini kullanmanıza olanak tanıyan bir GitHub Enterprise eklentisidir. Bu, GHAS'in iki öğrenme yolundan ikinci öğrenme yoludur.","tr","","L1","BEGINNER","3.85","yes","0","no","TECHNICAL","TECHNICAL:5","","IT","","","yes","","","","",""
"MSL-TR-learn.wwl.implement-authentication-access-management-","Kimlik doğrulaması ve erişim yönetimi çözümü uygulama","https://learn.microsoft.com/tr-tr/training/paths/implement-authentication-access-management-solution/","Microsoft Learn","Microsoft Learn (learning path)","Kimlik doğrulaması ve erişim yönetimi çözümü uygulama","tr","","L2","INTERMEDIATE","4.97","yes","0","no","RESPONSIBLE_AI","RESPONSIBLE_AI:5","","IT","","","yes","","","","",""
"MSL-TR-learn.wwl.implement-operate-premises-hybrid","Şirket içi ve hibrit ağ altyapısı uygulama ve çalıştırma","https://learn.microsoft.com/tr-tr/training/paths/implement-operate-premises-hybrid/","Microsoft Learn","Microsoft Learn (learning path)","Şirket içi ve hibrit ağ altyapısı uygulama ve çalıştırma","tr","","L2","INTERMEDIATE","7.08","yes","0","no","TECHNICAL","TECHNICAL:5","","IT","","","yes","","","","",""
"MSL-TR-learn.wwl.explore-foundations-of-iaas","Azure'da SAP için IaaS'nin temellerini keşfetme","https://learn.microsoft.com/tr-tr/training/paths/explore-foundations-of-iaas/","Microsoft Learn","Microsoft Learn (learning path)","Azure'da SAP için IaaS'nin temellerini keşfetme","tr","","L4","ADVANCED","9.05","yes","0","no","TECHNICAL","TECHNICAL:5","","IT","","","yes","","","","",""
"MSL-TR-learn.wwl.explore-microsoft-dev-box-improve-developer","Microsoft Dev Box'ı keşfedin ve geliştirici üretkenliğini artırın","https://learn.microsoft.com/tr-tr/training/paths/explore-microsoft-dev-box-improve-developer-productivity/","Microsoft Learn","Microsoft Learn (learning path)","Bu öğrenme yolu, temel hizmet temellerini, dağıtım en iyi yöntemlerini, önemli özelleştirme ve görüntüleme özelliklerini ve geliştirici portalında deneyiminizi kullanmaya ve iyileştirmeye yönelik yönergeleri kapsayan kapsamlı bir Microsoft Dev Box tanıtımı sağlar.  &nbsp;","tr","","L2","INTERMEDIATE","1.87","yes","0","no","TECHNICAL","TECHNICAL:5","","IT","","","yes","","","","",""
"MSL-TR-learn.wwl.get-know-microsoft-azure-cloud-platform-bus","Microsoft Azure bulut platformlarını tanımaya başlama: İş uzmanlarına genel bakış","https://learn.microsoft.com/tr-tr/training/paths/get-know-microsoft-azure-cloud-platform-business-professionals/","Microsoft Learn","Microsoft Learn (learning path)","Bulut bilişim ile iş stratejisi arasındaki boşluğu kapatmak için tasarlanan bu 90 dakikalık, son derece bilgilendirici eğitimle bulut akıcılığınızı geliştirin. Güvenilir iş ortağınız olarak Microsoft Azure ile iş başarısını, büyümesini ve maliyet tasarrufunu sağlamak için bulutun dönüştürücü gücünde bir tura katılın. Pratik içgörüler ve gerçek örnek olay incelemeleri ile üç kolaylaştırılmış modül, iş için bulutun temellerini, Azure'ın birçok iş avantajını ve işletmenizi buluta geçirmeye yönelik en iyi yöntemleri kapsar. Özellikle teknik olmayan iş liderleri için oluşturulan bu öğrenme yolu teknik bir arka plan gerektirmez.","tr","","L1","BEGINNER","1.47","yes","0","no","PRODUCTIVITY","WORKPLACE:4","","IT","","","no","","","","",""
"MSL-TR-learn.wwl.az-400-implement-secure-continuous-deployme","AZ-400: Azure Pipelines kullanarak güvenli bir sürekli dağıtım uygulama","https://learn.microsoft.com/tr-tr/training/paths/az-400-implement-secure-continuous-deployment/","Microsoft Learn","Microsoft Learn (learning path)","AZ-400: Azure Pipelines kullanarak güvenli bir sürekli dağıtım uygulama","tr","","L4","ADVANCED","4.22","yes","0","no","TECHNICAL","TECHNICAL:5","","IT","","","yes","","","","",""
"MSL-TR-learn.wwl.optimize-devops-ai-agents-azure","Azure yapay zeka aracılarıyla DevOps'ı iyileştirme","https://learn.microsoft.com/tr-tr/training/paths/optimize-devops-ai-agents-azure/","Microsoft Learn","Microsoft Learn (learning path)","Agentik DevOps kavramlarını öğrenin. Ardından, DevOps iş akışlarınızda teslimi hızlandırmak, işlemleri otomatikleştirmek ve güvenilirliği artırmak için GitHub Copilot, MCP Server Azure DevOps ve Azure SRE Aracısı'nın nasıl kullanılacağını öğrenin.","tr","","L2","INTERMEDIATE","11.18","yes","0","no","TECHNICAL","TECHNICAL:5","","IT","","","yes","","","","",""
"MSL-TR-learn.wwl.az-400-design-implement-dependency-manageme","AZ-400: Bağımlılık yönetimi stratejisi tasarlama ve uygulama","https://learn.microsoft.com/tr-tr/training/paths/az-400-design-implement-dependency-management-strategy/","Microsoft Learn","Microsoft Learn (learning path)","DevOps için kapsamlı bir bağımlılık yönetimi stratejisi tasarlamayı ve uygulamayı öğrenin. Verimli yazılım geliştirme için paket bağımlılıklarını, paket yönetimini, yapıt güvenliğini, sürüm oluşturma stratejilerini ve GitHub Packages tümleştirmesini keşfedin.","tr","","L4","ADVANCED","3.48","yes","0","no","TECHNICAL","TECHNICAL:5","","IT","","","yes","","","","",""
"MSL-TR-learn.wwl.design-business-continuity-solutions","AZ-305: İş sürekliliği çözümleri tasarlama","https://learn.microsoft.com/tr-tr/training/paths/design-business-continuity-solutions/","Microsoft Learn","Microsoft Learn (learning path)","AZ-305: İş sürekliliği çözümleri tasarlama","tr","","L4","ADVANCED","1.77","yes","0","no","TECHNICAL","TECHNICAL:5","","IT","","","yes","","","","",""
"MSL-TR-learn.wwl.prepare-teach-sc-300-identity-access-admini","SC-300 Microsoft Kimlik ve Erişim Yöneticisi'ni öğretmeye hazırlanma","https://learn.microsoft.com/tr-tr/training/paths/prepare-teach-sc-300-identity-access-administrator/","Microsoft Learn","Microsoft Learn (learning path)","Eğitimciler için Microsoft Learn programı ve içeriğini öğrencileriniz için en iyi şekilde nasıl sunacağınızı öğrenin. Microsoft'un güvenlik çözümlerini, SC-900 Microsoft Güvenlik, Uyumluluk ve Kimlik Temellerini akademik programda sunmaya hazırlanın.","tr","","L1","BEGINNER","4.17","yes","0","no","RESPONSIBLE_AI","RESPONSIBLE_AI:5","","IT","","","no","","","","",""
"MSL-TR-learn.wwl.implement-identity-management-solution","Microsoft Entra Id kullanarak kimlik yönetimi çözümü uygulama","https://learn.microsoft.com/tr-tr/training/paths/implement-identity-management-solution/","Microsoft Learn","Microsoft Learn (learning path)","Microsoft Entra Id kullanarak kimlik yönetimi çözümü uygulama","tr","","L2","INTERMEDIATE","4.27","yes","0","no","RESPONSIBLE_AI","RESPONSIBLE_AI:5","","IT","","","yes","","","","",""
"MSL-TR-learn.wwl.implement-azure-sql-database-security","Azure SQL veritabanları için güvenlik uygulama","https://learn.microsoft.com/tr-tr/training/paths/implement-azure-sql-database-security/","Microsoft Learn","Microsoft Learn (learning path)","Azure SQL Veritabanı ve SQL Yönetilen Örneği için uçtan uca güvenlik uygulayın. Yönetilen kimlik erişimiyle Entra ID kimlik doğrulamasını yapılandırın, özel uç noktaları dağıtın ve hassas finansal verileri korumak için şifreleme ve erişim denetimleri uygulayın. Uyumlu denetim izleri oluşturun ve SQL enjeksiyonu, anormal erişimler ve güvenlik açıklarını algılamak için Microsoft Defender for Databases’i etkinleştirin.","tr","","L2","INTERMEDIATE","1.03","yes","0","no","RESPONSIBLE_AI","RESPONSIBLE_AI:5","","IT","","","yes","","","","",""
"MSL-TR-learn.wwl.monitor-troubleshoot-windows-server-environ","Windows Server ortamlarını izleme ve sorunlarını giderme","https://learn.microsoft.com/tr-tr/training/paths/monitor-troubleshoot-windows-server-environments/","Microsoft Learn","Microsoft Learn (learning path)","Yerleşik araçları ve Azure hizmetlerini kullanarak Windows Server ortamları izlemeyi ve Windows Server ağ, Active Directory ve sistem sorunlarını gidermeyi öğrenin.","tr","","L2","INTERMEDIATE","7.55","yes","0","no","TECHNICAL","TECHNICAL:5","","IT","","","yes","","","","",""
"MSL-TR-learn.wwl.access-local-files-asynchronously","Yerel dosyalara zaman uyumsuz olarak erişme","https://learn.microsoft.com/tr-tr/training/paths/access-local-files-asynchronously/","Microsoft Learn","Microsoft Learn (learning path)","               &nbsp;System.IO ad alanını kullanarak yerel dosyaları yönetmeyi ve System.Text.Json ad alanını kullanarak uygulama verilerini zaman uyumsuz olarak yedeklemeyi ve geri yüklemeyi öğrenin.&nbsp;","tr","","L1","BEGINNER","3.63","yes","0","no","TECHNICAL","TECHNICAL:5","","IT","","","yes","","","","",""
"MSL-TR-learn.get-started-java-azure","Azure'da Java kullanmaya başlama","https://learn.microsoft.com/tr-tr/training/paths/get-started-java-azure/","Microsoft Learn","Microsoft Learn (learning path)","Buradan başlayın ve Azure hizmetlerini kullanarak Azure üzerinde Java uygulamaları nasıl oluşturabileceğinizi, geçirebileceğinizi ve ölçeklendirebileceğinizi öğrenin. Bildiğiniz ve sevdiğiniz araçları ve çerçeveleri kullanın: Spring, Tomcat, WildFly, JBoss, WebLogic, WebSphere, Maven, Gradle, IntelliJ, Eclipse, Jenkins, Terraform ve daha fazlası.","tr","","L1","BEGINNER","4.35","yes","0","no","TECHNICAL","TECHNICAL:5","","IT","","","yes","","","","",""
"MSL-TR-learn-wwl.work-with-data-warehouses-using-microsoft-f","Microsoft Fabric ile data warehouse uygulama","https://learn.microsoft.com/tr-tr/training/paths/work-with-data-warehouses-using-microsoft-fabric/","Microsoft Learn","Microsoft Learn (learning path)","Veri ambarı sürecini keşfedin ve Microsoft Fabric'da bir ambarı yüklemeyi, izlemeyi, güvenlik altına almayı ve sorgulamayı öğrenin.","tr","","L1","BEGINNER","6.77","yes","0","no","DATA","DATA_AUTOMATION:4","","GENERAL","","","yes","","","","",""
"MSL-TR-learn.wwl.azure-fundamentals-describe-azure-architect","Bulut Altyapısına Giriş: Azure mimarisini ve hizmetlerini açıklama","https://learn.microsoft.com/tr-tr/training/paths/azure-fundamentals-describe-azure-architecture-services/","Microsoft Learn","Microsoft Learn (learning path)","Bulut Altyapısına Giriş eğitiminin mimari ve hizmetler bileşeni","tr","","L1","BEGINNER","2.8","yes","0","no","TECHNICAL","TECHNICAL:5","","IT","","","yes","","","","",""
"MSL-TR-learn.wwl.prepare-teach-dp-203-microsoft-azure-data-e","DP-203 Öğretmeye Hazırlık: Microsoft Azure Veri Mühendisliği","https://learn.microsoft.com/tr-tr/training/paths/get-tips-tricks-for-teaching-dp-203-microsoft-azure-data-engineering-academic-programs/","Microsoft Learn","Microsoft Learn (learning path)","Eğitimciler için Microsoft Learn programı ve içeriğini öğrencileriniz için en iyi şekilde nasıl sunacağınızı öğrenin. Sınıfta Microsoft Azure çözümleri için geliştirme çözümü sunmaya hazırlanın.","tr","","L4","ADVANCED","5.18","yes","0","no","TECHNICAL","TECHNICAL:5","","IT","","","yes","","","","",""
"MSL-TR-learn.github-actions-2","GitHub Actions Bölüm 2 /2 ile iş akışınızı otomatikleştirme","https://learn.microsoft.com/tr-tr/training/paths/github-actions-2/","Microsoft Learn","Microsoft Learn (learning path)","Bu, GitHub Eylem Öğrenme Yolu'nun ikinci bölümüdür. GitHub Actions'ın yazılım geliştirme döngünüzü otomatikleştirmenize nasıl olanak sağladığını öğrenin.","tr","","L1","BEGINNER","2.13","yes","0","no","TECHNICAL","TECHNICAL:5","","IT","","","yes","","","","",""
"MSL-TR-learn-wwl.implement-operational-databases-in-microsof","Microsoft Fabric'te işletimsel veritabanlarını uygulama","https://learn.microsoft.com/tr-tr/training/paths/implement-operational-databases-in-microsoft-fabric/","Microsoft Learn","Microsoft Learn (learning path)","Microsoft Fabric'te işletimsel veritabanlarıyla çalışmayı öğrenin.","tr","","L2","INTERMEDIATE","3.17","yes","0","no","DATA","DATA_AUTOMATION:4","","IT","","","yes","","","","",""
"MSL-TR-learn.wwl.define-implement-indexing-strategy-cosmos-d","NoSQL için Azure Cosmos DB için dizin oluşturma stratejisi tanımlama ve uygulama","https://learn.microsoft.com/tr-tr/training/paths/define-implement-indexing-strategy-cosmos-db-sql-api/","Microsoft Learn","Microsoft Learn (learning path)","NoSQL için Azure Cosmos DB için dizin oluşturma stratejisi tanımlama ve uygulama","tr","","L2","INTERMEDIATE","1.38","yes","0","no","TECHNICAL","TECHNICAL:5","","IT","","","yes","","","","",""
"MSL-TR-learn.wwl.devops-dojo-white-belt-foundation","DevOps Dojo'yu tanıtın: İşletmenizi destekleyen verimlilikler oluşturma","https://learn.microsoft.com/tr-tr/training/paths/devops-dojo-white-belt-foundation/","Microsoft Learn","Microsoft Learn (learning path)","DevOps Dojo yolculuğunuzu başlatın.  Kuruluşunuzun yazılım geliştirme ve uygulama projelerini daha verimli hale getirmek için tasarlanmış olan paylaşılan araçları ve işlemleri kullanarak çok disiplinli DevOps ekipleri oluşturun.","tr","","L1","BEGINNER","2","yes","0","no","TECHNICAL","TECHNICAL:5","","IT","","","yes","","","","",""
"MSL-TR-learn.wwl.build-ai-apps-azure-database-postgresql","PostgreSQL için Azure Veritabanı ile yapay zeka uygulamaları oluşturma","https://learn.microsoft.com/tr-tr/training/paths/build-ai-apps-azure-database-postgresql/","Microsoft Learn","Microsoft Learn (learning path)","PostgreSQL için Azure Veritabanı ile yapay zeka uygulamaları oluşturun. (AI-3019)","tr","","L2","INTERMEDIATE","6.83","yes","0","no","FOUNDATIONS","FUNDAMENTALS:4","","IT","","","yes","","","","",""
"MSL-TR-learn-wwl.develop-data-driven-app-sql-db","Azure SQL Veritabanı kullanarak veri odaklı uygulamalar geliştirme","https://learn.microsoft.com/tr-tr/training/paths/develop-data-driven-app-sql-db/","Microsoft Learn","Microsoft Learn (learning path)","Microsoft Azure SQL Veritabanı kullanarak veri odaklı uygulamalar geliştirmeyi öğrenin. DP-3020","tr","","L2","INTERMEDIATE","5.92","yes","0","no","DATA","DATA_AUTOMATION:4","","IT","","","yes","","","","",""
"MSL-TR-learn.wwl.az-400-work-git-for-enterprise-devops","AZ-400: Enterprise DevOps için Geliştirme","https://learn.microsoft.com/tr-tr/training/paths/az-400-work-git-for-enterprise-devops/","Microsoft Learn","Microsoft Learn (learning path)","Kuruluşların birlikte daha iyi yazılımlar oluşturmalarını sağlayan Git özelliklerini ve DevOps uygulamalarını öğrenin.","tr","","L4","ADVANCED","6.13","yes","0","no","TECHNICAL","TECHNICAL:5","","IT","","","yes","","","","",""
"MSL-TR-learn.wwl.security-governance-compliance","Güvenlik idaresi ve mevzuat uyumluluğunu zorunlu kılma","https://learn.microsoft.com/tr-tr/training/paths/security-governance-compliance/","Microsoft Learn","Microsoft Learn (learning path)","Azure İlkesi, Microsoft Defender for Cloud Azure RBAC kullanarak Azure ortamlarda güvenlik idaresi ve mevzuat uyumluluğunu zorunlu tutma. Ardından Azure Backup güvenlik özelliklerini ve kod taraması olarak altyapıyı etkinleştirin.","tr","","L2","INTERMEDIATE","2.38","yes","0","no","RESPONSIBLE_AI","RESPONSIBLE_AI:5","","IT","","","yes","","","","",""
"MSL-TR-learn.wwl.implement-classes-properties-and-methods","Sınıfları, özellikleri ve yöntemleri uygulama","https://learn.microsoft.com/tr-tr/training/paths/implement-classes-properties-and-methods/","Microsoft Learn","Microsoft Learn (learning path)","               &nbsp;C# dilinde sınıflar ve nesneler oluşturmayı ve sınıf özelliklerini ve yöntemlerini kullanarak kapsüllenmiş verilere güvenli bir şekilde erişmeyi ve verileri yönetmeyi öğrenin.","tr","","L1","BEGINNER","4.72","yes","0","no","TECHNICAL","TECHNICAL:5","","IT","","","yes","","","","",""
"MSL-TR-learn.security.tm-threat-modeling-fundamentals","Tehdit Modellemesi Güvenliğiyle İlgili Temel Bilgiler","https://learn.microsoft.com/tr-tr/training/paths/tm-threat-modeling-fundamentals/","Microsoft Learn","Microsoft Learn (learning path)","Bu öğrenme yolu; tehdit modellemenin dört aşamasını ayrıntılı bir şekilde açıklar, veri akışı diyagram öğelerinin arasındaki farkları açığa çıkarır, tehdit modelleme çerçevesinde size yol gösterir, çeşitli araçlar önerir ve doğru veri akışı diyagramları oluşturmaya yönelik adım adım kılavuz sağlar.","tr","","L1","BEGINNER","3.2","yes","0","no","RESPONSIBLE_AI","RESPONSIBLE_AI:5","","IT","","","yes","","","","",""
"MSL-TR-learn.wwl.describe-basic-concepts-of-cybersecurity","Siber güvenlik kavramlarını açıklama","https://learn.microsoft.com/tr-tr/training/paths/describe-basic-concepts-of-cybersecurity/","Microsoft Learn","Microsoft Learn (learning path)","Siber güvenlik kavramlarını açıklama","tr","","L1","BEGINNER","2.28","yes","0","no","RESPONSIBLE_AI","RESPONSIBLE_AI:5","","IT","","","no","","","","",""
"MSL-TR-learn.wwl.purview-implement-retention","Microsoft 365 saklama ve kurtarmayı uygulama ve yönetme","https://learn.microsoft.com/tr-tr/training/paths/purview-implement-retention/","Microsoft Learn","Microsoft Learn (learning path)","Bekletme, kuruluşların Microsoft 365'te uyumluluk gereksinimlerini karşılamaya ve verilerin yaşam döngüsünü yönetmesine yardımcı olur. Bu öğrenme yolu, bekletme etiketlerini ve ilkelerini yapılandırmayı, uyarlamalı kapsamlarla uygulamayı ve Microsoft 365 iş yüklerinde silinen içeriği kurtarmayı gösterir. SC-401: Microsoft Information Security Administrator sınavıyla uyumlu.","tr","","L2","INTERMEDIATE","1.32","yes","0","no","RESPONSIBLE_AI","RESPONSIBLE_AI:5","","IT","","","yes","","","","",""
"MSL-TR-learn.wwl.configure-siem-security-operations-using-mi","Microsoft Sentinel kullanarak SIEM güvenlik işlemlerini yapılandırma","https://learn.microsoft.com/tr-tr/training/paths/configure-security-information-event-management-operations-using-microsoft-sentinel/","Microsoft Learn","Microsoft Learn (learning path)","Microsoft Sentinel kullanarak Güvenlik Bilgileri ve Olay Yönetimi (SIEM) işlemlerini yapılandırın. (SC-5001)","tr","","L2","INTERMEDIATE","4.47","yes","0","no","RESPONSIBLE_AI","RESPONSIBLE_AI:5","","IT","","","no","","","","",""
"MSL-TR-learn.github-actions","GitHub Actions Bölüm 1 /2 ile iş akışınızı otomatikleştirme","https://learn.microsoft.com/tr-tr/training/paths/github-actions/","Microsoft Learn","Microsoft Learn (learning path)","GitHub Actions'ın yazılım geliştirme döngünüzü otomatikleştirmenize nasıl olanak sağladığını öğrenin.","tr","","L1","BEGINNER","5.68","yes","0","no","TECHNICAL","TECHNICAL:5","","IT","","","yes","","","","",""
"MSL-TR-learn.wwl.purview-protect-ai","Microsoft Purview ile yapay zeka etkileşimlerinin ve ortamlarının güvenliğini sağlama","https://learn.microsoft.com/tr-tr/training/paths/purview-protect-ai/","Microsoft Learn","Microsoft Learn (learning path)","Yapay zeka, insanların çalışma şeklini değiştiriyor ve verilerin açığa çıkarmayla ilgili yeni riskler getiriyor. Microsoft Purview'un Microsoft 365 Copilot, Microsoft dışı yapay zeka uygulamaları ve geliştirici yapay zeka senaryolarında yapay zeka özellikli ortamlarda hassas bilgileri nasıl koruduğunu keşfedin. Bu öğrenme yolu SC-401: Microsoft Information Security Administrator sınavıyla uyumlu.","tr","","L2","INTERMEDIATE","3.5","yes","0","no","RESPONSIBLE_AI","RESPONSIBLE_AI:5","","IT","","","yes","","","","",""
"MSL-TR-learn.azure.migrate-dotnet-apps-azure","ASP.NET uygulamalarını Azure'a geçirme","https://learn.microsoft.com/tr-tr/training/paths/migrate-dotnet-apps-azure/","Microsoft Learn","Microsoft Learn (learning path)","Bulutun sunduğu avantajlardan faydalanmak için ASP.NET web uygulamalarını ve verilerini Azure App Service'e ve Azure SQL Veritabanı'na geçirin.","tr","","L1","BEGINNER","1.82","yes","0","no","TECHNICAL","TECHNICAL:5","","IT","","","yes","","","","",""
"MSL-TR-learn.wwl.implement-generative-ai-engineering-azure-d","Azure Databricks ile Üretken Yapay Zeka mühendisliği uygulama","https://learn.microsoft.com/tr-tr/training/paths/implement-generative-ai-engineering-azure-databricks/","Microsoft Learn","Microsoft Learn (learning path)","Azure Databricks ile üretken Yapay Zeka (AI) mühendisliği, gelişmiş dil modellerini keşfetmek, ince ayar yapmak, değerlendirmek ve tümleştirmek için platformun özelliklerini kullanır. Apache Spark'ın ölçeklenebilirliğini ve Azure Databricks'in işbirliği ortamını kullanarak karmaşık yapay zeka sistemleri tasarlayabilirsiniz.","tr","","L2","INTERMEDIATE","6.95","yes","0","no","FOUNDATIONS","FUNDAMENTALS:4","","GENERAL","","","yes","","","","",""
"MSL-TR-learn.wwl.ingest-data-with-microsoft-fabric","Microsoft Fabric ile veri alma","https://learn.microsoft.com/tr-tr/training/paths/ingest-data-with-microsoft-fabric/","Microsoft Learn","Microsoft Learn (learning path)","Veri Akışları 2. Nesil, işlem hatları, Apache Spark ve KQL veritabanlarını kullanarak Microsoft Fabric verileri almayı ve işlemeyi öğrenin.","tr","","L2","INTERMEDIATE","4.43","yes","0","no","DATA","DATA_AUTOMATION:4","","GENERAL","","","yes","","","","",""
"MSL-TR-learn.wwl.sc-200-utilize-kql-for-azure-sentinel","Kusto Sorgu Dili (KQL) kullanarak Microsoft Sentinel için sorgu oluşturma","https://learn.microsoft.com/tr-tr/training/paths/sc-200-utilize-kql-for-azure-sentinel/","Microsoft Learn","Microsoft Learn (learning path)","Kusto Sorgu Dili (KQL) kullanarak Microsoft Sentinel için sorgu oluşturma","tr","","L2","INTERMEDIATE","2.17","yes","0","no","RESPONSIBLE_AI","RESPONSIBLE_AI:5","","IT","","","no","","","","",""
"MSL-TR-learn.wwl.implement-access-management-for-apps","Uygulamalar için erişim yönetimini uygula","https://learn.microsoft.com/tr-tr/training/paths/implement-access-management-for-apps/","Microsoft Learn","Microsoft Learn (learning path)","Uygulamalar için erişim yönetimini uygula","tr","","L2","INTERMEDIATE","2.57","yes","0","no","RESPONSIBLE_AI","RESPONSIBLE_AI:5","","IT","","","yes","","","","",""
"MSL-TR-learn.wwl.sc-200-mitigate-threats-using-microsoft-365","Microsoft Defender XDR kullanarak tehditleri azaltma","https://learn.microsoft.com/tr-tr/training/paths/sc-200-mitigate-threats-using-microsoft-365-defender/","Microsoft Learn","Microsoft Learn (learning path)","Microsoft Defender XDR kullanarak tehditleri azaltma","tr","","L2","INTERMEDIATE","6.1","yes","0","no","RESPONSIBLE_AI","RESPONSIBLE_AI:5","","IT","","","no","","","","",""
"MSL-TR-learn.wwl.purview-implement-retention-ediscovery-comm","Microsoft Purview'da bekletme, eBulma ve İletişim uyumluluğu uygulama","https://learn.microsoft.com/tr-tr/training/paths/purview-implement-retention-ediscovery-communication-compliance/","Microsoft Learn","Microsoft Learn (learning path)","Microsoft Purview ile veri yaşam döngüsünü, kayıt yönetimini, eBulma ve iletişim uyumluluğunu yönetin. (SC-5007)","tr","","L2","INTERMEDIATE","7.83","yes","0","no","RESPONSIBLE_AI","RESPONSIBLE_AI:5","","GENERAL","","","no","","","","",""
"MSL-TR-learn.wwl.implement-lakehouse-microsoft-fabric","Microsoft Fabric ile Lakehouse uygulama","https://learn.microsoft.com/tr-tr/training/paths/implement-lakehouse-microsoft-fabric/","Microsoft Learn","Microsoft Learn (learning path)","Microsoft Fabric ile Lakehouse uygulama","tr","","L2","INTERMEDIATE","6.97","yes","0","no","DATA","DATA_AUTOMATION:4","","GENERAL","","","yes","","","","",""
"MSL-TR-learn.wwl.monitor-troubleshoot-azure-cosmos-db-sql-ap","NoSQL için Azure Cosmos DB çözümünü izleme ve sorunlarını giderme","https://learn.microsoft.com/tr-tr/training/paths/monitor-troubleshoot-azure-cosmos-db-sql-api-solution/","Microsoft Learn","Microsoft Learn (learning path)","NoSQL için Azure Cosmos DB çözümünü izleme ve sorunlarını giderme","tr","","L2","INTERMEDIATE","3.25","yes","0","no","DATA","DATA_AUTOMATION:4","","IT","","","yes","","","","",""
"MSL-TR-learn.wwl.get-started-ai-apps-agents","Azure yapay zeka uygulamaları ve aracılarını kullanmaya başlama","https://learn.microsoft.com/tr-tr/training/paths/get-started-ai-apps-agents/","Microsoft Learn","Microsoft Learn (learning path)","Microsoft Foundry'de yapay zeka iş yüklerini ve çözümlerini kullanmaya başlamayı öğrenin.","tr","","L1","BEGINNER","5.62","yes","0","no","FOUNDATIONS","FUNDAMENTALS:4","","GENERAL","","","yes","","","","",""
"MSL-TR-learn.wwl.microsoft-learn-azure-database-for-postgres","PostgreSQL için Azure Veritabanı yapılandırma ve geçiş","https://learn.microsoft.com/tr-tr/training/paths/microsoft-learn-azure-database-for-postgresql/","Microsoft Learn","Microsoft Learn (learning path)","PostgreSQL için Azure Veritabanı, Microsoft bulutunda hizmet olarak platform veritabanı hizmetidir. PostgreSQL açık kaynak ilişkisel veritabanını temel alır ve yerleşik yüksek kullanılabilirlik, otomatik yedekleme ve geri yükleme ile kapsamlı güvenlik özellikleri içerir. Kullandıkça öde fiyatlandırma modeli tahmin edilebilir performans ve neredeyse anında ölçeklendirme sağlar. Bu öğrenme yolunda, PostgreSQL'in ana özellikleri ve bunların PostgreSQL için Azure Veritabanı nasıl çalıştığı hakkında bilgi edinacaksınız. Farklı PostgreSQL için Azure Veritabanı uygulama seçenekleri ve gereksinimleriniz için sunucu yapılandırma hakkında bilgi ediniyorsunuz. (DP-3021)","tr","","L2","INTERMEDIATE","6.38","yes","0","no","DATA","DATA_AUTOMATION:4","","IT","","","yes","","","","",""
"MSL-TR-learn.wwl.program-transact-sql","Transact-SQL ile program","https://learn.microsoft.com/tr-tr/training/paths/program-transact-sql/","Microsoft Learn","Microsoft Learn (learning path)","Transact-SQL ile program","tr","","L4","ADVANCED","3.57","yes","0","no","DATA","DATA_AUTOMATION:4","","IT","","","yes","","","","",""
"MSL-TR-learn.wwl.prepare-to-teach-pl-300-microsoft-power-bi-","PL-300: Microsoft Power BI Veri Analisti öğretmeye hazırlan.","https://learn.microsoft.com/tr-tr/training/paths/prepare-to-teach-pl-300-microsoft-power-bi-data-analyst/","Microsoft Learn","Microsoft Learn (learning path)","Eğitimciler için Microsoft Learn programı ve içeriğini öğrencileriniz için en iyi şekilde nasıl sunacağınızı öğrenin. Sınıfta Microsoft Azure çözümleri için geliştirme çözümü sunmaya hazırlanın.","tr","","L4","ADVANCED","4.13","yes","0","no","TECHNICAL","TECHNICAL:5","","IT","","","yes","","","","",""
"MSL-TR-learn.wwl.optimize-query-performance-sql-server","Azure SQL'de sorgu performansını iyileştirme","https://learn.microsoft.com/tr-tr/training/paths/optimize-query-performance-sql-server/","Microsoft Learn","Microsoft Learn (learning path)","Azure SQL'de sorgu performansını iyileştirme","tr","","L2","INTERMEDIATE","3.93","yes","0","no","DATA","DATA_AUTOMATION:4","","IT","","","yes","","","","",""
"MSL-TR-learn.wwl.execute-queries-azure-cosmos-db-sql-api","Azure Cosmos DB ile sorgu yürütme ve Oluşturma yapay zeka uygulaması oluşturma","https://learn.microsoft.com/tr-tr/training/paths/execute-queries-azure-cosmos-db-sql-api/","Microsoft Learn","Microsoft Learn (learning path)","Azure Cosmos DB ile sorgu yürütme ve Oluşturma yapay zeka uygulaması oluşturma","tr","","L2","INTERMEDIATE","3.63","yes","0","no","FOUNDATIONS","FUNDAMENTALS:4","","IT","","","yes","","","","",""
"MSL-TR-learn.wwl.secure-govern-analytics-data","Microsoft Fabric analiz verilerinin güvenliğini sağlama ve yönetme","https://learn.microsoft.com/tr-tr/training/paths/secure-govern-analytics-data/","Microsoft Learn","Microsoft Learn (learning path)","Microsoft Fabric çalışma alanları ve veri depoları arasında katmanlı erişim denetimleri uygulayın, ardından tüketicilerin güvenilir, sertifikalı analiz varlıklarını tanımlamalarına yardımcı olacak idare ilkeleri oluşturun.","tr","","L2","INTERMEDIATE","3.2","yes","0","no","DATA","DATA_AUTOMATION:4","","GENERAL","","","yes","","","","",""
"MSL-TR-learn.github-copilot","GitHub Copilot TemelLeri Bölüm 1 / 2","https://learn.microsoft.com/tr-tr/training/paths/copilot/","Microsoft Learn","Microsoft Learn (learning path)","GitHub Copilot'un temel kavramlarını kapsamlı bir şekilde inceleyip bireysel geliştiricileri ve işletmeleri üretkenliğini artırmaya ve yenilikleri teşvik etmeye teşvik edin. Ayrıca, kuruluşunuzda GitHub Copilot uygulamasını başlatma hakkında değerli içgörüler elde ederek kendi dönüşümsel yolculuğunuzu başlatmanıza olanak tanıyın. Bu öğrenme yolu ikiye ayrılmıştır ve bu da ikiden biridir.","tr","","L1","BEGINNER","5.28","yes","0","no","COMMUNICATION","","","IT","","","yes","","","","",""
"MSL-TR-learn.wwl.sc-200-mitigate-threats-using-microsoft-pur","Microsoft Purview kullanarak tehditleri azaltma","https://learn.microsoft.com/tr-tr/training/paths/sc-200-mitigate-threats-using-microsoft-purview/","Microsoft Learn","Microsoft Learn (learning path)","Kuruluşunuzdaki hassas verileri bulmak, sınıflandırmak ve korumak için Microsoft Purview'u kullanın. Bu öğrenme yolu SC-200: Microsoft Güvenlik İşlemleri Analisti sınavıyla uyumlu.","tr","","L2","INTERMEDIATE","3.82","yes","0","no","RESPONSIBLE_AI","RESPONSIBLE_AI:5","","IT","","","no","","","","",""
"MSL-TR-learn.azure-databases.postgresql.playground-learning","PostgreSQL için Azure Veritabanı Eğitimleri","https://learn.microsoft.com/tr-tr/training/paths/playground-learning/","Microsoft Learn","Microsoft Learn (learning path)","PostgreSQL için Azure Veritabanı Öğreticilerimiz aracılığıyla önemli PostgreSQL kavramlarını öğrenin. Belirli bir konuya odaklanmak için öğreticilerimizi keşfedin veya ilginizi çekerek daha derine inen bir konuyu keşfedin.","tr","","L1","BEGINNER","1.33","yes","0","no","DATA","DATA_AUTOMATION:4","","IT","","","yes","","","","",""
"MSL-TR-learn.wwl.sc-200-mitigate-threats-using-microsoft-def","Uç Nokta için Microsoft Defender kullanarak tehditleri azaltma","https://learn.microsoft.com/tr-tr/training/paths/sc-200-mitigate-threats-using-microsoft-defender-for-endpoint/","Microsoft Learn","Microsoft Learn (learning path)","Uç Nokta için Microsoft Defender kullanarak tehditleri azaltma","tr","","L2","INTERMEDIATE","5.82","yes","0","no","RESPONSIBLE_AI","RESPONSIBLE_AI:5","","IT","","","no","","","","",""
"MSL-TR-learn.philanthropies.introduction-to-ai-skills-for-no","Kar amacı gütmeyen kuruluşlar için yapay zeka becerilerine giriş","https://learn.microsoft.com/tr-tr/training/paths/introduction-to-ai-skills-for-nonprofits/","Microsoft Learn","Microsoft Learn (learning path)","Microsoft Copilot nasıl çalıştığını ve Word ve Excel gibi Microsoft uygulamalarda etkili istemler oluşturmayı ve Microsoft 365 Copilot Chat kullanarak yapay zeka ile üretkenliği artırmayı öğrenin. Kar Amacı Gütmeyen Kuruluşlar için Yapay Zeka Becerileri koleksiyonu, kar amacı gütmeyen kuruluşların dijital yeteneklerini geliştirmek için kapsamlı bir beceri yolu olarak tasarlanmıştır. Bu öğrenme yolu, kar amacı gütmeyen tüm profesyoneller için önerilir.","tr","","L1","BEGINNER","2.57","yes","0","no","FOUNDATIONS","FUNDAMENTALS:4","","GENERAL","","","no","","","","",""
"MSL-TR-learn.wwl.delegates-events-exceptions","Delege ve olayları gerçekleştirmek","https://learn.microsoft.com/tr-tr/training/paths/delegates-events-exceptions/","Microsoft Learn","Microsoft Learn (learning path)","Temsilcileri kullanarak geç bağlamayı nasıl uygulayacağınızı, olayları kullanarak ilgi uyandıran bir durum meydana geldiğinde diğer sınıflara veya nesnelere nasıl bildirimde bulunacağınızı ve bir C# uygulamasında olay yayımcılarını ve abonelerini nasıl yöneteceğinizi öğrenin.","tr","","L1","BEGINNER","2.17","yes","0","no","TECHNICAL","TECHNICAL:5","","IT","","","yes","","","","",""
"MSL-TR-learn.wwl.azure-data-fundamentals-explore-non-relatio","Microsoft Azure üzerinde ilişkisel olmayan verilere giriş","https://learn.microsoft.com/tr-tr/training/paths/azure-data-fundamentals-explore-non-relational-data/","Microsoft Learn","Microsoft Learn (learning path)","Microsoft Azure üzerinde ilişkisel olmayan verilere giriş","tr","","L1","BEGINNER","1.45","yes","0","no","DATA","DATA_AUTOMATION:4","","GENERAL","","","yes","","","","",""
"MSL-TR-learn.wwl.develop-ai-agents-azure","Azure üzerinde yapay zeka aracıları geliştirme","https://learn.microsoft.com/tr-tr/training/paths/develop-ai-agents-azure/","Microsoft Learn","Microsoft Learn (learning path)","Microsoft Foundry Agent Service ve Microsoft Agent Framework kullanarak Azure üzerinde yapay zeka aracıları geliştirmeyi öğrenin. AI-3026","tr","","L2","INTERMEDIATE","9.87","yes","0","no","FOUNDATIONS","FUNDAMENTALS:4","","GENERAL","","","yes","","","","",""
"MSL-TR-learn.wwl.design-manage-semantic-models-fabric","Microsoft Fabric anlamsal modelleri tasarlama ve yönetme","https://learn.microsoft.com/tr-tr/training/paths/design-manage-semantic-models-fabric/","Microsoft Learn","Microsoft Learn (learning path)","İlk DAX mantığından performans iyileştirmesine, veri erişim denetimine ve otomatik yaşam döngüsü yönetimine kadar büyük ölçekte güvenilir, yönetilen analiz sunan anlamsal modeller oluşturun.","tr","","L2","INTERMEDIATE","6.35","yes","0","no","DATA","DATA_AUTOMATION:4","","GENERAL","","","no","","","","",""
"MSL-TR-learn.wwl.secure-windows-server-infrastructure","Güvenli Windows Server altyapısı","https://learn.microsoft.com/tr-tr/training/paths/secure-windows-server-infrastructure/","Microsoft Learn","Microsoft Learn (learning path)","Güvenlik özellikleri, ilkeler ve sağlamlaştırma tekniklerini kullanarak Windows Server işletim sisteminin ve Active Directory Domain Services güvenliğini sağlamayı öğrenin.","tr","","L2","INTERMEDIATE","14.1","yes","0","no","RESPONSIBLE_AI","RESPONSIBLE_AI:5","","IT","","","yes","","","","",""
"MSL-TR-learn.wwl.build-ai-copilot-vcore-based-azure-cosmos-d","MongoDB ve Azure OpenAI için sanal çekirdek tabanlı Azure Cosmos DB ile yapay zeka yardımcı pilotu oluşturma","https://learn.microsoft.com/tr-tr/training/paths/build-ai-copilot-vcore-based-azure-cosmos-db-mongodb-azure-openai/","Microsoft Learn","Microsoft Learn (learning path)","MongoDB ve Azure OpenAI için sanal çekirdek tabanlı Azure Cosmos DB ile bir yapay zeka yardımcı pilotu oluşturun.","tr","","L2","INTERMEDIATE","3.77","yes","0","no","FOUNDATIONS","FUNDAMENTALS:4","","IT","","","yes","","","","",""
"MSL-TR-learn.azure.oracle-workloads-to-azure","Oracle iş yüklerini Azure'a geçirme","https://learn.microsoft.com/tr-tr/training/paths/oracle-workloads-to-azure/","Microsoft Learn","Microsoft Learn (learning path)","Oracle iş yüklerinizi Azure'a nasıl geçirebileceğinizi öğrenin.","tr","","L1","BEGINNER","1.3","yes","0","no","DATA","DATA_AUTOMATION:4","","IT","","","yes","","","","",""
"MSL-TR-learn.wwl.deploy-manage-identity-infrastructure","Kimlik altyapısını dağıtma ve yönetme","https://learn.microsoft.com/tr-tr/training/paths/deploy-manage-identity-infrastructure/","Microsoft Learn","Microsoft Learn (learning path)","Kimlik altyapısını dağıtma ve yönetme","tr","","L2","INTERMEDIATE","6.12","yes","0","no","RESPONSIBLE_AI","RESPONSIBLE_AI:5","","IT","","","yes","","","","",""
"MSL-TR-learn.wwl.implement-azure-virtual-infrastructure","Azure Sanal Masaüstü altyapısı uygulama","https://learn.microsoft.com/tr-tr/training/paths/implement-azure-virtual-infrastructure/","Microsoft Learn","Microsoft Learn (learning path)","Azure Sanal Masaüstü altyapısı uygulama","tr","","L2","INTERMEDIATE","3.72","yes","0","no","TECHNICAL","TECHNICAL:5","","IT","","","yes","","","","",""
"MSL-TR-learn.azure-netapp-files","Azure NetApp Files ile ilgili temel bilgiler","https://learn.microsoft.com/tr-tr/training/paths/azure-netapp-files/","Microsoft Learn","Microsoft Learn (learning path)","Azure NetApp Files'ı dağıtmayı, izlemeyi, güvenli hale getirmeyi ve iyileştirmeyi öğrenin.","tr","","L1","BEGINNER","4.85","yes","0","no","DATA","DATA_AUTOMATION:4","","GENERAL","","","yes","","","","",""
"MSL-TR-learn.wwl.get-started-with-python-fundamentals","Python Programlama ile Çalışmaya Başlama: Bölüm 1 - Temel Bilgiler","https://learn.microsoft.com/tr-tr/training/paths/get-started-with-python-fundamentals/","Microsoft Learn","Microsoft Learn (learning path)","Python programlamanın temellerini öğrenin.","tr","","L1","BEGINNER","3.2","yes","0","no","TECHNICAL","TECHNICAL:5","","IT","","","yes","","","","",""
"MSL-TR-learn.wwl.azure-data-fundamentals-explore-data-wareho","Azure'da Microsoft Azure Veri analizine giriş","https://learn.microsoft.com/tr-tr/training/paths/azure-data-fundamentals-explore-data-warehouse-analytics/","Microsoft Learn","Microsoft Learn (learning path)","Azure'da Microsoft Azure Veri analizine giriş","tr","","L1","BEGINNER","2.13","yes","0","no","DATA","DATA_AUTOMATION:4","","GENERAL","","","yes","","","","",""
"MSL-TR-learn.wwl.deploy-cloud-native-applications-to-azure-c","Azure Container Apps kullanarak bulutta yerel uygulamalar dağıtma","https://learn.microsoft.com/tr-tr/training/paths/deploy-cloud-native-applications-to-azure-container-apps/","Microsoft Learn","Microsoft Learn (learning path)","Azure Container Apps, Azure Container Registry ve Azure Pipelines kullanarak kapsayıcılı buluta özel uygulamalar oluşturmayı, dağıtmayı, ölçeklendirmeyi ve yönetmeyi öğrenin. (AZ-2003)","tr","","L2","INTERMEDIATE","5.65","yes","0","no","TECHNICAL","TECHNICAL:5","","IT","","","yes","","","","",""
"MSL-TR-learn.wwl.deploy-configure-windows-server-iaas-vm","Windows Server IaaS Sanal Makinesini dağıtma ve yapılandırma","https://learn.microsoft.com/tr-tr/training/paths/deploy-configure-windows-server-iaas-virtual-machine/","Microsoft Learn","Microsoft Learn (learning path)","Bu öğrenme yolunda, Azure IaaS Sanal Makine iş yüklerini dağıtmayı ve yapılandırmayı öğreneceksiniz. Bu öğrenme yolunu tamamladıktan sonra, Windows Server Azure Sanal Makinelerini planlama, dağıtma ve yükseltmeyi öğrenmiş olacaksınız.","tr","","L2","INTERMEDIATE","3.57","yes","0","no","TECHNICAL","TECHNICAL:5","","IT","","","yes","","","","",""
"MSL-TR-learn.wwl.access-manage-data-azure-cosmos-db-sql-api-","NoSQL SDK'ları için Azure Cosmos DB ile verilere erişme ve verileri yönetme","https://learn.microsoft.com/tr-tr/training/paths/access-manage-data-azure-cosmos-db-sql-api-sdks/","Microsoft Learn","Microsoft Learn (learning path)","NoSQL SDK'ları için Azure Cosmos DB ile verilere erişme ve verileri yönetme","tr","","L2","INTERMEDIATE","1.92","yes","0","no","DATA","DATA_AUTOMATION:4","","GENERAL","","","yes","","","","",""
"MSL-TR-learn.wwl.design-data-models-optimize-performance-azu","Azure DocumentDB'de veri modelleri tasarlama ve performansı iyileştirme","https://learn.microsoft.com/tr-tr/training/paths/design-data-models-optimize-performance-azure-documentdb/","Microsoft Learn","Microsoft Learn (learning path)","Azure DocumentDB ile uygulama oluşturma. Küme oluşturup yapılandırın, CRUD işlemleri gerçekleştirin, SDK ile bağlantı kurun, verimli veri modelleri tasarlayın ve sorgu performansını iyileştirin.","tr","","L2","INTERMEDIATE","8.13","yes","0","no","DATA","DATA_AUTOMATION:4","","IT","","","yes","","","","",""
"MSL-TR-learn.wwl.microsoft-azure-fundamentals-describe-cloud","Bulut Altyapısına Giriş: Bulut kavramlarını açıklama","https://learn.microsoft.com/tr-tr/training/paths/microsoft-azure-fundamentals-describe-cloud-concepts/","Microsoft Learn","Microsoft Learn (learning path)","Azure Altyapısı temel bilgileri içeriğinin bir parçası olan giriş öğrenme yolu.","tr","","L1","BEGINNER","0.93","yes","0","no","TECHNICAL","TECHNICAL:5","","IT","","","yes","","","","",""
"MSL-TR-learn.wwl.run-sap-microsoft-cloud","SAP'yi Microsoft Bulut'ta çalıştırma","https://learn.microsoft.com/tr-tr/training/paths/run-sap-microsoft-cloud/","Microsoft Learn","Microsoft Learn (learning path)","Bu öğrenme yolunda, kurumsal yazılım ortamı genelinde Microsoft ile SAP arasındaki ilişki hakkında bilgi edinecek, teknolojik yenilikleri yönlendirecek ve müşterilere önemli avantajlar sunacaksınız. ODAK alanlar arasında SAP programıyla RISE ile bulut geçişi, yapay zeka tümleştirmesi, çalışma alanı üretkenliğini artırma, güvenlik geliştirmeleri, IoT işbirliği ve veri analizi yer alır.","tr","","L2","INTERMEDIATE","5.42","yes","0","no","TECHNICAL","TECHNICAL:5","","IT","","","yes","","","","",""
"MSL-TR-learn.wwl.describe-capabilities-of-microsoft-identity","Microsoft Entra'ya giriş","https://learn.microsoft.com/tr-tr/training/paths/describe-capabilities-of-microsoft-identity-access/","Microsoft Learn","Microsoft Learn (learning path)","SC-900: Microsoft Entra'ya Giriş","tr","","L1","BEGINNER","2.98","yes","0","no","RESPONSIBLE_AI","RESPONSIBLE_AI:5","","IT","","","no","","","","",""
"MSL-TR-learn.github-github-advanced-security","GitHub Gelişmiş Güvenlik Bölüm 1 / 2","https://learn.microsoft.com/tr-tr/training/paths/github-advanced-security/","Microsoft Learn","Microsoft Learn (learning path)","Geliştirme yaşam döngünüzün her aşamasında gelişmiş güvenlik özellikleriyle kodunuzun güvenliğini sağlamayı öğrenin. GitHub Advanced Security, özel depolarınızda gizli dizi tarama, kod tarama ve bağımlılık yönetimi gibi güvenlik özelliklerini kullanmanıza olanak tanıyan bir GitHub Enterprise eklentisidir.","tr","","L1","BEGINNER","2.05","yes","0","no","TECHNICAL","TECHNICAL:5","","IT","","","yes","","","","",""
"MSL-TR-learn.wwl.manage-ai-ready-infrastructure","Yapay zekaya hazır altyapıyı yönetme","https://learn.microsoft.com/tr-tr/training/paths/manage-ai-ready-infrastructure/","Microsoft Learn","Microsoft Learn (learning path)","Bütçe taşmalarına veya operasyonel risklere gerek kalmadan ölçeklenebilir, uyumlu ve yüksek performanslı yapay zeka iş yüklerini desteklemek için işlem kapasitesini planlayarak, idareyi zorunlu kılarak, izlemeyi yapılandırarak ve maliyetleri iyileştirerek yapay zeka altyapısını yönetmeyi öğrenin.","tr","","L2","INTERMEDIATE","5.97","yes","0","no","FOUNDATIONS","FUNDAMENTALS:4","","GENERAL","","","yes","","","","",""
"MSL-TR-learn.wwl.describe-capabilities-of-microsoft-complian","Microsoft Purview ve Microsoft gizlilik ilkelerine giriş","https://learn.microsoft.com/tr-tr/training/paths/describe-capabilities-of-microsoft-compliance-solutions/","Microsoft Learn","Microsoft Learn (learning path)","SC-900: Microsoft Purview ve Microsoft gizlilik ilkelerine giriş","tr","","L1","BEGINNER","2.33","yes","0","no","RESPONSIBLE_AI","RESPONSIBLE_AI:5","","IT","","","no","","","","",""
"MSL-TR-learn.wwl.purview-secure-govern-copilot-interactions","Microsoft Purview ile Microsoft 365 Copilot etkileşimlerinin güvenliğini sağlama ve yönetme","https://learn.microsoft.com/tr-tr/training/paths/purview-secure-govern-copilot-interactions/","Microsoft Learn","Microsoft Learn (learning path)","Microsoft 365 Copilot, kullanıcıların kuruluş verileri genelinde içeriğe erişme, bunları birleştirme ve oluşturma şeklini değiştirir. Microsoft Purview yapay zeka etkinliğine görünürlük kazanmanıza, hassas bilgileri korumanıza, riskli davranışları algılamanıza ve Microsoft 365 Copilot etkileşimleri yönetmenize nasıl yardımcı olduğunu öğrenin.","tr","","L2","INTERMEDIATE","6.13","yes","0","no","RESPONSIBLE_AI","RESPONSIBLE_AI:5","","IT","","","yes","","","","",""
"MSL-TR-learn-bizapps.data-preparation-in-power-bi","Power BI ile verileri analize hazırlama","https://learn.microsoft.com/tr-tr/training/paths/prepare-data-power-bi/","Microsoft Learn","Microsoft Learn (learning path)","Farklı veri kaynaklarından veri ayıklamak, depolama modu ve bağlantı türü seçmek için Power Query kullanmayı öğreneceksiniz. Ayrıca verilerinizi modellemeden önce verilerin profilini oluşturma, temizleme ve Power BI'a yükleme hakkında da bilgi edineceksiniz.","tr","","L2","INTERMEDIATE","3.78","yes","0","no","DATA","DATA_AUTOMATION:4","","GENERAL","","","no","","","","",""
"MSL-TR-learn-bizapps.power-bi-effective","Power BI'da etkili raporlar tasarlama","https://learn.microsoft.com/tr-tr/training/paths/power-bi-effective/","Microsoft Learn","Microsoft Learn (learning path)","Bu öğrenme yolu, etkileyici Power BI raporları tasarlamaya ve sunmaya yönelik bir tasarım süreci sunar. Bu, önde gelen rapor tasarımı uzmanları tarafından oluşturulan kanıtlanmış bir tasarım sürecini açıklayarak başlar. Süreç, rapor kullanıcılarını ve gereksinimlerini anlama, hoş rapor tasarımlarını keşfetme ve üretime kadar rapor geliştirme aşamalarını kapsar.","tr","","L2","INTERMEDIATE","4.6","yes","0","no","DATA","DATA_AUTOMATION:4","","GENERAL","","","no","","","","",""
"MSL-TR-learn.wwl.model-data-power-bi","Power BI ile veri modelleme","https://learn.microsoft.com/tr-tr/training/paths/model-data-power-bi/","Microsoft Learn","Microsoft Learn (learning path)","Power BI ile veri modelleme","tr","","L1","BEGINNER","7.93","yes","0","no","DATA","DATA_AUTOMATION:4","","GENERAL","","","no","","","","",""
"MSL-TR-learn-bizapps.use-dax-power-bi-desktop","Power BI Desktop'ta DAX kullanma","https://learn.microsoft.com/tr-tr/training/paths/dax-power-bi/","Microsoft Learn","Microsoft Learn (learning path)","Bu öğrenme yolunda Veri Çözümleme İfadeleri (DAX) tanıtılıyor ve hesaplamalarla anlamsal modelleri geliştirmek için gereken temel beceriler sağlanmaktadır. Öncelikle Power BI Desktop model yapısını inceleyecek ve DAX hesaplamalarıyla nasıl iyileştirebileceğinizi öğreneceksiniz. Daha sonra DAX formülü yazmayı ve hesaplanmış tablolar ve sütunların yanı sıra ölçüler gibi farklı model türü hesaplamalarını öğreneceksiniz. Değerlendirme bağlamları hakkında bilgi edinecek ve ilerleyen derslerde filtre bağlamını değiştiren DAX formüllerini nasıl yazacağınızı göreceksiniz. Son olarak akıllı zaman gösterimi ve yineleyici işlevlerini kullanarak DAX ifadesi yazmayı öğreneceksiniz.","tr","","L2","INTERMEDIATE","4.1","yes","0","no","DATA","DATA_AUTOMATION:4","","GENERAL","","","no","","","","",""
"MSL-TR-learn-bizapps.get-started-data-analytics","Microsoft veri analizini kullanmaya başlayın","https://learn.microsoft.com/tr-tr/training/paths/data-analytics-microsoft/","Microsoft Learn","Microsoft Learn (learning path)","İşletmeler veri analizine her zamankinden daha fazla ihtiyaç duyuyor. Bu öğrenme yolunda, bir veri analistinin hayatı ve yolculuğu, güvenilir iş kararlarının alınabilmesi için verilerle bir hikaye anlatmak için geçtikleri beceriler, görevler ve süreçler hakkında bilgi edineceksiniz. Raporlar ve panolar aracılığıyla ilgi çekici bir hikaye anlatmak için bir veri analisti tarafından araç ve hizmet paketinin Power BI nasıl kullanıldığını ve kuruluşta gerçek BI ihtiyacını öğreneceksiniz.","tr","","L2","INTERMEDIATE","0.95","yes","0","no","DATA","DATA_AUTOMATION:4","","GENERAL","","","no","","","","",""
"MSL-TR-learn.wwl.monitor-evaluate-operate-multi-agent-ai-sol","Monitor, evaluate, and operate multi-agent AI solutions in Azure","https://learn.microsoft.com/tr-tr/training/paths/aaai-4-monitor-evaluate-operate-multi-agent-ai-solutions-azure/","Microsoft Learn","Microsoft Learn (learning path)","Learn how to operate production multi-agent solutions with comprehensive visibility, systematic quality assurance, cost control, and robust incident response. Learners advance from single-application monitoring and evaluation experiments to distributed multi-agent observability, LLM-as-judge evaluation for coordination quality, multi-agent cost optimization, enterprise human-in-the-loop approval workflows, and structured AI incident debugging procedures. AI-500","tr","","L4","ADVANCED","3.38","yes","0","no","FOUNDATIONS","FUNDAMENTALS:4","","GENERAL","","","yes","","","","",""
"MSL-TR-learn.wwl.ai-job-coaches-supported-employment","AI for Job Coaches in Supported Employment","https://learn.microsoft.com/tr-tr/training/paths/ai-job-coaches-supported-employment/","Microsoft Learn","Microsoft Learn (learning path)","Use AI to draft coaching materials without giving up professional judgment, employee choice, or privacy. Written for job coaches in supported employment.","tr","","L1","BEGINNER","1.55","yes","0","no","RESPONSIBLE_AI","RESPONSIBLE_AI:5","","GENERAL","","","yes","","","","",""
"MSL-TR-learn-bizapps.work-automation-flow","Automate processes with Robotic Process Automation and Power Automate for desktop","https://learn.microsoft.com/tr-tr/training/paths/work-automation-flow/","Microsoft Learn","Microsoft Learn (learning path)","Learn how use Robotic Process Automation to automate business processes.","tr","","L2","INTERMEDIATE","2.9","yes","0","no","PRODUCTIVITY","WORKPLACE:4","","GENERAL","","","no","","","","",""
"MSL-TR-learn-bizapps.introduction-development-power-platform","Introduction to developing with Microsoft Power Platform","https://learn.microsoft.com/tr-tr/training/paths/introduction-development-power-platform/","Microsoft Learn","Microsoft Learn (learning path)","This learning path is the first step in learning about the platform, tools, and the ecosystem of Power Platform.","tr","","L2","INTERMEDIATE","2.32","yes","0","no","TECHNICAL","TECHNICAL:5","","IT","","","yes","","","","",""
"MSL-TR-learn-bizapps.healthcare-patient-experiences","Create connected patient experiences with Microsoft for Healthcare","https://learn.microsoft.com/tr-tr/training/paths/healthcare-patient-experiences/","Microsoft Learn","Microsoft Learn (learning path)","Learn how to create connected patient experiences with Microsoft for Healthcare.","tr","","L2","INTERMEDIATE","4.3","yes","0","no","PRODUCTIVITY","WORKPLACE:4","","GENERAL","","","no","","","","",""
"MSL-TR-learn-bizapps.copilot-power-platform","Get started with Copilot for Microsoft Power Platform","https://learn.microsoft.com/tr-tr/training/paths/copilot-power-platform/","Microsoft Learn","Microsoft Learn (learning path)","Microsoft Copilot for Microsoft Power Platform helps makers of all skill levels accelerate the creation of Power Apps, Power Automate flows, Power Pages and Dataverse tables used by the apps and services.  Understanding how to best plan and use Copilot is essential for success.","tr","","L1","BEGINNER","2.62","yes","0","no","PRODUCTIVITY","WORKPLACE:4","","GENERAL","","","no","","","","",""
"MSL-TR-learn-bizapps.create-sustainability-water-waste-solut","Set up a water and waste sustainability solution using Microsoft Sustainability Manager","https://learn.microsoft.com/tr-tr/training/paths/create-sustainability-water-waste-solution/","Microsoft Learn","Microsoft Learn (learning path)","Learn how to set up a water and waste sustainability solution using Microsoft Sustainability Manager.","tr","","L2","INTERMEDIATE","1.45","yes","0","no","PRODUCTIVITY","WORKPLACE:4","","GENERAL","","","yes","","","","",""
"MSL-TR-learn-bizapps.dragon-copilot-for-practice-managers","Dragon Copilot for practice managers","https://learn.microsoft.com/tr-tr/training/paths/dragon-copilot-for-practice-managers/","Microsoft Learn","Microsoft Learn (learning path)","Learn how practice managers can support successful Dragon Copilot implementation and adoption.","tr","","L2","INTERMEDIATE","1.5","yes","0","no","PRODUCTIVITY","WORKPLACE:4","","GENERAL","","","yes","","","","",""
"MSL-TR-learn.wwl.build-apps-portals-power-apps","Build intelligent apps and portals with Microsoft Power Apps","https://learn.microsoft.com/tr-tr/training/paths/build-apps-portals-power-apps/","Microsoft Learn","Microsoft Learn (learning path)","Build AI-ready apps and portals that surface intelligent, Dataverse-backed data. Create and customize canvas apps, configure model-driven apps for customer engagement, and build data-connected Power Pages portals for any audience.","tr","","L1","BEGINNER","7.1","yes","0","no","PRODUCTIVITY","WORKPLACE:4","","GENERAL","","","no","","","","",""
"MSL-TR-learn-bizapps.get-started-retail","Get started with Microsoft for Retail","https://learn.microsoft.com/tr-tr/training/paths/get-started-retail/","Microsoft Learn","Microsoft Learn (learning path)","Learn how to use Microsoft for Retail.","tr","","L2","INTERMEDIATE","0.78","yes","0","no","PRODUCTIVITY","WORKPLACE:4","","GENERAL","","","yes","","","","",""
"MSL-TR-learn-bizapps.enhance-autonomous-agents","Enhance agents with autonomous capabilities","https://learn.microsoft.com/tr-tr/training/paths/enhance-autonomous-agents/","Microsoft Learn","Microsoft Learn (learning path)","Learn how to configure agents to behave autonomously.","tr","","L2","INTERMEDIATE","2","yes","0","no","GENERATIVE_AI","FUNDAMENTALS:2,WORKPLACE:3","","GENERAL","","","no","","","","",""
"MSL-TR-learn.wwl.design-build-multi-agent-solutions-copilot-","Design and build multi-agent solutions in Microsoft Copilot Studio","https://learn.microsoft.com/tr-tr/training/paths/design-build-multi-agent-solutions-copilot-studio/","Microsoft Learn","Microsoft Learn (learning path)","Learn to plan, design, and build multi-agent solutions in Microsoft Copilot Studio. You'll learn how to evaluate when multi-agent approaches are appropriate, architect solutions using child agents and connected agents, and implement both patterns to create organized, scalable agent systems.","tr","","L2","INTERMEDIATE","2.9","yes","0","no","FOUNDATIONS","FUNDAMENTALS:4","","GENERAL","","","no","","","","",""
"MSL-TR-learn-bizapps.pad-work","Work with Power Automate desktop app","https://learn.microsoft.com/tr-tr/training/paths/pad-work/","Microsoft Learn","Microsoft Learn (learning path)","Learn how to use features of Power Automate desktop app.","tr","","L1","BEGINNER","3.67","yes","0","no","PRODUCTIVITY","WORKPLACE:4","","GENERAL","","","yes","","","","",""
"MSL-TR-learn-bizapps.understand-advanced-topics","Use advanced formula techniques and custom updates in Power Platform","https://learn.microsoft.com/tr-tr/training/paths/understand-advanced-topics/","Microsoft Learn","Microsoft Learn (learning path)","Do you want to use formulas in a more advanced way? This learning path will help you use advanced formulas and perform custom updates.","tr","","L4","ADVANCED","3.67","yes","0","no","PRODUCTIVITY","WORKPLACE:4","","GENERAL","","","no","","","","",""
"MSL-TR-learn-bizapps.powerscribe-one-attending-radiologist-w","Attending radiologist workflow foundations","https://learn.microsoft.com/tr-tr/training/paths/powerscribe-one-attending-radiologist-workflow-foundations/","Microsoft Learn","Microsoft Learn (learning path)","Learn core PowerScribe One workflows for attending radiologists, including cloud speech dictation, report creation, and clinical documentation quality tools.","tr","","L2","INTERMEDIATE","1.72","yes","0","no","PRODUCTIVITY","WORKPLACE:4","","GENERAL","","","no","","","","",""
"MSL-TR-learn.wwl.pl-900-power-platform-fundamentals","Explore the fundamentals of Microsoft Power Platform","https://learn.microsoft.com/tr-tr/training/paths/pl-900-power-platform-fundamentals/","Microsoft Learn","Microsoft Learn (learning path)","Explore the core products and capabilities of Microsoft Power Platform—including Power Apps, Power Automate, Microsoft Dataverse, Copilot Studio, and governance tools—and discover how AI is embedded across the platform to help you build smarter, faster solutions. PL-900","tr","","L1","BEGINNER","5.73","yes","0","no","TECHNICAL","TECHNICAL:5","","IT","","","yes","","","","",""
"MSL-TR-learn.wwl.design-configure-agents-github-copilot-copi","Design and configure agents in Microsoft Copilot Studio (GitHub Copilot)","https://learn.microsoft.com/tr-tr/training/paths/design-configure-agents-github-copilot-copilot-studio/","Microsoft Learn","Microsoft Learn (learning path)","Plan and configure agents powered by the GitHub Copilot harness in Microsoft Copilot Studio, with cost-aware design and reusable skills.","tr","","L2","INTERMEDIATE","2.82","yes","0","no","FOUNDATIONS","FUNDAMENTALS:4","","GENERAL","","","no","","","","",""
"MSL-TR-learn-bizapps.integrate-dataverse-power-automate","Integrate Power Automate flows and Dataverse","https://learn.microsoft.com/tr-tr/training/paths/integrate-dataverse-power-automate/","Microsoft Learn","Microsoft Learn (learning path)","Learn how you to Integrate Power Automate flows and Dataverse.","tr","","L2","INTERMEDIATE","1.72","yes","0","no","PRODUCTIVITY","WORKPLACE:4","","GENERAL","","","yes","","","","",""
"MSL-TR-learn-bizapps.automate-process-using-flow","Automate a business process using Power Automate","https://learn.microsoft.com/tr-tr/training/paths/automate-process-power-automate/","Microsoft Learn","Microsoft Learn (learning path)","This learning path introduces you to Power Automate, teaches you how to build workflows, and how to administer flows.","tr","","L1","BEGINNER","4.62","yes","0","no","PRODUCTIVITY","WORKPLACE:4","","GENERAL","","","yes","","","","",""
"MSL-TR-learn-bizapps.azure-health-data-services-in-a-day","Get started with Azure Health Data Services","https://learn.microsoft.com/tr-tr/training/paths/azure-health-data-services/","Microsoft Learn","Microsoft Learn (learning path)","Learn how to use Azure Health Data Services in Microsoft Cloud for Healthcare.","tr","","L4","ADVANCED","1.68","yes","0","no","PRODUCTIVITY","WORKPLACE:4","","GENERAL","","","yes","","","","",""
"MSL-TR-learn.wwl.design-model-solutions-power-platform","Get started with AI-first solutions in Microsoft Power Platform","https://learn.microsoft.com/tr-tr/training/paths/design-model-solutions-power-platform/","Microsoft Learn","Microsoft Learn (learning path)","Establish the AI-first mindset and foundational skills you need to build intelligent Power Platform solutions. Learn to apply AI-first design patterns with Copilot, master prompt engineering to work effectively with generative AI, and use AI-powered Plans to translate business ideas into structured solution blueprints.","tr","","L1","BEGINNER","1.52","yes","0","no","FOUNDATIONS","FUNDAMENTALS:4","","GENERAL","","","no","","","","",""
"MSL-TR-learn-bizapps.work-power-platform-teams","Create apps, copilots, flows, and more with Microsoft Dataverse and Teams","https://learn.microsoft.com/tr-tr/training/paths/work-power-platform-teams/","Microsoft Learn","Microsoft Learn (learning path)","Learn how to create apps, flows, and more with Microsoft Dataverse for Teams","tr","","L1","BEGINNER","2.43","yes","0","no","GENERATIVE_AI","FUNDAMENTALS:2,WORKPLACE:3","","GENERAL","","","no","","","","",""
"MSL-TR-learn-bizapps.power-virtual-agents-enhance","Extend and manage Microsoft Copilot Studio agents","https://learn.microsoft.com/tr-tr/training/paths/power-virtual-agents-enhance/","Microsoft Learn","Microsoft Learn (learning path)","Learn how to create and manage agents with Power Virtual Agents.","tr","","L2","INTERMEDIATE","1.9","yes","0","no","GENERATIVE_AI","FUNDAMENTALS:2,WORKPLACE:3","","GENERAL","","","yes","","","","",""
"MSL-TR-learn-bizapps.introduction-navigating-modern-contact-","Introduction to navigating the modern Contact Center","https://learn.microsoft.com/tr-tr/training/paths/introduction-navigating-modern-contact-center/","Microsoft Learn","Microsoft Learn (learning path)","Learn about Dynamics 365 Contact Center.","tr","","L1","BEGINNER","1.22","yes","0","no","COMMUNICATION","","","MANAGEMENT","","","no","","","","",""
"MSL-TR-learn-bizapps.get-started-manufacturing","Get started with Microsoft for Manufacturing","https://learn.microsoft.com/tr-tr/training/paths/get-started-manufacturing/","Microsoft Learn","Microsoft Learn (learning path)","Learn how to use Microsoft for Manufacturing.","tr","","L1","BEGINNER","0.6","yes","0","no","PRODUCTIVITY","WORKPLACE:4","","GENERAL","","","no","","","","",""
"MSL-TR-learn-bizapps.healthcare-advanced-integration-interop","Explore advanced integration and interoperability in Microsoft for Healthcare","https://learn.microsoft.com/tr-tr/training/paths/healthcare-advanced-integration-interoperability/","Microsoft Learn","Microsoft Learn (learning path)","Learn how to use advanced integration and interoperability features in Microsoft Cloud for Healthcare.","tr","","L1","BEGINNER","5.9","yes","0","no","PRODUCTIVITY","WORKPLACE:4","","GENERAL","","","yes","","","","",""
"MSL-TR-learn-bizapps.dragon-copilot-nurses-learn-to-train","Dragon Copilot (nurses) learn to train","https://learn.microsoft.com/tr-tr/training/paths/dragon-copilot-nurses-learn-to-train/","Microsoft Learn","Microsoft Learn (learning path)","Build skills to train, coach, and support Dragon Copilot adoption, reinforcing care out loud, safe use, and consistent behaviors in nursing workflows for all.","tr","","L2","INTERMEDIATE","1.95","yes","0","no","PRODUCTIVITY","WORKPLACE:4","","GENERAL","","","yes","","","","",""
"MSL-TR-learn-bizapps.pad-implement-advanced-logic","Implement advanced logic in Power Automate for desktop","https://learn.microsoft.com/tr-tr/training/paths/pad-implement-advanced-logic/","Microsoft Learn","Microsoft Learn (learning path)","Learn how to develop advanced flows in Power Automate for desktop.","tr","","L2","INTERMEDIATE","1.78","yes","0","no","PRODUCTIVITY","WORKPLACE:4","","GENERAL","","","yes","","","","",""
"MSL-TR-learn-bizapps.pad-get-started","Get started with Power Automate desktop app","https://learn.microsoft.com/tr-tr/training/paths/pad-get-started/","Microsoft Learn","Microsoft Learn (learning path)","Learn the essentials of Power Automate desktop app.","tr","","L1","BEGINNER","1.12","yes","0","no","PRODUCTIVITY","WORKPLACE:4","","GENERAL","","","yes","","","","",""
"MSL-TR-learn-bizapps.manage-secure-power-bi","Manage and secure Power BI","https://learn.microsoft.com/tr-tr/training/paths/manage-secure-power-bi/","Microsoft Learn","Microsoft Learn (learning path)","Ensure content is accessible and distributed effectively in Power BI to foster collaboration and informed decision-making. Protect sensitive information with robust security, building trust across your organization.","tr","","L2","INTERMEDIATE","2.73","yes","0","no","DATA","DATA_AUTOMATION:4","","GENERAL","","","no","","","","",""
"MSL-TR-learn-bizapps.power-virtual-agents-workshop","Create agents with Microsoft Copilot Studio - Online Workshop","https://learn.microsoft.com/tr-tr/training/paths/power-virtual-agents-workshop/","Microsoft Learn","Microsoft Learn (learning path)","Learn how to create agents with Microsoft Copilot Studio.","tr","","L1","BEGINNER","2.85","yes","0","no","GENERATIVE_AI","FUNDAMENTALS:2,WORKPLACE:3","","GENERAL","","","no","","","","",""
"MSL-TR-learn.wwl.implement-ai-models-microsoft-power-platfor","Implement AI models with Microsoft Power Platform AI Builder","https://learn.microsoft.com/tr-tr/training/paths/implement-ai-models-microsoft-power-platform-ai-builder/","Microsoft Learn","Microsoft Learn (learning path)","Implement AI models with Microsoft Power Platform AI Builder","tr","","L2","INTERMEDIATE","3.2","yes","0","no","FOUNDATIONS","FUNDAMENTALS:4","","GENERAL","","","yes","","","","",""
"MSL-TR-learn-bizapps.dragon-copilot-ai-ambassador-ambassador","Dragon Copilot AI Ambassador - Ambassador level","https://learn.microsoft.com/tr-tr/training/paths/dragon-copilot-ai-ambassador-ambassador-level/","Microsoft Learn","Microsoft Learn (learning path)","Learn how to guide others in using Dragon Copilot effectively and support AI-assisted clinical documentation workflows.","tr","","L2","INTERMEDIATE","2.53","yes","0","no","PRODUCTIVITY","WORKPLACE:4","","GENERAL","","","yes","","","","",""
"MSL-TR-learn.wwl.manage-microsoft-power-platform-environment","Manage the Microsoft Power Platform environment","https://learn.microsoft.com/tr-tr/training/paths/manage-microsoft-power-platform-environment/","Microsoft Learn","Microsoft Learn (learning path)","This learning path covers the Microsoft Power Platform environment, equipping users with Dataverse—a scalable, secure data platform that supports relational data, business logic, and lifecycle management. It enables easy creation and modification of tables, relationships, and data flows. Additionally, it provides robust governance through role-based security, environment segmentation, admin centers, and compliance features, all supporting secure data handling and streamlined application lifecycle management (ALM). PL-900","tr","","L1","BEGINNER","1.62","yes","0","no","TECHNICAL","TECHNICAL:5","","IT","","","yes","","","","",""
"MSL-TR-learn-bizapps.work-powerfx-functions","Work with Power Fx functions","https://learn.microsoft.com/tr-tr/training/paths/work-powerfx-functions/","Microsoft Learn","Microsoft Learn (learning path)","Learn about Power Fx functions and build Power Fx functions.","tr","","L2","INTERMEDIATE","1.25","yes","0","no","PRODUCTIVITY","WORKPLACE:4","","GENERAL","","","no","","","","",""
"MSL-TR-learn-bizapps.build-custom-connectors","Build custom connectors for Microsoft Power Platform","https://learn.microsoft.com/tr-tr/training/paths/build-custom-connectors/","Microsoft Learn","Microsoft Learn (learning path)","Learn how to build custom connectors for Microsoft Power Platform.","tr","","L2","INTERMEDIATE","4.23","yes","0","no","DATA","DATA_AUTOMATION:4","","GENERAL","","","no","","","","",""
"MSL-TR-learn-bizapps.healthcare-data-solutions","Get started with healthcare data solutions in Microsoft Fabric","https://learn.microsoft.com/tr-tr/training/paths/healthcare-data-solutions/","Microsoft Learn","Microsoft Learn (learning path)","Learn about healthcare data solutions in Microsoft Fabric using Microsoft Cloud for Healthcare.","tr","","L2","INTERMEDIATE","0.5","yes","0","no","PRODUCTIVITY","WORKPLACE:4","","GENERAL","","","no","","","","",""
"MSL-TR-learn.wwl.desktop-flows-robotic-process-automation-po","Desktop flows and Robotic Process Automation in Power Automate","https://learn.microsoft.com/tr-tr/training/paths/desktop-flows-robotic-process-automation-power-automate/","Microsoft Learn","Microsoft Learn (learning path)","Desktop flows and Robotic Process Automation in Power Automate","tr","","L2","INTERMEDIATE","6.2","yes","0","no","PRODUCTIVITY","WORKPLACE:4","","GENERAL","","","yes","","","","",""
"MSL-TR-learn-bizapps.dragon-copilot-ai-ambassador-champion-l","Dragon Copilot AI Ambassador - Champion level","https://learn.microsoft.com/tr-tr/training/paths/dragon-copilot-ai-ambassador-champion-level/","Microsoft Learn","Microsoft Learn (learning path)","Learn how to use Dragon Copilot to capture, review, and refine clinical documentation using ambient recording, dictation, and Copilot features.","tr","","L1","BEGINNER","1.55","yes","0","no","PRODUCTIVITY","WORKPLACE:4","","GENERAL","","","yes","","","","",""
"MSL-TR-learn.wwl.integrate-dataverse-azure","Integrate with Dataverse and Azure","https://learn.microsoft.com/tr-tr/training/paths/integrate-dataverse-azure/","Microsoft Learn","Microsoft Learn (learning path)","Integrate with Dataverse and Azure","tr","","L2","INTERMEDIATE","2.02","yes","0","no","PRODUCTIVITY","WORKPLACE:4","","GENERAL","","","yes","","","","",""
"MSL-TR-learn-bizapps.healthcare-health-team","Foster health team collaboration with Microsoft for Healthcare","https://learn.microsoft.com/tr-tr/training/paths/healthcare-health-team/","Microsoft Learn","Microsoft Learn (learning path)","Learn how to foster health team collaboration with Microsoft for Healthcare.","tr","","L2","INTERMEDIATE","1.23","yes","0","no","PRODUCTIVITY","WORKPLACE:4","","GENERAL","","","no","","","","",""
"MSL-TR-learn-bizapps.agents-online-workshop","Agent in a day - Online workshop","https://learn.microsoft.com/tr-tr/training/paths/agents-online-workshop/","Microsoft Learn","Microsoft Learn (learning path)","Learn how to create agents and automation with Microsoft Copilot Studio.","tr","","L1","BEGINNER","2.98","yes","0","no","GENERATIVE_AI","FUNDAMENTALS:2,WORKPLACE:3","","GENERAL","","","no","","","","",""
"MSL-TR-learn.wwl.prepare-visualize-data-power-bi","Prepare and visualize data with Microsoft Power BI","https://learn.microsoft.com/tr-tr/training/paths/prepare-visualize-data-power-bi/","Microsoft Learn","Microsoft Learn (learning path)","Power BI allows you to easily connect to and present your data in an interactive report, so you can make data-driven decisions. Learn how to connect to data, transform and shape data, and create interactive visuals in a Power BI report. (DP-605T00)","tr","","L1","BEGINNER","7.8","yes","0","no","DATA","DATA_AUTOMATION:4","","GENERAL","","","no","","","","",""
"MSL-TR-learn.wwl.automate-tasks-workflows-copilot-studio","Automate tasks and workflows in Microsoft Copilot Studio","https://learn.microsoft.com/tr-tr/training/paths/automate-tasks-workflows-copilot-studio/","Microsoft Learn","Microsoft Learn (learning path)","Learn to automate tasks and workflows across systems, websites, and applications by using agent flows and computer use in Microsoft Copilot Studio.","tr","","L2","INTERMEDIATE","2.67","yes","0","no","FOUNDATIONS","FUNDAMENTALS:4","","GENERAL","","","no","","","","",""
"MSL-TR-learn-bizapps.integrate-power-automate","Integrate SharePoint and Power Automate","https://learn.microsoft.com/tr-tr/training/paths/integrate-power-automate/","Microsoft Learn","Microsoft Learn (learning path)","Learn how SharePoint and Power Automate are integrated.","tr","","L2","INTERMEDIATE","2.3","yes","0","no","PRODUCTIVITY","WORKPLACE:4","","GENERAL","","","no","","","","",""
"MSL-TR-learn.wwl.build-data-model-microsoft-dataverse","Build your data model with Microsoft Dataverse","https://learn.microsoft.com/tr-tr/training/paths/build-data-model-microsoft-dataverse/","Microsoft Learn","Microsoft Learn (learning path)","Build the data foundation that intelligent Power Platform solutions are built on. Learn how Dataverse tables and columns work, how to model your business data, apply security roles to control access, and encode business logic directly into the data layer with business rules.","tr","","L1","BEGINNER","3.37","yes","0","no","PRODUCTIVITY","WORKPLACE:4","","GENERAL","","","no","","","","",""
"MSL-TR-learn.wwl.advanced-canvas-app-development-mastering-f","Advanced Canvas App Development in Power Apps: Mastering Formulas and Development Techniques","https://learn.microsoft.com/tr-tr/training/paths/advanced-canvas-app-development-mastering-formulas-techniques/","Microsoft Learn","Microsoft Learn (learning path)","This learning path teaches how to write complex formulas and apply imperative development techniques in Power Apps, including understanding various development methods and utilizing different types of variables.","tr","","L2","INTERMEDIATE","1.6","yes","0","no","TECHNICAL","TECHNICAL:5","","IT","","","yes","","","","",""
"MSL-TR-learn.wwl.use-advance-techniques-canvas-apps-custom-u","Use advance techniques in canvas apps to perform custom updates and optimization","https://learn.microsoft.com/tr-tr/training/paths/use-advance-techniques-canvas-apps-custom-updates-optimization/","Microsoft Learn","Microsoft Learn (learning path)","Use advance techniques in canvas apps to perform custom updates and optimization","tr","","L2","INTERMEDIATE","6.75","yes","0","no","PRODUCTIVITY","WORKPLACE:4","","GENERAL","","","yes","","","","",""
"MSL-TR-learn.wwl.demonstrate-capabilities-microsoft-power-au","Demonstrate the capabilities of Microsoft Power Automate","https://learn.microsoft.com/tr-tr/training/paths/demonstrate-capabilities-microsoft-power-automate/","Microsoft Learn","Microsoft Learn (learning path)","This learning path introduces makers to Power Automates cloud and desktop flows, covering key concepts like triggers, actions, loops, and branching. Learners explore real-world use cases across Microsoft 365 apps, leverage Copilot to build and describe flows, and gain hands-on experience with testing, monitoring, and sharing automations. The path also includes an introduction to Process Mining and desktop automation using Power Automate for Desktop. PL-900","tr","","L1","BEGINNER","2.35","yes","0","no","TECHNICAL","TECHNICAL:5","","IT","","","yes","","","","",""
"MSL-TR-learn-bizapps.power-apps-online-workshop","Create a machine ordering app with Power Apps - Online Workshop","https://learn.microsoft.com/tr-tr/training/paths/power-apps-online-workshop/","Microsoft Learn","Microsoft Learn (learning path)","Learn how to create an app with Power Apps.","tr","","L1","BEGINNER","5.57","yes","0","no","PRODUCTIVITY","WORKPLACE:4","","GENERAL","","","no","","","","",""
"MSL-TR-learn-bizapps.get-started-with-text-analytics","Get started with Text Analytics for health","https://learn.microsoft.com/tr-tr/training/paths/get-started-text-analytics/","Microsoft Learn","Microsoft Learn (learning path)","Learn how to use Text Analytics for health in Microsoft Cloud for Healthcare.","tr","","L2","INTERMEDIATE","1.95","yes","0","no","PRODUCTIVITY","WORKPLACE:4","","GENERAL","","","yes","","","","",""
"MSL-TR-learn-bizapps.power-platform-business-value-path","Describe the business value of Microsoft Power Platform","https://learn.microsoft.com/tr-tr/training/paths/describe-business-value-microsoft-power-platform/","Microsoft Learn","Microsoft Learn (learning path)","This learning path serves as an introduction to the Power Platform. It discusses the Power Platform components: Power BI, Power Apps, Power Automate, Power Pages and Microsoft Copilot Studio. It covers Microsoft Dataverse as the common data foundation, and connectors that allow Power Platform apps to access a vast list of data sources. The learning path also discusses Power Platform's native integration with Microsoft 365 services, its ability to connect to on-premises systems, and the capabilities of the Plan Designer. PL-900","tr","","L1","BEGINNER","1.77","yes","0","no","TECHNICAL","TECHNICAL:5","","IT","","","yes","","","","",""
"MSL-TR-learn-bizapps.create-sustainability-solution","Set up a sustainability solution using Microsoft Sustainability Manager","https://learn.microsoft.com/tr-tr/training/paths/create-sustainability-solution/","Microsoft Learn","Microsoft Learn (learning path)","Learn how to set up a sustainability solution using Microsoft Sustainability Manager.","tr","","L2","INTERMEDIATE","6.75","yes","0","no","PRODUCTIVITY","WORKPLACE:4","","GENERAL","","","yes","","","","",""
"MSL-TR-learn-bizapps.improve-business-performance-ai-builder","Improve business performance with AI Builder","https://learn.microsoft.com/tr-tr/training/paths/improve-business-performance-ai-builder/","Microsoft Learn","Microsoft Learn (learning path)","Do you want to bring AI to your business to improve your business performance? AI Builder offers a wide array of AI capabilities, such as text recognition and object detection. This learning path guides you through each use case, the creation of the models, and how to use them.","tr","","L1","BEGINNER","4.42","yes","0","no","FOUNDATIONS","FUNDAMENTALS:4","","GENERAL","","","no","","","","",""
"MSL-TR-learn-bizapps.dragon-copilot-physicians-learn-to-trai","Dragon Copilot (physicians) learn to train","https://learn.microsoft.com/tr-tr/training/paths/dragon-copilot-physicians-learn-to-train/","Microsoft Learn","Microsoft Learn (learning path)","This program gives trainers and training leads the skills and resources needed to train physicians on using Dragon Copilot.","tr","","L2","INTERMEDIATE","2.32","yes","0","no","PRODUCTIVITY","WORKPLACE:4","","GENERAL","","","yes","","","","",""
"MSL-TR-learn.wwl.automate-business-process-expressions-datav","Automate a business process with expressions and Dataverse actions using Power Automate","https://learn.microsoft.com/tr-tr/training/paths/automate-business-process-expressions-dataverse-actions/","Microsoft Learn","Microsoft Learn (learning path)","Automate a business process with expressions and Dataverse actions using Power Automate","tr","","L1","BEGINNER","2.77","yes","0","no","PRODUCTIVITY","WORKPLACE:4","","GENERAL","","","yes","","","","",""
"MSL-TR-learn.wwl.create-extend-custom-copilots-microsoft-cop","Create agents in Microsoft Copilot Studio","https://learn.microsoft.com/tr-tr/training/paths/create-extend-custom-copilots-microsoft-copilot-studio/","Microsoft Learn","Microsoft Learn (learning path)","In this learning path, you practice building custom agents by using Microsoft Copilot Studio. The skills validated include creating managing topics, working with entities and variables, enhancing agents with generative AI, and publishing agents. The scenario in this experience represents real-world challenges faced by individuals with business-specific expertise who build custom agents. PL-7008","tr","","L2","INTERMEDIATE","3.7","yes","0","no","FOUNDATIONS","FUNDAMENTALS:4","","GENERAL","","","no","","","","",""
"MSL-TR-learn.wwl.advanced-model-driven-apps-configuration-cu","Advanced Model-Driven Apps with Power Apps: Configuration, Customization, and Deployment Techniques","https://learn.microsoft.com/tr-tr/training/paths/advanced-model-driven-apps-configuration-customization-deployment/","Microsoft Learn","Microsoft Learn (learning path)","This learning path covers creating and customizing model-driven apps in Microsoft Power Platform, including using forms, views, and dashboards, deploying and evolving apps, and leveraging reporting, analytics, and command customization.","tr","","L2","INTERMEDIATE","3.67","yes","0","no","TECHNICAL","TECHNICAL:5","","IT","","","yes","","","","",""
"MSL-TR-learn-bizapps.get-started-sustainability-reporting","Get started with Environmental, social, and governance reporting","https://learn.microsoft.com/tr-tr/training/paths/get-started-sustainability-esg-reporting/","Microsoft Learn","Microsoft Learn (learning path)","Learn about Get started with sustainability environmental, social, and governance reporting.","tr","","L2","INTERMEDIATE","1.12","yes","0","no","PRODUCTIVITY","WORKPLACE:4","","GENERAL","","","yes","","","","",""
"MSL-TR-learn.wwl.automate-workflows-agents-github-copilot-co","Automate business processes with workflows and agents in Microsoft Copilot Studio (GitHub Copilot)","https://learn.microsoft.com/tr-tr/training/paths/automate-workflows-agents-github-copilot-copilot-studio/","Microsoft Learn","Microsoft Learn (learning path)","Build workflows for agents powered by the GitHub Copilot harness in Microsoft Copilot Studio, and add human-in-the-loop steps for approvals and missing information.","tr","","L2","INTERMEDIATE","2.75","yes","0","no","FOUNDATIONS","FUNDAMENTALS:4","","GENERAL","","","no","","","","",""
"MSL-TR-learn-bizapps.get-started-sovereignty","Get started with Microsoft for Sovereignty","https://learn.microsoft.com/tr-tr/training/paths/get-started-sovereignty/","Microsoft Learn","Microsoft Learn (learning path)","Learn how to use Microsoft for Sovereignty.","tr","","L1","BEGINNER","3.67","yes","0","no","PRODUCTIVITY","WORKPLACE:4","","GENERAL","","","no","","","","",""
"MSL-TR-learn-bizapps.healthcare-in-a-day","Get started with Microsoft for Healthcare","https://learn.microsoft.com/tr-tr/training/paths/healthcare-in-a-day/","Microsoft Learn","Microsoft Learn (learning path)","Learn how to use Microsoft for Healthcare.","tr","","L2","INTERMEDIATE","1.67","yes","0","no","PRODUCTIVITY","WORKPLACE:4","","GENERAL","","","no","","","","",""
"MSL-TR-learn.wwl.extend-user-experience-client-scripting-com","Extend the user experience with client scripting and command bar customization","https://learn.microsoft.com/tr-tr/training/paths/extend-user-experience-client-scripting-command-bar-customization/","Microsoft Learn","Microsoft Learn (learning path)","Extend the user experience with client scripting and command bar customization","tr","","L2","INTERMEDIATE","2","yes","0","no","PRODUCTIVITY","WORKPLACE:4","","GENERAL","","","yes","","","","",""
"MSL-TR-learn.wwl.validate-power-platform-functional-consulta","Validate your Power Platform Functional Consultant skills","https://learn.microsoft.com/tr-tr/training/paths/validate-power-platform-functional-consultant-skills/","Microsoft Learn","Microsoft Learn (learning path)","This learning path prepares you to complete the Microsoft Power Platform Functional Consultant challenge project and validate your skills. You should have already completed the following modules as part of the PL-200: Microsoft Power Platform Functional Consultant course. If you haven't, it's recommended that you take some time to complete these modules before beginning the challenge project.","tr","","L2","INTERMEDIATE","8.62","yes","0","no","PRODUCTIVITY","WORKPLACE:4","","GENERAL","","","no","","","","",""
"MSL-TR-learn-bizapps.powerscribe-one-resident-radiologist-wo","Resident radiologist workflow foundations","https://learn.microsoft.com/tr-tr/training/paths/powerscribe-one-resident-radiologist-workflow-foundations/","Microsoft Learn","Microsoft Learn (learning path)","Learn core PowerScribe One workflows for resident radiologists, including cloud speech dictation, report creation, and clinical documentation quality tools.","tr","","L2","INTERMEDIATE","1.23","yes","0","no","PRODUCTIVITY","WORKPLACE:4","","GENERAL","","","no","","","","",""
"MSL-TR-learn-bizapps.pad-build-expertise","Build expertise with Power Automate desktop app","https://learn.microsoft.com/tr-tr/training/paths/pad-build-expertise/","Microsoft Learn","Microsoft Learn (learning path)","Build expertise with using advanced actions in Power Automate desktop app.","tr","","L4","ADVANCED","2.55","yes","0","no","PRODUCTIVITY","WORKPLACE:4","","GENERAL","","","yes","","","","",""
"MSL-TR-learn-bizapps.get-started-sustainability","Get started with Microsoft for Sustainability","https://learn.microsoft.com/tr-tr/training/paths/get-started-sustainability/","Microsoft Learn","Microsoft Learn (learning path)","Learn how to use Microsoft for Sustainability.","tr","","L2","INTERMEDIATE","1.08","yes","0","no","PRODUCTIVITY","WORKPLACE:4","","GENERAL","","","yes","","","","",""
"MSL-TR-learn-bizapps.dragon-copilot-for-nurse-champions","Dragon Copilot 101 for nurse champions","https://learn.microsoft.com/tr-tr/training/paths/dragon-copilot-for-nurse-champions/","Microsoft Learn","Microsoft Learn (learning path)","Prepares nurse champions to understand their role, support peers, and drive safe, consistent adoption of Dragon Copilot (nurses).","tr","","L2","INTERMEDIATE","1.73","yes","0","no","PRODUCTIVITY","WORKPLACE:4","","GENERAL","","","yes","","","","",""
"MSL-TR-learn-bizapps.solution-architect-design","Solution Architect: Design Microsoft Power Platform solutions","https://learn.microsoft.com/tr-tr/training/paths/solution-architect-data/","Microsoft Learn","Microsoft Learn (learning path)","Learn how a solution architect designs solutions.","tr","","L4","ADVANCED","5.17","yes","0","no","PRODUCTIVITY","WORKPLACE:4","","GENERAL","","","yes","","","","",""
"MSL-TR-learn-bizapps.copilot-solutions","Create Power Platform solutions with AI and Copilot","https://learn.microsoft.com/tr-tr/training/paths/copilot-solutions/","Microsoft Learn","Microsoft Learn (learning path)","Learn how to create solutions for Power Platform with AI and Copilot.","tr","","L1","BEGINNER","4.2","yes","0","no","PRODUCTIVITY","WORKPLACE:4","","GENERAL","","","no","","","","",""
"MSL-TR-learn-bizapps.dragon-copilot-physicians-practical-app","Dragon Copilot (physicians) practical application exercises","https://learn.microsoft.com/tr-tr/training/paths/dragon-copilot-physicians-practical-application-exercises/","Microsoft Learn","Microsoft Learn (learning path)","This program gives Dragon Copilot users a set of practical application exercises to use as they get up to speed on Dragon Copilot (physicians).","tr","","L4","ADVANCED","1.63","yes","0","no","PRODUCTIVITY","WORKPLACE:4","","GENERAL","","","yes","","","","",""
"MSL-TR-learn-bizapps.explore-healthcare-data-solutions","Explore healthcare data solutions in Microsoft Fabric","https://learn.microsoft.com/tr-tr/training/paths/explore-healthcare-data-solutions/","Microsoft Learn","Microsoft Learn (learning path)","Learn how to deploy and use healthcare data solutions in Microsoft Fabric.","tr","","L2","INTERMEDIATE","5.87","yes","0","no","PRODUCTIVITY","WORKPLACE:4","","GENERAL","","","yes","","","","",""
"MSL-TR-learn.wwl.connect-share-cloud-flow-desktop-flows-powe","Connect and share cloud flow to desktop flows in Power Automate for desktop","https://learn.microsoft.com/tr-tr/training/paths/connect-share-cloud-flow-desktop-flows-power-automate/","Microsoft Learn","Microsoft Learn (learning path)","Connect and share cloud flow to desktop flows in Power Automate for desktop","tr","","L2","INTERMEDIATE","1.25","yes","0","no","PRODUCTIVITY","WORKPLACE:4","","GENERAL","","","yes","","","","",""
"MSL-TR-learn-bizapps.dragon-copilot-for-nurse-leaders","Dragon Copilot 101 for nurse leaders","https://learn.microsoft.com/tr-tr/training/paths/dragon-copilot-for-nurse-leaders/","Microsoft Learn","Microsoft Learn (learning path)","Prepares nurse leaders to drive Dragon Copilot adoption by setting expectations, reinforcing key behaviors, and supporting safe, consistent use across teams.","tr","","L2","INTERMEDIATE","1.45","yes","0","no","PRODUCTIVITY","WORKPLACE:4","","GENERAL","","","yes","","","","",""
"MSL-TR-learn-bizapps.powerscribe-one-editor-workflow-foundat","Editor workflow foundations","https://learn.microsoft.com/tr-tr/training/paths/powerscribe-one-editor-workflow-foundations/","Microsoft Learn","Microsoft Learn (learning path)","Learn core PowerScribe One workflows for editors, including worklists, dictated report editing, structured fields, and report finalization.","tr","","L1","BEGINNER","0.52","yes","0","no","PRODUCTIVITY","WORKPLACE:4","","GENERAL","","","no","","","","",""
"MSL-TR-learn.wwl.create-manage-automated-processes-by-using-","Create and Manage Automated Processes by using Power Automate","https://learn.microsoft.com/tr-tr/training/paths/create-manage-automated-processes-by-using-power-automate/","Microsoft Learn","Microsoft Learn (learning path)","In this learning path, you practice creating and managing automated processes by using Power Automate. PL-7002","tr","","L2","INTERMEDIATE","3.62","yes","0","no","PRODUCTIVITY","WORKPLACE:4","","GENERAL","","","no","","","","",""
"MSL-TR-learn.wwl.build-optimize-cloud-flows-power-automate","Build and optimize cloud flows in Power Automate","https://learn.microsoft.com/tr-tr/training/paths/build-optimize-cloud-flows-power-automate/","Microsoft Learn","Microsoft Learn (learning path)","Build and optimize cloud flows in Power Automate","tr","","L1","BEGINNER","2.65","yes","0","no","PRODUCTIVITY","WORKPLACE:4","","GENERAL","","","yes","","","","",""
"MSL-TR-learn.wwl.basic-application-lifecycle-management-micr","Basic application lifecycle management in Microsoft Power Platform","https://learn.microsoft.com/tr-tr/training/paths/basic-application-lifecycle-management-microsoft-power-platform/","Microsoft Learn","Microsoft Learn (learning path)","Learn how to create and manage solutions, understand solution layering, and explore version control for solutions.","tr","","L2","INTERMEDIATE","1.08","yes","0","no","PRODUCTIVITY","WORKPLACE:4","","GENERAL","","","yes","","","","",""
"MSL-TR-learn.wwl.create-agents-github-copilot-harness-copilo","Create agents with the GitHub Copilot harness in Microsoft Copilot Studio","https://learn.microsoft.com/tr-tr/training/paths/create-agents-github-copilot-harness-copilot-studio/","Microsoft Learn","Microsoft Learn (learning path)","Create and extend agents powered by the GitHub Copilot harness in Microsoft Copilot Studio.","tr","","L2","INTERMEDIATE","5.87","yes","0","no","FOUNDATIONS","FUNDAMENTALS:4","","GENERAL","","","no","","","","",""
"MSL-TR-learn.wwl.build-basic-code-components-power-apps-comp","Build basic code components with the Power Apps Component Framework","https://learn.microsoft.com/tr-tr/training/paths/build-basic-code-components-power-apps-component-framework/","Microsoft Learn","Microsoft Learn (learning path)","Build basic code components with the Power Apps Component Framework","tr","","L1","BEGINNER","1.55","yes","0","no","PRODUCTIVITY","WORKPLACE:4","","GENERAL","","","yes","","","","",""
"MSL-TR-learn.wwl.design-agent-conversations-responses-topics","Design agent conversations and responses using topics in Microsoft Copilot Studio","https://learn.microsoft.com/tr-tr/training/paths/design-agent-conversations-responses-topics-copilot-studio/","Microsoft Learn","Microsoft Learn (learning path)","Learn to design and configure agent conversations and responses using topics in Microsoft Copilot Studio. This learning path covers foundational topic authoring, delivering rich Adaptive Card responses, integrating topics with tools and agent flows, and generating AI-powered answers using generative answers nodes and custom prompts.","tr","","L2","INTERMEDIATE","2.28","yes","0","no","FOUNDATIONS","FUNDAMENTALS:4","","GENERAL","","","no","","","","",""
"MSL-TR-learn-bizapps.introduction-process-advisor","Get started with process mining in Power Automate","https://learn.microsoft.com/tr-tr/training/paths/introduction-process-advisor/","Microsoft Learn","Microsoft Learn (learning path)","Learn how to work with process mining in Power Automate","tr","","L1","BEGINNER","3.08","yes","0","no","PRODUCTIVITY","WORKPLACE:4","","GENERAL","","","no","","","","",""
"MSL-TR-learn-bizapps.get-started-sustainability-copilots","Get started with Sustainability agent in Copilot Studio","https://learn.microsoft.com/tr-tr/training/paths/get-started-sustainability-copilots/","Microsoft Learn","Microsoft Learn (learning path)","Learn how to set up Sustainability agents in Copilot Studio.","tr","","L1","BEGINNER","0.47","yes","0","no","PRODUCTIVITY","WORKPLACE:4","","GENERAL","","","yes","","","","",""
"MSL-TR-learn-bizapps.extend-sustainability","Extend Microsoft for Sustainability","https://learn.microsoft.com/tr-tr/training/paths/extend-sustainability/","Microsoft Learn","Microsoft Learn (learning path)","Learn how to extend Microsoft for Sustainability.","tr","","L2","INTERMEDIATE","4.47","yes","0","no","PRODUCTIVITY","WORKPLACE:4","","GENERAL","","","yes","","","","",""
"MSL-TR-learn.wwl.integrate-agents-enterprise-systems-copilot","Integrate agents with enterprise systems in Microsoft Copilot Studio","https://learn.microsoft.com/tr-tr/training/paths/integrate-agents-enterprise-systems-copilot-studio/","Microsoft Learn","Microsoft Learn (learning path)","Learn to integrate Copilot Studio agents with enterprise systems. This learning path covers evaluating integration patterns, configuring connectors and REST API tools, grounding agents with enterprise knowledge sources, and connecting agents to external systems via MCP.","tr","","L2","INTERMEDIATE","3.3","yes","0","no","FOUNDATIONS","FUNDAMENTALS:4","","GENERAL","","","no","","","","",""
"MSL-TR-learn.wwl.automate-business-processes-power-automate","Automate and extend your solutions with AI in Microsoft Power Automate","https://learn.microsoft.com/tr-tr/training/paths/automate-business-processes-power-automate/","Microsoft Learn","Microsoft Learn (learning path)","Wire your Power Platform solutions with intelligent automation and generative AI capabilities. Create event-driven cloud flows, connect automation directly to your Dataverse data model, build approval flows that route decisions to the right people — then extend your solutions further by generating natural language responses from your own business data with AI Builder grounded prompts.","tr","","L1","BEGINNER","3.45","yes","0","no","FOUNDATIONS","FUNDAMENTALS:4","","GENERAL","","","no","","","","",""
"MSL-TR-learn-bizapps.powerscribe-one-advanced-autotext-for-p","Advanced AutoText for providers","https://learn.microsoft.com/tr-tr/training/paths/powerscribe-one-advanced-autotext-for-providers/","Microsoft Learn","Microsoft Learn (learning path)","Learn advanced AutoText workflows in PowerScribe One for efficient reporting and documentation.","tr","","L4","ADVANCED","0.92","yes","0","no","PRODUCTIVITY","WORKPLACE:4","","GENERAL","","","no","","","","",""
"MSL-TR-learn-bizapps.share-collaborate-power-automate","Share and collaborate with Power Automate","https://learn.microsoft.com/tr-tr/training/paths/share-collaborate-power-automate/","Microsoft Learn","Microsoft Learn (learning path)","Learn how to effectively collaborate with others while working in Power Automate.","tr","","L1","BEGINNER","1.63","yes","0","no","PRODUCTIVITY","WORKPLACE:4","","GENERAL","","","no","","","","",""
"MSL-TR-learn.wwl.demonstrate-capabilities-power-apps","Demonstrate the capabilities of Microsoft Power Apps","https://learn.microsoft.com/tr-tr/training/paths/demonstrate-capabilities-power-apps/","Microsoft Learn","Microsoft Learn (learning path)","This learning path introduces learners to Power apps. This includes a general discussion of capabilities and then specific focus on canvas apps and model-driven apps. PL-900","tr","","L1","BEGINNER","3.45","yes","0","no","TECHNICAL","TECHNICAL:5","","IT","","","yes","","","","",""
"MSL-TR-learn-bizapps.robotic-process-automation-online-works","Power Automate: Automation - Online Workshop","https://learn.microsoft.com/tr-tr/training/paths/robotic-process-automation-online-workshop/","Microsoft Learn","Microsoft Learn (learning path)","Learn how to create robotic process automation flows.","tr","","L1","BEGINNER","5.48","yes","0","no","PRODUCTIVITY","WORKPLACE:4","","GENERAL","","","no","","","","",""
"MSL-TR-learn.wwl.sharing-customization-low-code-development-","Power Platform Solution Management: Sharing, Customization, and Low-Code Development Essentials","https://learn.microsoft.com/tr-tr/training/paths/sharing-customization-low-code-development-essentials/","Microsoft Learn","Microsoft Learn (learning path)","This learning path covers sharing Power Automate cloud flows, using Power Apps for app creation, managing solutions in Power Automate, and transporting and customizing apps within Microsoft Power Platform.","tr","","L2","INTERMEDIATE","2.43","yes","0","no","TECHNICAL","TECHNICAL:5","","IT","","","yes","","","","",""
"MSL-TR-learn.wwl.integrate-agents-enterprise-systems-github-","Integrate agents with enterprise systems in Microsoft Copilot Studio (GitHub Copilot)","https://learn.microsoft.com/tr-tr/training/paths/integrate-agents-enterprise-systems-github-copilot-copilot-studio/","Microsoft Learn","Microsoft Learn (learning path)","Connect agents powered by the GitHub Copilot harness in Microsoft Copilot Studio to enterprise knowledge, tools, Model Context Protocol (MCP) servers, and Microsoft IQ services.","tr","","L2","INTERMEDIATE","1.37","yes","0","no","FOUNDATIONS","FUNDAMENTALS:4","","GENERAL","","","yes","","","","",""
"MSL-TR-learn-bizapps.work-power-virtual-agents","Create and publish agents with Microsoft Copilot Studio","https://learn.microsoft.com/tr-tr/training/paths/work-power-virtual-agents/","Microsoft Learn","Microsoft Learn (learning path)","Learn how to create, manage, and maintain agents with Microsoft Copilot Studio.","tr","","L2","INTERMEDIATE","4.73","yes","0","no","GENERATIVE_AI","FUNDAMENTALS:2,WORKPLACE:3","","GENERAL","","","yes","","","","",""
"MSL-TR-learn-bizapps.emissions-impact-dashboards","Get started with Emissions Impact Dashboards","https://learn.microsoft.com/tr-tr/training/paths/emissions-impact-dashboards/","Microsoft Learn","Microsoft Learn (learning path)","Learn about Emissions Impact Dashboards in Microsoft for Sustainability.","tr","","L2","INTERMEDIATE","0.57","yes","0","no","PRODUCTIVITY","WORKPLACE:4","","GENERAL","","","yes","","","","",""
"MSL-TR-learn.wwl.demonstrate-capabilities-microsoft-power-pa","Demonstrate the capabilities of Microsoft Power Pages","https://learn.microsoft.com/tr-tr/training/paths/demonstrate-capabilities-microsoft-power-pages/","Microsoft Learn","Microsoft Learn (learning path)","This learning path focuses on Microsoft Power Platform. Learners are introduced to the business capabilities of Power Pages sites and their security features. Learners then learn how to build a Power Pages site, including a hands-on exercise. PL-900","tr","","L1","BEGINNER","1.77","yes","0","no","TECHNICAL","TECHNICAL:5","","IT","","","yes","","","","",""
"MSL-TR-learn-bizapps.agent-365-solutions","Explore Microsoft Agent 365","https://learn.microsoft.com/tr-tr/training/paths/agent-365-solutions/","Microsoft Learn","Microsoft Learn (learning path)","Learn how to use Microsoft Agent 365.","tr","","L1","BEGINNER","3.42","yes","0","no","FOUNDATIONS","FUNDAMENTALS:4","","GENERAL","","","no","","","","",""
"MSL-TR-learn-bizapps.pad-work-different-technologies","Work with different technologies in Power Automate desktop app","https://learn.microsoft.com/tr-tr/training/paths/pad-work-different-technologies/","Microsoft Learn","Microsoft Learn (learning path)","This learning Path covers multiple technologies used with Power Automate desktop app.","tr","","L2","INTERMEDIATE","4.28","yes","0","no","PRODUCTIVITY","WORKPLACE:4","","GENERAL","","","yes","","","","",""
"MSL-TR-learn-bizapps.bring-ai","Bring AI to your business with AI Builder","https://learn.microsoft.com/tr-tr/training/paths/bring-ai/","Microsoft Learn","Microsoft Learn (learning path)","Learn how to bring AI Builder to your business.","tr","","L1","BEGINNER","2.02","yes","0","no","FOUNDATIONS","FUNDAMENTALS:4","","GENERAL","","","no","","","","",""
"MSL-TR-learn-bizapps.get-started-sustainability-manager","Get started with Microsoft Sustainability Manager","https://learn.microsoft.com/tr-tr/training/paths/get-started-sustainability-manager/","Microsoft Learn","Microsoft Learn (learning path)","Learn about Microsoft Sustainability Manager.","tr","","L2","INTERMEDIATE","1.08","yes","0","no","PRODUCTIVITY","WORKPLACE:4","","GENERAL","","","yes","","","","",""
"MSL-TR-learn.wwl.get-started-custom-connectors-microsoft-pow","Get started with custom connectors for Microsoft Power Platform","https://learn.microsoft.com/tr-tr/training/paths/get-started-custom-connectors-microsoft-power-platform/","Microsoft Learn","Microsoft Learn (learning path)","Get started with custom connectors for Microsoft Power Platform","tr","","L2","INTERMEDIATE","3.62","yes","0","no","PRODUCTIVITY","WORKPLACE:4","","GENERAL","","","yes","","","","",""
"MSL-TR-learn-bizapps.application-lifecycle-management","Application lifecycle management for the Power Platform","https://learn.microsoft.com/tr-tr/training/paths/application-lifecycle-management/","Microsoft Learn","Microsoft Learn (learning path)","Application lifecycle management (ALM) is important as the applications your organization builds becomes more complex and as more of your company depends on their stability. ALM is not a one size fits all concept, it can vary from organization to organization and even within based on the type of solution being built. This learning path can help you with ALM best practices.","tr","","L2","INTERMEDIATE","1.42","yes","0","no","TECHNICAL","TECHNICAL:5","","IT","","","yes","","","","",""
"MSL-TR-learn-bizapps.best-practices-environments","Use best practices to secure and govern Microsoft Power Platform environments","https://learn.microsoft.com/tr-tr/training/paths/best-practices-environments/","Microsoft Learn","Microsoft Learn (learning path)","Learn how you can improve security posture and governance in Microsoft Power Platform.","tr","","L2","INTERMEDIATE","6.83","yes","0","no","RESPONSIBLE_AI","RESPONSIBLE_AI:5","","IT","","","yes","","","","",""
"MSL-TR-learn.wwl.power-platform-robotic-process-automation-o","Power Platform Robotic Process Automation overview","https://learn.microsoft.com/tr-tr/training/paths/power-platform-robotic-process-automation-overview/","Microsoft Learn","Microsoft Learn (learning path)","Power Platform Robotic Process Automation overview","tr","","L2","INTERMEDIATE","2.83","yes","0","no","PRODUCTIVITY","WORKPLACE:4","","GENERAL","","","yes","","","","",""
"MSL-TR-learn-dynamics.purchase-items-services-dynamics-365-b","Purchase items and services in Microsoft Dynamics 365 Business Central","https://learn.microsoft.com/tr-tr/training/paths/purchase-items-services-dynamics-365-business-central/","Microsoft Learn","Microsoft Learn (learning path)","Do you need to create purchase documents like purchase orders and purchase invoices? This learning path shows you how to create purchase documents and address things such as discounts and item charges.","tr","","L2","INTERMEDIATE","3.83","yes","0","no","ROLE_SPECIFIC","WORKPLACE:3","","FINANCE","","","no","","","","",""
"MSL-TR-learn-dynamics.agents-help-customer-service","Help service reps be more productive in Dynamics 365 Customer Service","https://learn.microsoft.com/tr-tr/training/paths/agents-help-customer-service/","Microsoft Learn","Microsoft Learn (learning path)","Do you want to improve your service representative's productivity? This path discusses options to help service reps be more productive when using the Customer Service app.","tr","","L2","INTERMEDIATE","6","yes","0","no","ROLE_SPECIFIC","WORKPLACE:3","","PRODUCTION","","","no","","","","",""
"MSL-TR-learn.wwl.validate-your-dynamics-365-customer-experie","Validate your Dynamics 365 customer experience analyst skills","https://learn.microsoft.com/tr-tr/training/paths/validate-your-dynamics-365-customer-experience-analyst-skills/","Microsoft Learn","Microsoft Learn (learning path)","Validate your implementation skills in Dynamics 365 Sales and Dynamics 365 Customer Insights in this learning path that culminates in a challenge project.","tr","","L2","INTERMEDIATE","7.87","yes","0","no","PRODUCTIVITY","WORKPLACE:4","","SALES_MARKETING","","","no","","","","",""
"MSL-TR-learn-dynamics.process-customer-vendor-payments-dynam","Process customer and vendor payments in Microsoft Dynamics 365 Business Central","https://learn.microsoft.com/tr-tr/training/paths/process-customer-vendor-payments-dynamics-365-business-central/","Microsoft Learn","Microsoft Learn (learning path)","Do you receive payments from customers and pay vendors? This module will help you track both in cash management and process those transactions as necessary in Business Central.","tr","","L2","INTERMEDIATE","3.35","yes","0","no","ROLE_SPECIFIC","WORKPLACE:3","","FINANCE","","","no","","","","",""
"MSL-TR-learn-dynamics.customer-engagement-channels-customer-","Work with customer engagement channels in Dynamics 365 Customer Service","https://learn.microsoft.com/tr-tr/training/paths/customer-engagement-channels-customer-service/","Microsoft Learn","Microsoft Learn (learning path)","Learn how customer interactions move across engagement channels into Copilot Service workspace and how to configure reliable email intake in Dynamics 365 Customer Service.","tr","","L2","INTERMEDIATE","2.5","yes","0","no","PRODUCTIVITY","WORKPLACE:4","","SALES_MARKETING","","","no","","","","",""
"MSL-TR-learn-dynamics.configure-manage-sales-customers-dyn36","Configure and manage sales, and customers in Dynamics 365 Supply Chain Management","https://learn.microsoft.com/tr-tr/training/paths/configure-manage-sales-customers-dyn365-supply-chain-mgmt/","Microsoft Learn","Microsoft Learn (learning path)","The process of working with customers, understanding the life cycle of the sales process, and setting up sales agreements are all important factors that impact a company's success.","tr","","L2","INTERMEDIATE","8.22","yes","0","no","ROLE_SPECIFIC","WORKPLACE:3","","SALES_MARKETING","","","no","","","","",""
"MSL-TR-learn-dynamics.get-started-with-dynamics-365-for-fina","Get started with finance and operations apps","https://learn.microsoft.com/tr-tr/training/paths/get-started-finance-operations/","Microsoft Learn","Microsoft Learn (learning path)","Learn how finance and operations apps support businesses to manage their global financial systems, operational business processes, and streamlined supply chains to empower people to make fast, informed decisions. As the first step in your career of working with finance and operations apps, you must familiarize yourself with its features and functionality, whatever your desired role. In this learning path, you will learn -	The overall functionality of finance and operations apps -	How to navigate in finance and operations apps -	How to use workspaces","tr","","L1","BEGINNER","10.95","yes","0","no","ROLE_SPECIFIC","WORKPLACE:3","","FINANCE","","","yes","","","","",""
"MSL-TR-learn-bizapps.work-with-knowledge-management-solution","Work with knowledge management in Dynamics 365 Customer Service","https://learn.microsoft.com/tr-tr/training/paths/work-with-knowledge-management-solutions-in-microsoft-dynamics-365-for-customer-service/","Microsoft Learn","Microsoft Learn (learning path)","Learn how to configure and govern trusted knowledge, improve search, and help representatives use relevant articles to resolve cases in Dynamics 365 Customer Service.","tr","","L2","INTERMEDIATE","2.72","yes","0","no","COMMUNICATION","","","MANAGEMENT","","","no","","","","",""
"MSL-TR-learn-dynamics.configure-work-transportation-mgmt-dyn","Configure and work with transportation management in Dynamics 365 Supply Chain Management","https://learn.microsoft.com/tr-tr/training/paths/configure-work-transportation-mgmt-dyn365-supply-chain-mgmt/","Microsoft Learn","Microsoft Learn (learning path)","Transportation management in Dynamics 365 Supply Chain Management helps you find the most efficient way to deliver goods to your customers. Transportation management calculates the least expensive and fastest way of delivering goods and lets you identify vendor and routing solutions for inbound and outbound orders.","tr","","L2","INTERMEDIATE","1.72","yes","0","no","ROLE_SPECIFIC","WORKPLACE:3","","SUPPLY_CHAIN","","","no","","","","",""
"MSL-TR-learn-dynamics.use-artificial-intelligence","Use Artificial Intelligence in Microsoft Dynamics 365 Business Central","https://learn.microsoft.com/tr-tr/training/paths/use-artificial-intelligence/","Microsoft Learn","Microsoft Learn (learning path)","Artificial Intelligence can be used with Business Central. This path focuses on a few key ways that you can use it to manage your business.","tr","","L2","INTERMEDIATE","2.08","yes","0","no","FOUNDATIONS","FUNDAMENTALS:4","","GENERAL","","","no","","","","",""
"MSL-TR-learn-dynamics.work-pro-data-dynamics-365-business-ce","Work like a pro with data in Business Central","https://learn.microsoft.com/tr-tr/training/paths/work-pro-data-dynamics-365-business-central/","Microsoft Learn","Microsoft Learn (learning path)","Are you just getting started with Business Central? This learning path will help prepare you for the types of data in Business Central and how to find information you need in the application.","tr","","L2","INTERMEDIATE","2.3","yes","0","no","DATA","DATA_AUTOMATION:4","","GENERAL","","","no","","","","",""
"MSL-TR-learn-dynamics.work-customer-service-omnichannel","Connect and engage with customers with Omnichannel for Dynamics 365 Customer Service","https://learn.microsoft.com/tr-tr/training/paths/work-customer-service-omnichannel/","Microsoft Learn","Microsoft Learn (learning path)","Developing and deploying true omnichannel solutions are critical to the success of any organization that provides customer service to its customers.  By ensuring the unified and contextual experience regardless of the channel used, organizations can increase customer satisfaction, resolve issues faster, and increase revenue.  With Dynamics 365’s Omnichannel for Customer Service solution, organizations deploy a true Omnichannel solution that exists inside the Dynamics 365 organization that they use every day.","tr","","L2","INTERMEDIATE","6.4","yes","0","no","ROLE_SPECIFIC","WORKPLACE:3","","SALES_MARKETING","","","yes","","","","",""
"MSL-TR-learn-dynamics.assemble-items-dynamics-365-business-c","Assemble items in Microsoft Dynamics 365 Business Central","https://learn.microsoft.com/tr-tr/training/paths/assemble-items-dynamics-365-business-central/","Microsoft Learn","Microsoft Learn (learning path)","Do you sell assembled items? This learning path provides the information you need to assembly management and items. It also provides steps to produce assembled items to stock or order.","tr","","L2","INTERMEDIATE","2.65","yes","0","no","ROLE_SPECIFIC","WORKPLACE:3","","SUPPLY_CHAIN","","","no","","","","",""
"MSL-TR-learn-dynamics.set-up-jobs-resources","Set up projects and resources in Microsoft Dynamics 365 Business Central","https://learn.microsoft.com/tr-tr/training/paths/set-up-jobs-resources/","Microsoft Learn","Microsoft Learn (learning path)","Do you want to set up projects in Dynamics 365 Business Central? This learning path discusses how to set up projects, journals, posting groups, resources, and timesheets.","tr","","L2","INTERMEDIATE","2.5","yes","0","no","PRODUCTIVITY","WORKPLACE:4","","GENERAL","","","no","","","","",""
"MSL-TR-learn.wwl.configure-sales-ai-selling","Configure Dynamics 365 Sales for AI-powered selling","https://learn.microsoft.com/tr-tr/training/paths/configure-sales-ai-selling/","Microsoft Learn","Microsoft Learn (learning path)","Learn how to configure Dynamics 365 Sales with AI-powered tools like Copilot and AI agents to empower sellers and accelerate pipelines.","tr","","L1","BEGINNER","2.95","yes","0","no","PRODUCTIVITY","WORKPLACE:4","","SALES_MARKETING","","","no","","","","",""
"MSL-TR-learn-dynamics.configure-and-use-process-manufacturin","Configure and use process manufacturing in Dynamics 365 Supply Chain Management","https://learn.microsoft.com/tr-tr/training/paths/configure-use-process-manufacturing-dyn365-supply-chain-mgmt/","Microsoft Learn","Microsoft Learn (learning path)","Process manufacturing is associated with formulas and manufacturing recipes, in contrast with discrete manufacturing, which uses discrete units, and bills of materials. Process manufacturing is used in manufacturing environments where production is completed in batch or semi-continuous processes.","tr","","L1","BEGINNER","9.13","yes","0","no","ROLE_SPECIFIC","WORKPLACE:3","","PRODUCTION","","","no","","","","",""
"MSL-TR-learn-dynamics.configure-channels-dynamics-365-contac","Configure channels in Dynamics 365 Contact Center","https://learn.microsoft.com/tr-tr/training/paths/configure-channels-dynamics-365-contact-center/","Microsoft Learn","Microsoft Learn (learning path)","Learn to configure every customer-facing channel in Dynamics 365 Contact Center. Set up chat and digital messaging channels, provision the voice channel with Teams Phone, apply advanced conversation settings, and deploy intelligent voice agents with multilingual support and compliant call recording.","tr","","L2","INTERMEDIATE","3.18","yes","0","no","PRODUCTIVITY","WORKPLACE:4","","SALES_MARKETING","","","yes","","","","",""
"MSL-TR-learn-dynamics.set-up-use-features-resource-non-stock","Set up and use features for resource/non-stocked based scenarios in Dynamics 365 Project Operations","https://learn.microsoft.com/tr-tr/training/paths/set-up-use-features-resource-non-stocked-project-operations/","Microsoft Learn","Microsoft Learn (learning path)","Dynamics 365 Project Operations provides tools to cover project-based quotes, scheduling modes, cost and sales pricing, subcontract management, vendor invoicing, time entries, project management, material usage tracking, and intercompany pricing and invoicing. Understanding revenue recognition is also important for managing project costs. Project Operations provides all necessary information for effective project management, customization, and organization-specific pricing dimensions.","tr","","L2","INTERMEDIATE","10.62","yes","0","no","PRODUCTIVITY","WORKPLACE:4","","FINANCE","","","yes","","","","",""
"MSL-TR-learn-dynamics.configure-intelligent-order-management","Set up Dynamics 365 Intelligent Order Management","https://learn.microsoft.com/tr-tr/training/paths/configure-intelligent-order-management/","Microsoft Learn","Microsoft Learn (learning path)","Learn how to set up Dynamics 365 Intelligent Order Management","tr","","L2","INTERMEDIATE","5.2","yes","0","no","ROLE_SPECIFIC","WORKPLACE:3","","SUPPLY_CHAIN","","","no","","","","",""
"MSL-TR-learn-dynamics.set-up-dynamics-365-marketing","Set up Dynamics 365 Customer Insights - Journeys and configure advanced settings","https://learn.microsoft.com/tr-tr/training/paths/get-started-with-marketing/","Microsoft Learn","Microsoft Learn (learning path)","Dynamics 365 Customer Insights - Journeys elevates customer experiences, allowing you to orchestrate personalized journeys across all touchpoints to strengthen relationships and earn loyalty.","tr","","L2","INTERMEDIATE","1.6","yes","0","no","ROLE_SPECIFIC","WORKPLACE:3","","SALES_MARKETING","","","yes","","","","",""
"MSL-TR-learn-dynamics.work-with-demand-planning-supply-chain","Work with Demand planning in Dynamics 365 Supply Chain Management","https://learn.microsoft.com/tr-tr/training/paths/work-with-demand-planning-supply-chain/","Microsoft Learn","Microsoft Learn (learning path)","Boost forecasting and inventory optimization with advanced algorithms, real-time collaboration, and customizable models for strategic alignment with Demand planning in Dynamics 365 Supply Chain Management.","tr","","L2","INTERMEDIATE","1.72","yes","0","no","ROLE_SPECIFIC","WORKPLACE:3","","SUPPLY_CHAIN","","","no","","","","",""
"MSL-TR-learn-dynamics.replenish-items-dynamics-365-business-","Replenish items in Microsoft Dynamics 365 Business Central","https://learn.microsoft.com/tr-tr/training/paths/replenish-items-dynamics-365-business-central/","Microsoft Learn","Microsoft Learn (learning path)","Do you need to replenish inventory items in your business? This learning path will show you options you can use to efficiently replenish items in Business Central.","tr","","L2","INTERMEDIATE","1.57","yes","0","no","ROLE_SPECIFIC","WORKPLACE:3","","SUPPLY_CHAIN","","","no","","","","",""
"MSL-TR-learn-dynamics.get-started-customer-scheduling","Get started with Dynamics 365 Customer Service scheduling","https://learn.microsoft.com/tr-tr/training/paths/get-started-customer-scheduling/","Microsoft Learn","Microsoft Learn (learning path)","Do you need to schedule staff and other resources to service customers? This learning path discusses how to configure and use Customer Service scheduling.","tr","","L2","INTERMEDIATE","1.8","yes","0","no","PRODUCTIVITY","WORKPLACE:4","","GENERAL","","","no","","","","",""
"MSL-TR-learn-dynamics.work-accounts-receivable-d365-finance-","Work with accounts receivable in Dynamics 365 Finance","https://learn.microsoft.com/tr-tr/training/paths/work-accounts-receivable-dyn365-finance/","Microsoft Learn","Microsoft Learn (learning path)","Configure the Accounts receivable module in Dynamics 365 Finance to create customer invoices, post packing slips, and use free text invoices that aren't related to sales orders. In this learning path, you also learn how to do daily tasks in accounts receivable.","tr","","L2","INTERMEDIATE","6.82","yes","0","no","ROLE_SPECIFIC","WORKPLACE:3","","FINANCE","","","no","","","","",""
"MSL-TR-learn-dynamics.configure-and-use-discrete-manufacturi","Configure and use discrete manufacturing in Dynamics 365 Supply Chain Management","https://learn.microsoft.com/tr-tr/training/paths/configure-use-discrete-manufacturing-dyn365-supply-chain-mgmt/","Microsoft Learn","Microsoft Learn (learning path)","If a company only produces simple products, production can be scheduled manually with the correct bill of materials (BOM) parts arriving on the production floor, at the correct time, and at the proper resource. As a functional consultant for manufacturing, you need to know how to configure Dynamics 365 Supply Chain Management for discrete manufacturing, so your customer can perform and control the production lifecycle.","tr","","L1","BEGINNER","9.77","yes","0","no","ROLE_SPECIFIC","WORKPLACE:3","","PRODUCTION","","","no","","","","",""
"MSL-TR-learn-dynamics.get-started-cost-accounting-supply-cha","Get started with cost accounting for supply chains in Dynamics 365 Finance","https://learn.microsoft.com/tr-tr/training/paths/get-started-cost-accounting-supply-chains-dyn365-finance/","Microsoft Learn","Microsoft Learn (learning path)","Cost accounting lets you collect data from various sources, such as the general ledger, sub-ledgers, budgets, and statistical information. You can then analyze, summarize, and evaluate cost data so that management can make the best possible decisions for price updates, budgets, cost control, and so on.","tr","","L1","BEGINNER","1.42","yes","0","no","ROLE_SPECIFIC","WORKPLACE:3","","FINANCE","","","no","","","","",""
"MSL-TR-learn.wwl.introduction-sales-dynamics-365","Introduction to sales in Dynamics 365","https://learn.microsoft.com/tr-tr/training/paths/introduction-sales-dynamics-365/","Microsoft Learn","Microsoft Learn (learning path)","Explore Microsoft Dynamics 365 customer engagement apps and their shared capabilities. Learn how Dynamics 365 supports AI-powered selling through lead generation and qualification, customer relationship management, deal negotiation, and forecasting.","tr","","L1","BEGINNER","12.58","yes","0","no","ROLE_SPECIFIC","WORKPLACE:3","","SALES_MARKETING","","","no","","","","",""
"MSL-TR-learn-dynamics.work-with-dynamics-365-for-sales-pro","Work with Dynamics 365 Sales Professional","https://learn.microsoft.com/tr-tr/training/paths/working-with-dynamics-sales-professional/","Microsoft Learn","Microsoft Learn (learning path)","Generate leads, create opportunities, realize easy setup and integration, and streamline your sales processes with Microsoft Dynamics 365 Sales Professional.","tr","","L2","INTERMEDIATE","4.13","yes","0","no","ROLE_SPECIFIC","WORKPLACE:3","","SALES_MARKETING","","","no","","","","",""
"MSL-TR-learn-dynamics.setup-reporting-dynamics-365-business-","Set up Microsoft Dynamics 365 Business Central for reporting","https://learn.microsoft.com/tr-tr/training/paths/setup-reporting-dynamics-365-business-central/","Microsoft Learn","Microsoft Learn (learning path)","Do you want to use Business Central with other applications or make data available in the cloud? Then, complete this learning path. It also includes a module about changing how documents look in Business Central.","tr","","L2","INTERMEDIATE","2.25","yes","0","no","PRODUCTIVITY","WORKPLACE:4","","GENERAL","","","no","","","","",""
"MSL-TR-learn-bizapps.implementing-dyn365-field-service","Implement Microsoft Dynamics 365 Field Service","https://learn.microsoft.com/tr-tr/training/paths/implementing-dyn365-field-service/","Microsoft Learn","Microsoft Learn (learning path)","Field service companies often realize they need help as they discover that workflow inefficiencies are preventing growth and limiting revenue. Taking the right steps to configure Dynamics 365 Field Service will save you time during your implementation.","tr","","L2","INTERMEDIATE","3.7","yes","0","no","ROLE_SPECIFIC","WORKPLACE:3","","PRODUCTION","","","no","","","","",""
"MSL-TR-learn-dynamics.get-started-use-human-resources","Get started and use functionality in Microsoft Dynamics 365 Human Resources","https://learn.microsoft.com/tr-tr/training/paths/get-started-use-human-resources/","Microsoft Learn","Microsoft Learn (learning path)","Do you have employees? If you do, this learning path will introduce Dynamics 365 Human Resources functionality, which you can use to manage many employee-related tasks.","tr","","L1","BEGINNER","9.17","yes","0","no","PRODUCTIVITY","WORKPLACE:4","","GENERAL","","","no","","","","",""
"MSL-TR-learn-dynamics.use-copilot-sales","Use Dynamics 365 Copilot for Sales","https://learn.microsoft.com/tr-tr/training/paths/use-copilot-sales/","Microsoft Learn","Microsoft Learn (learning path)","This learning path helps identify features and functionality of Dynamics 365 Copilot for Sales, and how to set up and deploy the app.","tr","","L1","BEGINNER","1.73","yes","0","no","PRODUCTIVITY","WORKPLACE:4","","GENERAL","","","yes","","","","",""
"MSL-TR-learn.wwl.config-d365-finance-operations-apps","Configure apps in finance and operations","https://learn.microsoft.com/tr-tr/training/paths/config-d365-finance-operations-apps/","Microsoft Learn","Microsoft Learn (learning path)","Learning path for the Dynamics 365 finance and operations Apps bridge between Fundamentals and Core","tr","","L2","INTERMEDIATE","1.12","yes","0","no","PRODUCTIVITY","WORKPLACE:4","","FINANCE","","","yes","","","","",""
"MSL-TR-learn-dynamics.set-up-fixed-assets-management","Set up fixed assets management in Microsoft Dynamics 365 Business Central","https://learn.microsoft.com/tr-tr/training/paths/set-up-fixed-assets-management/","Microsoft Learn","Microsoft Learn (learning path)","Do you plan to use fixed assets functionality in Business Central? If you do, this learning path will get you started by helping you set up key functionality related to Business Central.","tr","","L2","INTERMEDIATE","2.6","yes","0","no","PRODUCTIVITY","WORKPLACE:4","","FINANCE","","","no","","","","",""
"MSL-TR-learn-dynamics.pick-ship-items-business-central","Pick and ship items in Microsoft Dynamics 365 Business Central","https://learn.microsoft.com/tr-tr/training/paths/pick-ship-items-business-central/","Microsoft Learn","Microsoft Learn (learning path)","Do you need to pick and ship items from warehouses in your business? This learning path discusses how to pick and ship inventory items, cross-dock items, and assembled items.","tr","","L2","INTERMEDIATE","1.48","yes","0","no","ROLE_SPECIFIC","WORKPLACE:3","","SUPPLY_CHAIN","","","no","","","","",""
"MSL-TR-learn-dynamics.configure-your-organization-in-finance","Configure your organization in finance and operations apps","https://learn.microsoft.com/tr-tr/training/paths/configure-your-organization-finance-ops/","Microsoft Learn","Microsoft Learn (learning path)","Learn how to set up legal entities, design mobile apps, and implement integrations as a functional consultant.","tr","","L2","INTERMEDIATE","12","yes","0","no","ROLE_SPECIFIC","WORKPLACE:3","","FINANCE","","","yes","","","","",""
"MSL-TR-learn-dynamics.setup-work-finance-insights","Set up and work with Finance insights in Dynamics 365 Finance","https://learn.microsoft.com/tr-tr/training/paths/setup-work-finance-insights/","Microsoft Learn","Microsoft Learn (learning path)","This learning path helps you efficiently use finance insights tools to handle customer payments, create customer payment predictions, create accurate and editable cash flow forecasts, and create data generated budget proposals in Dynamics 365 Finance.","tr","","L2","INTERMEDIATE","2.83","yes","0","no","ROLE_SPECIFIC","WORKPLACE:3","","FINANCE","","","no","","","","",""
"MSL-TR-learn.wwl.process-sales-purchasing-business-central","Process sales and purchasing in Business Central","https://learn.microsoft.com/tr-tr/training/paths/process-sales-purchasing-business-central/","Microsoft Learn","Microsoft Learn (learning path)","This learning path covers day-to-day sales and purchasing operations in Microsoft Dynamics 365 Business Central. You learn how to navigate the interface, create and process purchase orders and sales orders, handle prepayments, and manage inventory adjustments and transfers.","tr","","L2","INTERMEDIATE","12.93","yes","0","no","ROLE_SPECIFIC","WORKPLACE:3","","SALES_MARKETING","","","no","","","","",""
"MSL-TR-learn-dynamics.receive-put-away-items-whse","Receive and put-away items in Microsoft Dynamics 365 Business Central","https://learn.microsoft.com/tr-tr/training/paths/receive-put-away-items-whse/","Microsoft Learn","Microsoft Learn (learning path)","Do you want to know about how to manage warehouse shipments? This module discusses typical warehouse transactions.","tr","","L2","INTERMEDIATE","1.85","yes","0","no","DATA","DATA_AUTOMATION:4","","SUPPLY_CHAIN","","","no","","","","",""
"MSL-TR-learn-dynamics.work-expense-management","Work with Expense management in Dynamics 365 Project Operations","https://learn.microsoft.com/tr-tr/training/paths/work-expense-management/","Microsoft Learn","Microsoft Learn (learning path)","Maximize profitability and minimize cost with accurate expense management capabilities in Dynamics 365 Project Operations.","tr","","L2","INTERMEDIATE","6.55","yes","0","no","ROLE_SPECIFIC","WORKPLACE:3","","FINANCE","","","yes","","","","",""
"MSL-TR-learn-dynamics.work-with-accounts-payable-in-dynamics","Work with accounts payable in Dynamics 365 Finance","https://learn.microsoft.com/tr-tr/training/paths/work-accounts-payable-dyn365-finance/","Microsoft Learn","Microsoft Learn (learning path)","Accounts payable are a liability due to a creditor when you order goods or services without paying in cash up front, which means that you buy goods on credit. Learn how to configure accounts payable in Dynamics 365 Finance, record vendor invoices, and distribute expenses, tax, and charges across accounts.","tr","","L2","INTERMEDIATE","8.45","yes","0","no","ROLE_SPECIFIC","WORKPLACE:3","","FINANCE","","","no","","","","",""
"MSL-TR-learn-dynamics.get-started-using-common-data-service","Get started using Dataverse","https://learn.microsoft.com/tr-tr/training/paths/get-started-cds/","Microsoft Learn","Microsoft Learn (learning path)","Do you want to learn how to build solutions that can use a standardized data structure, and work with other solutions sharing the same data model?  Do you want to extend the standard model to support custom solutions? This learning path explains the concepts behind and benefits of Dataverse. Creating an environment, entities, fields and options sets are also discussed.","tr","","L1","BEGINNER","6.07","yes","0","no","DATA","DATA_AUTOMATION:4","","GENERAL","","","no","","","","",""
"MSL-TR-learn-dynamics.power-apps-power-automate-business-cen","Develop using Power Apps and Power Automate for Dynamics 365 Business Central","https://learn.microsoft.com/tr-tr/training/paths/power-apps-power-automate-business-central/","Microsoft Learn","Microsoft Learn (learning path)","Do you want to use Power Apps and Power Automate with Business Central? This learning path discusses how you can use Microsoft Power Platform products with Business Central.","tr","","L2","INTERMEDIATE","6.6","yes","0","no","PRODUCTIVITY","WORKPLACE:4","","GENERAL","","","yes","","","","",""
"MSL-TR-learn-dynamics.design-deploy-project-operations","Deploy Dynamics 365 Project Operations","https://learn.microsoft.com/tr-tr/training/paths/deploy-project-operations/","Microsoft Learn","Microsoft Learn (learning path)","Learn about how to deploy Dynamics 365 Project Operations","tr","","L2","INTERMEDIATE","4.67","yes","0","no","PRODUCTIVITY","WORKPLACE:4","","SUPPLY_CHAIN","","","yes","","","","",""
"MSL-TR-learn-dynamics.use-success-design","Use Success by Design for Dynamics 365 solutions","https://learn.microsoft.com/tr-tr/training/paths/use-success-design/","Microsoft Learn","Microsoft Learn (learning path)","FastTrack for Dynamics 365 is designed to help customers and partners achieve a successful deployment of Dynamics 365 solutions.  To deliver this service, solution architects should use Success by Design. This learning path discusses Success by Design concepts.","tr","","L4","ADVANCED","2.72","yes","0","no","DATA","DATA_AUTOMATION:4","","GENERAL","","","yes","","","","",""
"MSL-TR-learn-dynamics.analyze-marketing-insights","Analyze insights in Dynamics 365 Customer Insights - Journeys","https://learn.microsoft.com/tr-tr/training/paths/analyze-marketing-insights/","Microsoft Learn","Microsoft Learn (learning path)","Focus on evaluating analytics and key performance indicators of your marketing efforts to help understand impact and what tactics work best for your target audience. This learning path covers reviewing insights captured from contacts, leads, accounts, segments, and more. Entity-level and form-level calendars are covered as well as creating and customizing marketing calendars.","tr","","L2","INTERMEDIATE","0.7","yes","0","no","ROLE_SPECIFIC","WORKPLACE:3","","SALES_MARKETING","","","no","","","","",""
"MSL-TR-learn-dynamics.trade-get-started-dynamics-365-busines","Get started with Trade in Microsoft Dynamics 365 Business Central","https://learn.microsoft.com/tr-tr/training/paths/trade-get-started-dynamics-365-business-central/","Microsoft Learn","Microsoft Learn (learning path)","Are you using Trade in Business Central? This learning path discusses the setup requirements and how to start using Trade in Business Central.","tr","","L2","INTERMEDIATE","3.13","yes","0","no","ROLE_SPECIFIC","WORKPLACE:3","","FINANCE","","","no","","","","",""
"MSL-TR-learn-dynamics.use-cost-accounting-dynamics-365-busin","Use cost accounting in Microsoft Dynamics 365 Business Central","https://learn.microsoft.com/tr-tr/training/paths/use-cost-accounting-dynamics-365-business-central/","Microsoft Learn","Microsoft Learn (learning path)","Do you need to use cost accounting in your company? This learning path can help get you started with cost accounting in Business Central. It explains cost accounting setup, how to create master data for cost accounting, how to transfer transactions, and allocate costs to a group of accounts.","tr","","L2","INTERMEDIATE","3.05","yes","0","no","ROLE_SPECIFIC","WORKPLACE:3","","FINANCE","","","no","","","","",""
"MSL-TR-learn.wwl.learn-fundamentals-of-microsoft-dynamics-36","Explore the fundamentals of Microsoft Dynamics 365 Sales","https://learn.microsoft.com/tr-tr/training/paths/learn-fundamentals-of-microsoft-dynamics-365-sales/","Microsoft Learn","Microsoft Learn (learning path)","This learning path introduces learners to Dynamics 365 Sales. You'll learn about the core product capabilities and other tools, including Microsoft Sales Copilot, that you can use to successfully and effectively manage the sales process.&nbsp;","tr","","L1","BEGINNER","1.05","yes","0","no","ROLE_SPECIFIC","WORKPLACE:3","","SALES_MARKETING","","","no","","","","",""
"MSL-TR-learn-dynamics.get-started-manufacturing-business-cen","Get started with manufacturing in Microsoft Dynamics 365 Business Central","https://learn.microsoft.com/tr-tr/training/paths/get-started-manufacturing-business-central/","Microsoft Learn","Microsoft Learn (learning path)","Do you manufacture products? This learning path helps you understand the functionality available in Business Central to help you manage your business.","tr","","L2","INTERMEDIATE","4.43","yes","0","no","ROLE_SPECIFIC","WORKPLACE:3","","PRODUCTION","","","no","","","","",""
"MSL-TR-learn-dynamics.sales-accelerator","Set up and use the sales accelerator capabilities in Dynamics 365 Sales","https://learn.microsoft.com/tr-tr/training/paths/sales-accelerator/","Microsoft Learn","Microsoft Learn (learning path)","Learn how to set up and configure Dynamics 365 Sales to use sales accelerator features. Use the Sales accelerator so sellers can sell build a sales pipeline, using automated recommendations throughout a sales sequence that helps accelerate the sales process.","tr","","L2","INTERMEDIATE","4.42","yes","0","no","ROLE_SPECIFIC","WORKPLACE:3","","SALES_MARKETING","","","no","","","","",""
"MSL-TR-learn-dynamics.manage-warehouse-processes","Manage warehouse processes in Microsoft Dynamics 365 Business Central","https://learn.microsoft.com/tr-tr/training/paths/manage-warehouse-processes/","Microsoft Learn","Microsoft Learn (learning path)","Moving and producing items in a warehouse are key functions that are discussed in this module. We also discuss the use of item journals.","tr","","L2","INTERMEDIATE","1.63","yes","0","no","PRODUCTIVITY","WORKPLACE:4","","GENERAL","","","no","","","","",""
"MSL-TR-learn-dynamics.work-real-time-marketing","Work with real-time features in Dynamics 365 Customer Insights - Journeys","https://learn.microsoft.com/tr-tr/training/paths/work-real-time-marketing/","Microsoft Learn","Microsoft Learn (learning path)","Dynamics 365 Customer Insights - Journeys real-time marketing features enable organizations to orchestrate personalized journeys across all touchpoints to strengthen relationships and earn loyalty.","tr","","L2","INTERMEDIATE","3.62","yes","0","no","ROLE_SPECIFIC","WORKPLACE:3","","SALES_MARKETING","","","no","","","","",""
"MSL-TR-learn-dynamics.work-implementation-tools-finance-oper","Work with integration tools in finance and operations apps","https://learn.microsoft.com/tr-tr/training/paths/work-implementation-tools-finance-operations/","Microsoft Learn","Microsoft Learn (learning path)","Discover essential concepts and best practices for integrating finance and operations apps to streamline data flow and enhance system connectivity.","tr","","L2","INTERMEDIATE","7.8","yes","0","no","PRODUCTIVITY","WORKPLACE:4","","IT","","","yes","","","","",""
"MSL-TR-learn.wwl.introduction-service-dynamics-365","Introduction to service in Dynamics 365","https://learn.microsoft.com/tr-tr/training/paths/introduction-service-dynamics-365/","Microsoft Learn","Microsoft Learn (learning path)","Explore how Dynamics 365 service apps support AI-powered business through autonomous agents, intelligent scheduling, Copilot-driven service experiences, and embedded analytics to streamline customer interactions and optimize operational efficiency.","tr","","L1","BEGINNER","9.93","yes","0","no","ROLE_SPECIFIC","WORKPLACE:3","","SALES_MARKETING","","","no","","","","",""
"MSL-TR-learn-dynamics.use-lcs-to-design-and-plan-an-implemen","Use Lifecycle Services to design and plan an implementation of finance and operations apps","https://learn.microsoft.com/tr-tr/training/paths/use-lcs-design-plan-implementation-finance-operations/","Microsoft Learn","Microsoft Learn (learning path)","Lifecycle Services is a collaborative workspace that customers and their partners use to manage finance and operations apps projects from pre-sales to the implementation phase and finally to the production environment. It provides checklists and tools that help you manage the project, including pre-build methodologies to help with implementation and regularly updated services.","tr","","L1","BEGINNER","1.88","yes","0","no","PRODUCTIVITY","WORKPLACE:4","","GENERAL","","","yes","","","","",""
"MSL-TR-learn-dynamics.configure-asset-management-dyn365-supp","Configure Asset Management for Dynamics 365 Supply Chain Management","https://learn.microsoft.com/tr-tr/training/paths/configure-asset-management-dyn365-supply-chain-mgmt/","Microsoft Learn","Microsoft Learn (learning path)","Configure the Asset Management add-in for Dynamics 365 Supply Chain Management.","tr","","L1","BEGINNER","3.55","yes","0","no","PRODUCTIVITY","WORKPLACE:4","","SUPPLY_CHAIN","","","no","","","","",""
"MSL-TR-learn-dynamics.tailor-roles-design-ui","Tailor roles and design the UI for Microsoft Dynamics 365 Business Central","https://learn.microsoft.com/tr-tr/training/paths/tailor-roles-design-ui/","Microsoft Learn","Microsoft Learn (learning path)","Some key functionality can be personalized by a developer. This learning path discusses onboarding options, Role pages, Assisted Setup, Notifications, and other UI changes.","tr","","L2","INTERMEDIATE","4.27","yes","0","no","RESPONSIBLE_AI","RESPONSIBLE_AI:5","","IT","","","yes","","","","",""
"MSL-TR-learn-dynamics.configure-analytics-reporting-finance-","Configure and work with analytics and reporting in finance and operations apps","https://learn.microsoft.com/tr-tr/training/paths/configure-analytics-reporting-finance-operations/","Microsoft Learn","Microsoft Learn (learning path)","Business leaders can make important decisions in their company if they have accurate insight into the underlying financial and operational data. A business user can also configure, and use the electronic reporting tool without a single line of code, to adopt new regulatory requirements and generate business documents in the required format to electronically exchange information with government bodies, banks, and other parties.","tr","","L2","INTERMEDIATE","1.98","yes","0","no","DATA","DATA_AUTOMATION:4","","FINANCE","","","no","","","","",""
"MSL-TR-learn-dynamics.development-get-started-business-centr","Get started with development in Microsoft Dynamics 365 Business Central","https://learn.microsoft.com/tr-tr/training/paths/development-get-started-business-central/","Microsoft Learn","Microsoft Learn (learning path)","Are you interested in developing for Dynamics 365 Business Central? This learning path focuses on some of the basics that are needed to start the development process. You'll walk through building a simple extension in this learning path.","tr","","L1","BEGINNER","4.37","yes","0","no","TECHNICAL","TECHNICAL:5","","IT","","","yes","","","","",""
"MSL-TR-learn-dynamics.manage-multiple-locations","Manage a company with multiple locations in Microsoft Dynamics 365 Business Central","https://learn.microsoft.com/tr-tr/training/paths/manage-multiple-locations/","Microsoft Learn","Microsoft Learn (learning path)","Are you going to use multiple inventory locations in your company? This learning path focuses on how to manage multiple inventory locations.","tr","","L2","INTERMEDIATE","2.6","yes","0","no","PRODUCTIVITY","WORKPLACE:4","","GENERAL","","","no","","","","",""
"MSL-TR-learn-dynamics.develop-x-plus-plus-finance-operations","Develop using X++ for Finance and operations apps","https://learn.microsoft.com/tr-tr/training/paths/develop-x-plus-plus-finance-operations/","Microsoft Learn","Microsoft Learn (learning path)","To develop in finance and operations apps, you need a basic understanding of the tasks related to setting up and customizing the apps. This includes working with X++ code, using Visual Studio, managing source control, configuring virtual hard disk and cloud-hosted environments, and using Lifecycle Services for deployment and monitoring.","tr","","L2","INTERMEDIATE","4.85","yes","0","no","TECHNICAL","TECHNICAL:5","","IT","","","yes","","","","",""
"MSL-TR-learn.wwl.introduction-supply-chain-management-dynami","Introduction to supply chain management in Dynamics 365","https://learn.microsoft.com/tr-tr/training/paths/introduction-supply-chain-management-dynamics-365/","Microsoft Learn","Microsoft Learn (learning path)","Explore how Dynamics 365 Supply Chain Management supports modern operations through core capabilities, inventory and procurement processes, sales fulfillment, warehouse operations, manufacturing strategies, and inventory costing with master planning.","tr","","L1","BEGINNER","13.72","yes","0","no","ROLE_SPECIFIC","WORKPLACE:3","","SUPPLY_CHAIN","","","no","","","","",""
"MSL-TR-learn-dynamics.manage-fixed-assets-maintenance-insura","Manage fixed asset maintenance and insurances in Microsoft Dynamics 365 Business Central","https://learn.microsoft.com/tr-tr/training/paths/manage-fixed-assets-maintenance-insurances/","Microsoft Learn","Microsoft Learn (learning path)","Do you need to maintain and insure your fixed assets? This path focuses on maintenance tracking and insurance policies for assets.","tr","","L2","INTERMEDIATE","1.83","yes","0","no","PRODUCTIVITY","WORKPLACE:4","","GENERAL","","","no","","","","",""
"MSL-TR-learn-dynamics.unified-routing-distribute-work","Route and distribute work in Dynamics 365 Customer Service","https://learn.microsoft.com/tr-tr/training/paths/unified-routing-distribute-work/","Microsoft Learn","Microsoft Learn (learning path)","Learn how to configure unified routing for email and records by defining intake, classification, prioritization, queue, skill, capacity, and assignment logic.","tr","","L2","INTERMEDIATE","2.37","yes","0","no","ROLE_SPECIFIC","WORKPLACE:3","","SALES_MARKETING","","","no","","","","",""
"MSL-TR-learn-dynamics.set-up-warehouse-management","Set up warehouse management in Microsoft Dynamics 365 Business Central","https://learn.microsoft.com/tr-tr/training/paths/set-up-warehouse-management/","Microsoft Learn","Microsoft Learn (learning path)","Are you using or planning to use the warehouse management systems in Business Central? If you are, this learning path will help you understand the basic processes of warehouse management in Business Central.","tr","","L2","INTERMEDIATE","2.78","yes","0","no","PRODUCTIVITY","WORKPLACE:4","","GENERAL","","","no","","","","",""
"MSL-TR-learn-dynamics.vat-process-dynamics-365-business-cent","Process VAT in Microsoft Dynamics 365 Business Central","https://learn.microsoft.com/tr-tr/training/paths/process-vat-dynamics-365-business-central/","Microsoft Learn","Microsoft Learn (learning path)","Do you need to set up and calculate VAT for your company? Take this learning path that contains information about setting up VAT, processing VAT, calculating and posting settlements, and making a VAT rate change.","tr","","L2","INTERMEDIATE","2.35","yes","0","no","ROLE_SPECIFIC","WORKPLACE:3","","FINANCE","","","no","","","","",""
"MSL-TR-learn-dynamics.configure-use-general-ledger-dynamics-","Configure and use the general ledger in Dynamics 365 Finance","https://learn.microsoft.com/tr-tr/training/paths/configure-use-general-ledger-dyn365-finance/","Microsoft Learn","Microsoft Learn (learning path)","Dynamics 365 Finance empowers business users to control finances and manage funds with accurate information at any time for financial planning and forecasting, and stay up to date with analytics. Since finance is the heart of the business, and the General ledger module is the heart of financial management, this learning path shows you how to set up functionality in the General ledger module.","tr","","L1","BEGINNER","14.12","yes","0","no","ROLE_SPECIFIC","WORKPLACE:3","","FINANCE","","","no","","","","",""
"MSL-TR-learn.wwl.manage-fixed-assets","Administer fixed assets and inventory","https://learn.microsoft.com/tr-tr/training/paths/manage-fixed-assets/","Microsoft Learn","Microsoft Learn (learning path)","This learning path teaches you to configure and manage fixed assets in Dynamics 365 Finance, covering setup, acquisition, budgeting, transfers, and reporting, ensuring compliance with international accounting standards.","tr","","L2","INTERMEDIATE","4.93","yes","0","no","ROLE_SPECIFIC","WORKPLACE:3","","FINANCE","","","no","","","","",""
"MSL-TR-learn-dynamics.implement-dynamics-365-projects","Implement Dynamics 365 Projects","https://learn.microsoft.com/tr-tr/training/paths/implement-dynamics-365-projects/","Microsoft Learn","Microsoft Learn (learning path)","As you implement Dynamics 365 solutions, you have many considerations. These include designing for users, sharing solutions and progress with stakeholders, testing and documenting the solutions, and participating in application lifecycle management that your team has put in place.","tr","","L1","BEGINNER","6.47","yes","0","no","PRODUCTIVITY","WORKPLACE:4","","GENERAL","","","no","","","","",""
"MSL-TR-learn-dynamics.manage-product-version-engineering-cha","Manage product version information in Dynamics 365 Supply Chain Management","https://learn.microsoft.com/tr-tr/training/paths/manage-product-version-engineering-change-management/","Microsoft Learn","Microsoft Learn (learning path)","Learn how to manage product version information in Dynamics 365 Supply Chain Management","tr","","L2","INTERMEDIATE","1.83","yes","0","no","ROLE_SPECIFIC","WORKPLACE:3","","SUPPLY_CHAIN","","","no","","","","",""
"MSL-TR-learn.wwl.implement-accounts-receivable-credit-collec","Manage accounts receivable","https://learn.microsoft.com/tr-tr/training/paths/implement-accounts-receivable-credit-collections-revenue-recognition/","Microsoft Learn","Microsoft Learn (learning path)","This learning path covers the Accounts receivable module in Dynamics 365 Finance, including creating invoices, posting packing slips, receiving payments, managing delinquent invoices, and configuring recurring invoices and reimbursements.","tr","","L2","INTERMEDIATE","10.2","yes","0","no","ROLE_SPECIFIC","WORKPLACE:3","","FINANCE","","","no","","","","",""
"MSL-TR-learn-dynamics.manage-permissions-and-administration-","Manage permissions and administration for Dataverse","https://learn.microsoft.com/tr-tr/training/paths/manage-permissions-administration-common-data-service/","Microsoft Learn","Microsoft Learn (learning path)","Do you need to manage user access rights? In this learning path, you will learn how to manage permissions associated with environments and entities.  You will also learn about different administrative portals and how to access each.","tr","","L2","INTERMEDIATE","2.65","yes","0","no","RESPONSIBLE_AI","RESPONSIBLE_AI:5","","IT","","","no","","","","",""
"MSL-TR-learn-dynamics.reclassify-fixed-assets","Reclassify fixed assets in Microsoft Dynamics 365 Business Central","https://learn.microsoft.com/tr-tr/training/paths/reclassify-fixed-assets/","Microsoft Learn","Microsoft Learn (learning path)","Asset transactions using the reclassification journal, transfers, and splits are discussed in this learning path.","tr","","L2","INTERMEDIATE","0.95","yes","0","no","PRODUCTIVITY","WORKPLACE:4","","GENERAL","","","no","","","","",""
"MSL-TR-learn-dynamics.essential-development-standards","Work with essential development standards for Microsoft Dynamics 365 Business Central","https://learn.microsoft.com/tr-tr/training/paths/essential-development-standards/","Microsoft Learn","Microsoft Learn (learning path)","Do you want to develop extensions for Dynamics 365 Business Central? If you do, this learning path will help you do it by following a set of standards that are used by many developers just like you. We'll discuss different tables you'll encounter, documents, master data and more.","tr","","L2","INTERMEDIATE","3.72","yes","0","no","TECHNICAL","TECHNICAL:5","","IT","","","yes","","","","",""
"MSL-TR-learn-dynamics.reconcile-bank-accounts-dynamics-365-b","Reconcile bank accounts in Microsoft Dynamics 365 Business Central","https://learn.microsoft.com/tr-tr/training/paths/reconcile-bank-accounts-dynamics-365-business-central/","Microsoft Learn","Microsoft Learn (learning path)","Do you want to find out how to reconcile bank accounts in Business Central? The bank reconciliation feature and reconciliation journals are discussed in this learning path.","tr","","L2","INTERMEDIATE","1.9","yes","0","no","PRODUCTIVITY","WORKPLACE:4","","GENERAL","","","no","","","","",""
"MSL-TR-learn-dynamics.use-shopify-connector-dynamics-365-bus","Use the Shopify connector in Dynamics 365 Business Central","https://learn.microsoft.com/tr-tr/training/paths/use-shopify-connector-dynamics-365-business-central/","Microsoft Learn","Microsoft Learn (learning path)","Do you sell Shopify items? This learning path provides the information you need to get started with the Shopify connector in Dynamics 365 Business Central. It provides steps to set up the Shopify connector, and to synchronize items, inventory, customers, sales orders, transactions, and payouts between Shopify and Business Central.","tr","","L2","INTERMEDIATE","5.1","yes","0","no","PRODUCTIVITY","WORKPLACE:4","","GENERAL","","","no","","","","",""
"MSL-TR-learn-dynamics.implement-finance-operations","Implement finance and operations apps","https://learn.microsoft.com/tr-tr/training/paths/implement-finance-operations/","Microsoft Learn","Microsoft Learn (learning path)","Plan and design your project methodology to successfully implement finance and operations apps with FastTrack services, data management and more.","tr","","L2","INTERMEDIATE","13.85","yes","0","no","PRODUCTIVITY","WORKPLACE:4","","SUPPLY_CHAIN","","","yes","","","","",""
"MSL-TR-learn-dynamics.process-financial-periodic-activities-","Process financial periodic activities in Microsoft Dynamics 365 Business Central","https://learn.microsoft.com/tr-tr/training/paths/process-financial-periodic-activities-dynamics-365-business-central/","Microsoft Learn","Microsoft Learn (learning path)","Are you responsible for period and year-end closing processes? Complete this module, which discusses how to send reminders and finance charge memos to customers. It also discusses Intrastat processing and reporting, and closing a fiscal year.","tr","","L2","INTERMEDIATE","3.15","yes","0","no","ROLE_SPECIFIC","WORKPLACE:3","","FINANCE","","","no","","","","",""
"MSL-TR-learn-dynamics.set-up-financial-management-dynamics-3","Set up financial management in Microsoft Dynamics 365 Business Central","https://learn.microsoft.com/tr-tr/training/paths/set-up-financial-management-dynamics-365-business-central/","Microsoft Learn","Microsoft Learn (learning path)","Do you want to use Business Central for financial management? Then, this learning path is for you. It discusses the setup of number series, audit trail codes, posting groups, dimensions and the chart of accounts.","tr","","L2","INTERMEDIATE","4.42","yes","0","no","ROLE_SPECIFIC","WORKPLACE:3","","FINANCE","","","no","","","","",""
"MSL-TR-learn-dynamics.configure-use-budgeting-d365-finance-o","Configure and use budgeting in Dynamics 365 Finance","https://learn.microsoft.com/tr-tr/training/paths/configure-use-budgeting-dyn365-finance/","Microsoft Learn","Microsoft Learn (learning path)","Every organization, whether it's private or public, sets financial and operational goals by creating budgets. With the collaborative and process-driven nature of budget planning, you can make your budget process more efficient.","tr","","L2","INTERMEDIATE","3.05","yes","0","no","ROLE_SPECIFIC","WORKPLACE:3","","FINANCE","","","no","","","","",""
"MSL-TR-learn.wwl.set-up-configure-financial-management-work-","Configure financial management","https://learn.microsoft.com/tr-tr/training/paths/set-up-configure-financial-management-work-general-ledger/","Microsoft Learn","Microsoft Learn (learning path)","This learning path guides you through setting up the General ledger module, completing closing procedures, using analytics for decision-making, and managing financial transactions in Dynamics 365 Finance.","tr","","L2","INTERMEDIATE","20.38","yes","0","no","ROLE_SPECIFIC","WORKPLACE:3","","FINANCE","","","no","","","","",""
"MSL-TR-learn.wwl.set-up-business-central","Set up Business Central","https://learn.microsoft.com/tr-tr/training/paths/set-up-business-central/","Microsoft Learn","Microsoft Learn (learning path)","This learning path covers the initial setup of Microsoft Dynamics 365 Business Central. You learn how to create and configure a new company, set up users and security, configure number series and audit trail codes, migrate data from existing systems, and automate business processes with workflows.","tr","","L2","INTERMEDIATE","5.7","yes","0","no","PRODUCTIVITY","WORKPLACE:4","","GENERAL","","","yes","","","","",""
"MSL-TR-learn.wwl.introduction-finance-dynamics-365","Introduction to finance in Dynamics 365","https://learn.microsoft.com/tr-tr/training/paths/introduction-finance-dynamics-365/","Microsoft Learn","Microsoft Learn (learning path)","Explore how Dynamics 365 Finance enhances financial operations through AI-powered agents, Copilot-driven workflows, intelligent reconciliation, and embedded analytics to streamline forecasting, collections, and reporting.","tr","","L1","BEGINNER","13.27","yes","0","no","ROLE_SPECIFIC","WORKPLACE:3","","FINANCE","","","no","","","","",""
"MSL-TR-learn-dynamics.work-customer-service-insights","Work with Customer Service Insights","https://learn.microsoft.com/tr-tr/training/paths/work-customer-service-insights/","Microsoft Learn","Microsoft Learn (learning path)","Learn how to configure and work with Customer Service Insights.","tr","","L2","INTERMEDIATE","1.65","yes","0","no","DATA","DATA_AUTOMATION:4","","SALES_MARKETING","","","no","","","","",""
"MSL-TR-learn-dynamics.configure-work-warehouse-management-d3","Configure and work with warehouse management in Dynamics 365 Supply Chain Management","https://learn.microsoft.com/tr-tr/training/paths/configure-work-warehouse-management-dyn365-supply-chain-mgmt/","Microsoft Learn","Microsoft Learn (learning path)","Warehouse management in Dynamics 365 Supply Chain Management helps optimize and streamline warehouse processes according to your individual needs and provides the insight into your inventory and the tools to help increase customer satisfaction and reduce costs.","tr","","L2","INTERMEDIATE","5.98","yes","0","no","ROLE_SPECIFIC","WORKPLACE:3","","SUPPLY_CHAIN","","","yes","","","","",""
"MSL-TR-learn-dynamics.sell-items-services-dynamics-365-busin","Sell items and services in Microsoft Dynamics 365 Business Central","https://learn.microsoft.com/tr-tr/training/paths/sell-items-services-dynamics-365-business-central/","Microsoft Learn","Microsoft Learn (learning path)","If you sell items or services to customers, this learning path can help you learn how to use Business Central to manage the sales process.","tr","","L2","INTERMEDIATE","6.27","yes","0","no","ROLE_SPECIFIC","WORKPLACE:3","","SALES_MARKETING","","","no","","","","",""
"MSL-TR-learn.wwl.manage-budgeting","Perform budgeting and forecasting","https://learn.microsoft.com/tr-tr/training/paths/manage-budgeting/","Microsoft Learn","Microsoft Learn (learning path)","This learning path covers budgeting in Dynamics 365 Finance, including creating, managing, and monitoring budgets, setting budget parameters, and analyzing performance, while emphasizing collaboration to streamline the budgeting process.","tr","","L2","INTERMEDIATE","3.05","yes","0","no","ROLE_SPECIFIC","WORKPLACE:3","","FINANCE","","","no","","","","",""
"MSL-TR-learn-dynamics.data-management-foundation-business-ce","Learn about the data management foundation in Microsoft Dynamics 365 Business Central","https://learn.microsoft.com/tr-tr/training/paths/data-management-foundation-business-central/","Microsoft Learn","Microsoft Learn (learning path)","Are you aware of the data and file structure for Business Central? This learning path provides insight into the data management foundation for Business Central. It also introduces XMLports and queries.","tr","","L2","INTERMEDIATE","3.42","yes","0","no","DATA","DATA_AUTOMATION:4","","GENERAL","","","yes","","","","",""
"MSL-TR-learn-dynamics.manage-advanced-fixed-assets-transacti","Manage advanced fixed assets transactions in Microsoft Dynamics 365 Business Central","https://learn.microsoft.com/tr-tr/training/paths/manage-advanced-fixed-assets-transactions/","Microsoft Learn","Microsoft Learn (learning path)","Do you need to enter transactions to manage fixed assets? This learning path discusses opening transactions, write-downs, correcting entries, indexing, and budgeting transactions for fixed assets.","tr","","L2","INTERMEDIATE","2.52","yes","0","no","PRODUCTIVITY","WORKPLACE:4","","GENERAL","","","no","","","","",""
"MSL-TR-learn.wwl.extend-d365-sales-ai-platforms","Extend Dynamics 365 Sales with AI and Power Platform tools","https://learn.microsoft.com/tr-tr/training/paths/extend-d365-sales-ai-platforms/","Microsoft Learn","Microsoft Learn (learning path)","Learn how to enhance Dynamics 365 Sales with AI tools and Power Platform capabilities, including mobile apps, automation, and analytics.","tr","","L1","BEGINNER","3.2","yes","0","no","ROLE_SPECIFIC","WORKPLACE:3","","SALES_MARKETING","","","yes","","","","",""
"MSL-TR-learn-dynamics.set-up-work-subscription-billing","Set up and work with subscription billing in Dynamics 365 Finance","https://learn.microsoft.com/tr-tr/training/paths/set-up-work-subscription-billing/","Microsoft Learn","Microsoft Learn (learning path)","This learning path allows you to manage subscription revenue, recurring billing, and multi-element revenue allocation by working with billing schedules.","tr","","L2","INTERMEDIATE","2.85","yes","0","no","PRODUCTIVITY","WORKPLACE:4","","GENERAL","","","yes","","","","",""
"MSL-TR-learn-dynamics.monitor-optimize-dynamics-365-contact-","Monitor and optimize Dynamics 365 Contact Center with AI-driven insights","https://learn.microsoft.com/tr-tr/training/paths/monitor-optimize-dynamics-365-contact-center/","Microsoft Learn","Microsoft Learn (learning path)","Learn to monitor and optimize Dynamics 365 Contact Center using AI-driven insights. Configure supervisor tools for real-time conversation oversight, run proactive outbound campaigns, extend analytics with Power BI and Microsoft Fabric, and use AI-powered workforce management to forecast demand and schedule representatives.","tr","","L2","INTERMEDIATE","1.77","yes","0","no","PRODUCTIVITY","WORKPLACE:4","","SALES_MARKETING","","","yes","","","","",""
"MSL-TR-learn-dynamics.use-multiple-currencies-dynamics-365-b","Use multiple currencies in Microsoft Dynamics 365 Business Central","https://learn.microsoft.com/tr-tr/training/paths/use-multiple-currencies-dynamics-365-business-central/","Microsoft Learn","Microsoft Learn (learning path)","Do you work with multiple currencies? If you do, this path will help you understand the steps you need to complete to set up and use multiple currencies, process payments and invoices in different currencies, and adjust exchange rates when necessary.","tr","","L2","INTERMEDIATE","3.27","yes","0","no","ROLE_SPECIFIC","WORKPLACE:3","","FINANCE","","","no","","","","",""
"MSL-TR-learn-dynamics.configure-ai-service-representative-ex","Configure AI and the service representative experience","https://learn.microsoft.com/tr-tr/training/paths/configure-ai-service-representative-experience/","Microsoft Learn","Microsoft Learn (learning path)","Learn how to configure governed AI assistance, tailor representative workspaces, automate repetitive tasks, and enable collaboration in Dynamics 365 Customer Service.","tr","","L2","INTERMEDIATE","3.32","yes","0","no","FOUNDATIONS","FUNDAMENTALS:4","","SALES_MARKETING","","","no","","","","",""
"MSL-TR-learn-dynamics.use-warehouse-in-manufacturing-dyn365-","Use warehouse management in manufacturing in Dynamics 365 Supply Chain Management","https://learn.microsoft.com/tr-tr/training/paths/use-warehouse-manufacturing-dyn365-supply-chain-mgmt/","Microsoft Learn","Microsoft Learn (learning path)","Using warehouse management in manufacturing processes in Dynamics 365 Supply Chain Management helps optimize and streamline warehouse processes in your manufacturing environment, according to your company's needs.","tr","","L2","INTERMEDIATE","8.38","yes","0","no","ROLE_SPECIFIC","WORKPLACE:3","","SUPPLY_CHAIN","","","no","","","","",""
"MSL-TR-learn-dynamics.get-started-dynamics-365-commerce","Get started with Dynamics 365 Commerce","https://learn.microsoft.com/tr-tr/training/paths/get-started-dynamics-365-commerce/","Microsoft Learn","Microsoft Learn (learning path)","Dynamics 365 Commerce delivers a comprehensive omnichannel solution that unifies back-office, in-store, call center, and digital experiences. Dynamics 365 Commerce enables you to build brand loyalty through personalized customer engagements, increase revenue with improved employee productivity, optimize operations to reduce costs and drive supply chain efficiencies, ultimately delivering better business outcomes.","tr","","L1","BEGINNER","4.42","yes","0","no","ROLE_SPECIFIC","WORKPLACE:3","","SALES_MARKETING","","","yes","","","","",""
"MSL-TR-learn-dynamics.use-serial-lot-numbers","Use serial and lot numbers in Microsoft Dynamics 365 Business Central","https://learn.microsoft.com/tr-tr/training/paths/use-serial-lot-numbers/","Microsoft Learn","Microsoft Learn (learning path)","Does your business require you to use serial or lot numbers? This learning path addresses how you can use serial and lot numbers in Business Central.","tr","","L2","INTERMEDIATE","3.28","yes","0","no","PRODUCTIVITY","WORKPLACE:4","","SUPPLY_CHAIN","","","no","","","","",""
"MSL-TR-learn-dynamics.configure-use-cash-bank-management-tax","Configure and use cash and bank management, and sales tax in Dynamics 365 Finance","https://learn.microsoft.com/tr-tr/training/paths/configure-use-cash-bank-management-tax-dyn365-finance/","Microsoft Learn","Microsoft Learn (learning path)","You can use the Cash and bank management module in Dynamics 365 Finance to maintain an organization's bank accounts, and the financial instruments that are associated with those bank accounts. All businesses must collect and pay taxes to various tax authorities. In this learning path you learn how to configure and use these areas of Dynamics 365 Finance.","tr","","L2","INTERMEDIATE","7.3","yes","0","no","ROLE_SPECIFIC","WORKPLACE:3","","FINANCE","","","no","","","","",""
"MSL-TR-learn-dynamics.manage-fixed-assets-transactions","Manage basic fixed assets transactions in Microsoft Dynamics 365 Business Central","https://learn.microsoft.com/tr-tr/training/paths/manage-fixed-assets-transactions/","Microsoft Learn","Microsoft Learn (learning path)","Transactions for fixed assets can include a purchase transaction, depreciation transaction, and disposal of an asset. This learning path discusses all of these typical asset transactions.","tr","","L2","INTERMEDIATE","1.17","yes","0","no","PRODUCTIVITY","WORKPLACE:4","","GENERAL","","","no","","","","",""
"MSL-TR-learn.wwl.validate-dynamics-365-sales-functional-cons","Validate your Dynamics 365 Sales Functional Consultant skills","https://learn.microsoft.com/tr-tr/training/paths/validate-dynamics-365-sales-functional-consultant-skills/","Microsoft Learn","Microsoft Learn (learning path)","This learning path prepares you to complete the Dynamics 365 Sales Functional Consultant challenge project and validate your skills. You should have already completed the following modules as part of the MB-210: Dynamics 365 Sales Functional Consultant course. If you haven't, it's recommended that you take some time to complete these modules before beginning the challenge project.","tr","","L2","INTERMEDIATE","2.15","yes","0","no","PRODUCTIVITY","WORKPLACE:4","","GENERAL","","","no","","","","",""
"MSL-TR-learn-dynamics.get-started-inventory-management","Get started with inventory management in Microsoft Dynamics 365 Business Central","https://learn.microsoft.com/tr-tr/training/paths/get-started-inventory-management/","Microsoft Learn","Microsoft Learn (learning path)","Do you buy and sell inventory items? If you do, this module will discuss how to create items and enter quantities.","tr","","L2","INTERMEDIATE","1.98","yes","0","no","PRODUCTIVITY","WORKPLACE:4","","SUPPLY_CHAIN","","","no","","","","",""
"MSL-TR-learn-dynamics.use-service-management-business-centra","Use Service Management in Microsoft Dynamics 365 Business Central","https://learn.microsoft.com/tr-tr/training/paths/use-service-management-business-central/","Microsoft Learn","Microsoft Learn (learning path)","Do you want to use Service Management in Dynamics 365 Business Central? This learning path will help you set up and take advantage of the functionality available in Service Management.","tr","","L2","INTERMEDIATE","5.6","yes","0","no","ROLE_SPECIFIC","WORKPLACE:3","","PRODUCTION","","","no","","","","",""
"MSL-TR-learn-dynamics.integrate-dynamics-365-sales-business-","Integrate Dynamics 365 Sales with Dynamics 365 Business Central using Dataverse","https://learn.microsoft.com/tr-tr/training/paths/integrate-dynamics-365-sales-business-central-dataverse/","Microsoft Learn","Microsoft Learn (learning path)","Do you want to use Dynamics 365 Sales with Business Central? This learning path discusses how to work with coupling and how to sync data like sales orders to integrate Dynamics 365 Sales and Dynamics 365 Business Central successfully.","tr","","L2","INTERMEDIATE","1.7","yes","0","no","PRODUCTIVITY","WORKPLACE:4","","GENERAL","","","no","","","","",""
"MSL-TR-learn-dynamics.extend-customer-service","Extend and analyze Dynamics 365 Customer Service","https://learn.microsoft.com/tr-tr/training/paths/extend-customer-service/","Microsoft Learn","Microsoft Learn (learning path)","Learn how to extend Dynamics 365 Customer Service, analyze service performance, and capture customer feedback to identify opportunities for service improvement.","tr","","L2","INTERMEDIATE","2.53","yes","0","no","COMMUNICATION","","","SALES_MARKETING","","","no","","","","",""
"MSL-TR-learn-dynamics.get-started-power-platform-with-financ","Get started using Power Platform with finance and operations apps","https://learn.microsoft.com/tr-tr/training/paths/get-started-power-platform-with-finance-operations/","Microsoft Learn","Microsoft Learn (learning path)","Discover how Microsoft Power Apps, Power BI, and Power Automate enhance efficiency, decision-making, and mobile experiences for finance and operations apps.","tr","","L2","INTERMEDIATE","1.72","yes","0","no","PRODUCTIVITY","WORKPLACE:4","","GENERAL","","","yes","","","","",""
"MSL-TR-learn-dynamics.enhance-tools-apps-sales","Enhance Dynamics 365 Sales with tools and apps","https://learn.microsoft.com/tr-tr/training/paths/enhance-tools-apps-sales/","Microsoft Learn","Microsoft Learn (learning path)","Tools like Microsoft 365 apps, embedded intelligence features, and the Dynamics 365 Sales mobile app empower your salespeople to use Dynamics 365 Sales to its fullest potential. This learning path covers the additional tools and applications that allow your sales team to create cohesive customer experiences, even on the go.","tr","","L2","INTERMEDIATE","2.18","yes","0","no","ROLE_SPECIFIC","WORKPLACE:3","","SALES_MARKETING","","","no","","","","",""
"MSL-TR-learn-dynamics.manage-events-dynamics-marketing","Manage events in Dynamics 365 Customer Insights - Journeys","https://learn.microsoft.com/tr-tr/training/paths/manage-events-dynamics-365-marketing/","Microsoft Learn","Microsoft Learn (learning path)","In Microsoft Dynamics 365 Customer Insights - Journeys, you can easily plan, execute, and follow up on your events. This learning path covers the key elements of the event module in the app including how to create events, manage sessions, speakers and logistics, enable event registration and manage the check-in process along with showing how to promote your event through other key Dynamics 365 features.","tr","","L2","INTERMEDIATE","1.4","yes","0","no","ROLE_SPECIFIC","WORKPLACE:3","","SALES_MARKETING","","","no","","","","",""
"MSL-TR-learn-dynamics.set-up-use-features-lite-deployment-pr","Set up and use features with lite deployment in Dynamics 365 Project Operations","https://learn.microsoft.com/tr-tr/training/paths/set-up-use-features-lite-deployment-project-operations/","Microsoft Learn","Microsoft Learn (learning path)","Dynamics 365 Project Operations allows you to create a vendor invoice for a lite deployment in Project Operations. Customers can choose to use the full subcontracting experiences or not. Additionally, proforma invoices can be useful when editing existing invoices in the Project Operations environment. You are able to post these invoices and make corrections to improve your project management processes.","tr","","L2","INTERMEDIATE","3.7","yes","0","no","PRODUCTIVITY","WORKPLACE:4","","FINANCE","","","no","","","","",""
"MSL-TR-learn-dynamics.configure-manage-fixed-assets-d365-fin","Configure and manage fixed assets and Asset leasing in Dynamics 365 Finance","https://learn.microsoft.com/tr-tr/training/paths/configure-manage-fixed-assets-dyn365-finance/","Microsoft Learn","Microsoft Learn (learning path)","Learn how to configure and manage fixed assets and Asset leasing in Dynamics 365 Finance","tr","","L2","INTERMEDIATE","7.7","yes","0","no","ROLE_SPECIFIC","WORKPLACE:3","","FINANCE","","","no","","","","",""
"MSL-TR-learn-dynamics.design-dynamics-365-solutions","Design Dynamics 365 Solutions","https://learn.microsoft.com/tr-tr/training/paths/design-dynamics-365-solutions/","Microsoft Learn","Microsoft Learn (learning path)","While the technology is important, designing solutions with Dynamics 365 is about more than the technology. You must know your customers and speak their industry language. You need to understand how to gather and document requirements. You'll explore and define the business processes and map them to functionality to implement solutions with Dynamics 365.","tr","","L1","BEGINNER","4.65","yes","0","no","PRODUCTIVITY","WORKPLACE:4","","GENERAL","","","no","","","","",""
"MSL-TR-learn.wwl.configure-sales-purchasing-business-central","Configure sales and purchasing in Business Central","https://learn.microsoft.com/tr-tr/training/paths/configure-sales-purchasing-business-central/","Microsoft Learn","Microsoft Learn (learning path)","This learning path covers the configuration of sales and purchasing in Microsoft Dynamics 365 Business Central. You learn how to set up trade parameters, manage customers, vendors, and items, configure warehouse management and inventory locations, and define pricing and discount structures.","tr","","L2","INTERMEDIATE","6.25","yes","0","no","ROLE_SPECIFIC","WORKPLACE:3","","SUPPLY_CHAIN","","","no","","","","",""
"MSL-TR-learn-dynamics.return-items-dynamics-365-business-cen","Return items in Microsoft Dynamics 365 Business Central","https://learn.microsoft.com/tr-tr/training/paths/return-items-dynamics-365-business-central/","Microsoft Learn","Microsoft Learn (learning path)","Do you need to return items to vendors and accept returns from customers? This path will help you learn how to process returns.","tr","","L2","INTERMEDIATE","1.35","yes","0","no","PRODUCTIVITY","WORKPLACE:4","","GENERAL","","","no","","","","",""
"MSL-TR-learn-dynamics.empower-service-representatives-contac","Empower customer service representatives in Dynamics 365 Contact Center","https://learn.microsoft.com/tr-tr/training/paths/empower-service-representatives-contact-center/","Microsoft Learn","Microsoft Learn (learning path)","Learn to empower customer service representatives in Dynamics 365 Contact Center. Customize the agent workspace with experience profiles, configure scripts and macros to boost productivity, build a knowledge base with AI-assisted authoring, and deploy AI agents and Copilot features that surface the right answer at the right moment.","tr","","L2","INTERMEDIATE","3.87","yes","0","no","PRODUCTIVITY","WORKPLACE:4","","SALES_MARKETING","","","yes","","","","",""
"MSL-TR-learn-dynamics.use-application-development-business-c","Use application development best practices in Microsoft Dynamics 365 Business Central","https://learn.microsoft.com/tr-tr/training/paths/use-application-development-business-central/","Microsoft Learn","Microsoft Learn (learning path)","Do you plan to create an app for Business Central? If you do, this path will be helpful to guide you through the recommended processes of publishing your app to AppSource.","tr","","L2","INTERMEDIATE","6.28","yes","0","no","TECHNICAL","TECHNICAL:5","","IT","","","yes","","","","",""
"MSL-TR-learn-dynamics.migrate-data-go-live-with-dynamics-365","Migrate data and go live with finance and operations apps","https://learn.microsoft.com/tr-tr/training/paths/migrate-data-go-live-finance-operations/","Microsoft Learn","Microsoft Learn (learning path)","As a functional consultant and developer, you must understand how to prepare your customer's data for migration, work with data management, and perform user acceptance testing to go live with finance and operations apps.","tr","","L2","INTERMEDIATE","5.22","yes","0","no","DATA","DATA_AUTOMATION:4","","FINANCE","","","yes","","","","",""
"MSL-TR-learn-dynamics.get-started-dynamics-365-business-cent","Get started with Microsoft Dynamics 365 Business Central","https://learn.microsoft.com/tr-tr/training/paths/get-started-dynamics-365-business-central/","Microsoft Learn","Microsoft Learn (learning path)","Are you interested in Business Central? If you are, this learning path provides a good introduction. It discusses how to set up a trial, provides some basic information about what's available, and shows some personalization options you can make to customize Business Central for your use.","tr","","L1","BEGINNER","2.95","yes","0","no","ROLE_SPECIFIC","WORKPLACE:3","","FINANCE","","","no","","","","",""
"MSL-TR-learn.wwl.process-financial-operations-business-centr","Process financial operations in Business Central","https://learn.microsoft.com/tr-tr/training/paths/process-financial-operations-business-central/","Microsoft Learn","Microsoft Learn (learning path)","This learning path covers financial operations in Microsoft Dynamics 365 Business Central. You learn how to analyze financial data, work with general journals, process payments, reconcile bank accounts, correct posted entries, and manage fixed asset purchases and depreciation.","tr","","L2","INTERMEDIATE","7.8","yes","0","no","ROLE_SPECIFIC","WORKPLACE:3","","FINANCE","","","no","","","","",""
"MSL-TR-learn.wwl.generate-qualify-leads-ai-sales","Generate and qualify leads using AI in Dynamics 365 Sales","https://learn.microsoft.com/tr-tr/training/paths/generate-qualify-leads-ai-sales/","Microsoft Learn","Microsoft Learn (learning path)","Learn how to configure lead management, automate lead qualification, and leverage AI-powered tools in Dynamics 365 Sales to prioritize and engage with leads effectively.","tr","","L1","BEGINNER","2.32","yes","0","no","ROLE_SPECIFIC","WORKPLACE:3","","SALES_MARKETING","","","no","","","","",""
"MSL-TR-learn-dynamics.build-reports","Build reports for Microsoft Dynamics 365 Business Central","https://learn.microsoft.com/tr-tr/training/paths/build-reports/","Microsoft Learn","Microsoft Learn (learning path)","Do you want to develop or modify reports for Business Central? This path helps you understand how to build and modify reports.","tr","","L2","INTERMEDIATE","8.03","yes","0","no","PRODUCTIVITY","WORKPLACE:4","","GENERAL","","","yes","","","","",""
"MSL-TR-learn-dynamics.create-relationships-business-rules-ca","Create relationships, business rules, calculations, and rollups in Dataverse","https://learn.microsoft.com/tr-tr/training/paths/create-relationships-common-data-service/","Microsoft Learn","Microsoft Learn (learning path)","Do you need to create data relationships, business rules, calculations, and rollups in Dataverse? These modules help you use Dataverse to build powerful business solutions to transform your operations, processes, and your entire organization. The learning path Get started with Dataverse introduces you to Dataverse and many of the key concepts which include environment, entities, fields, and options sets.  This learning path continues and expands the exploration of Dataverse with an overview how to form relationships between entities, how to build business rules to perform logic based upon your organization's needs, and how to add calculations and rollup fields.","tr","","L2","INTERMEDIATE","2.38","yes","0","no","DATA","DATA_AUTOMATION:4","","GENERAL","","","no","","","","",""
"MSL-TR-learn-dynamics.create-fixed-assets","Create fixed assets in Microsoft Dynamics 365 Business Central","https://learn.microsoft.com/tr-tr/training/paths/create-fixed-assets/","Microsoft Learn","Microsoft Learn (learning path)","Do you know how to create fixed asset records in Business Central? This learning path will show you how to create fixed assets. It will also discuss depreciation options, and how to set up component assets.","tr","","L2","INTERMEDIATE","1.38","yes","0","no","ROLE_SPECIFIC","WORKPLACE:3","","FINANCE","","","no","","","","",""
"MSL-TR-learn.wwl.learn-fundamentals-of-microsoft-dynamics-36","Explore the fundamentals of Microsoft Dynamics 365 Customer Insights","https://learn.microsoft.com/tr-tr/training/paths/learn-fundamentals-of-microsoft-dynamics-365-marketing/","Microsoft Learn","Microsoft Learn (learning path)","This learning path introduces learners to the core capabilities of Dynamics 365 Customer Insights - Journeys. You also learn about Customer Insights - Data. Together they comprise the Dynamics 365 Customer Insights product. This learning path also covers other marketing apps that you can use to support your marketing efforts.","tr","","L1","BEGINNER","1.58","yes","0","no","ROLE_SPECIFIC","WORKPLACE:3","","SALES_MARKETING","","","no","","","","",""
"MSL-TR-learn-dynamics.calculate-post-job-wip","Calculate and post project WIP in Microsoft Dynamics 365 Business Central","https://learn.microsoft.com/tr-tr/training/paths/calculate-post-job-wip/","Microsoft Learn","Microsoft Learn (learning path)","Do you want to learn about project WIP in Business Central? This learning path discusses WIP methods, how to calculate it, and also how to close a project.","tr","","L2","INTERMEDIATE","1.57","yes","0","no","TECHNICAL","TECHNICAL:5","","IT","","","yes","","","","",""
"MSL-TR-learn-dynamics.set-up-use-service-management","Set up and use service management in Dynamics 365 Supply Chain Management","https://learn.microsoft.com/tr-tr/training/paths/set-up-use-service-management/","Microsoft Learn","Microsoft Learn (learning path)","Service Management in Dynamics 365 Supply Chain Management streamlines service ops with automation, optimized dispatching, efficient service orders, and improved resource allocation.","tr","","L2","INTERMEDIATE","3.62","yes","0","no","ROLE_SPECIFIC","WORKPLACE:3","","SUPPLY_CHAIN","","","no","","","","",""
"MSL-TR-learn-dynamics.create-jobs","Create projects in Microsoft Dynamics 365 Business Central","https://learn.microsoft.com/tr-tr/training/paths/create-jobs/","Microsoft Learn","Microsoft Learn (learning path)","Are you going to use projects to track project costs with Business Central? This learning path discusses creating new projects, using project planning lines, and project task lines.","tr","","L2","INTERMEDIATE","1.75","yes","0","no","ROLE_SPECIFIC","WORKPLACE:3","","FINANCE","","","no","","","","",""
"MSL-TR-learn-dynamics.use-power-bi","Use Power BI in Microsoft Dynamics 365 Business Central","https://learn.microsoft.com/tr-tr/training/paths/use-power-bi/","Microsoft Learn","Microsoft Learn (learning path)","Are you going to use Power BI to create reports for Business Central? If so, this learning path will discuss how to build a dataset, build a report, and work with Power BI and Business Central.","tr","","L2","INTERMEDIATE","3.88","yes","0","no","DATA","DATA_AUTOMATION:4","","GENERAL","","","yes","","","","",""
"MSL-TR-learn-dynamics.work-sakes-insights","Work with Dynamics 365 Sales insights","https://learn.microsoft.com/tr-tr/training/paths/work-sales-insights/","Microsoft Learn","Microsoft Learn (learning path)","Learn how to configure and work with Dynamics 365 Sales Insights.","tr","","L2","INTERMEDIATE","5.12","yes","0","no","ROLE_SPECIFIC","WORKPLACE:3","","SALES_MARKETING","","","no","","","","",""
"MSL-TR-learn-dynamics.build-dynamics-365-finance-operations","Build finance and operations apps","https://learn.microsoft.com/tr-tr/training/paths/build-finance-operations/","Microsoft Learn","Microsoft Learn (learning path)","Developing in finance and operations apps requires a basic understanding of the tasks required to build new elements and customize finance and operations apps. The tasks  include understanding X++ code and Visual Studio, as well as being able to create and modify the basic elements of the system.","tr","","L1","BEGINNER","13.8","yes","0","no","ROLE_SPECIFIC","WORKPLACE:3","","FINANCE","","","yes","","","","",""
"MSL-TR-learn-dynamics.configure-manage-products-inventory-d3","Configure and manage products and inventory in Dynamics 365 Supply Chain Management","https://learn.microsoft.com/tr-tr/training/paths/configure-manage-products-inventory-dyn365-supply-chain-mgmt/","Microsoft Learn","Microsoft Learn (learning path)","Product information is the pillar of supply chain and retail applications across all industries. In the various modules of a business solution, product-specific information and configuration are required to manage the business processes that are related to products, product families, bills of materials, and product categories. Inventory reports show you in a variety of ways how much inventory you have and explain how to be more effective in your inventory investments.","tr","","L1","BEGINNER","7.77","yes","0","no","ROLE_SPECIFIC","WORKPLACE:3","","SUPPLY_CHAIN","","","no","","","","",""
"MSL-TR-learn-dynamics.work-dynamics-365-contact-center-ivr","Work with Dynamics 365 Contact Center IVR","https://learn.microsoft.com/tr-tr/training/paths/work-dynamics-365-contact-center-ivr/","Microsoft Learn","Microsoft Learn (learning path)","Learn about Dynamics 365 Contact Center interactive voice response (IVR).","tr","","L2","INTERMEDIATE","3.83","yes","0","no","PRODUCTIVITY","WORKPLACE:4","","SALES_MARKETING","","","yes","","","","",""
"MSL-TR-learn-dynamics.create-surveys","Create surveys with Dynamics 365 Customer Voice","https://learn.microsoft.com/tr-tr/training/paths/create-surveys/","Microsoft Learn","Microsoft Learn (learning path)","Learn how to create and send surveys with Dynamics 365 Customer Voice","tr","","L2","INTERMEDIATE","6.02","yes","0","no","COMMUNICATION","","","SALES_MARKETING","","","no","","","","",""
"MSL-TR-learn-dynamics.use-connected-customer-service","Use Connected Customer Service with Dynamics 365","https://learn.microsoft.com/tr-tr/training/paths/use-connected-customer-service/","Microsoft Learn","Microsoft Learn (learning path)","Use the Connected Customer Service Add-in for Dynamics 365 to integrate IoT devices with Dynamics 365 Customer Service to help service customers.","tr","","L2","INTERMEDIATE","1.47","yes","0","no","ROLE_SPECIFIC","WORKPLACE:3","","SALES_MARKETING","","","no","","","","",""
"MSL-TR-learn-bizapps.customer-service-hub-cases-slas","Manage cases, workloads, and service commitments in Dynamics 365 Customer Service","https://learn.microsoft.com/tr-tr/training/paths/work-with-cases-in-dynamics-365-for-customer-service/","Microsoft Learn","Microsoft Learn (learning path)","Learn how to manage cases and workloads, apply service-level agreements, and define customer support entitlements in Dynamics 365 Customer Service.","tr","","L1","BEGINNER","4.28","yes","0","no","ROLE_SPECIFIC","WORKPLACE:3","","SALES_MARKETING","","","no","","","","",""
"MSL-TR-learn-dynamics.dynamics-365-for-sales","Work with Dynamics 365 Sales","https://learn.microsoft.com/tr-tr/training/paths/working-with-dynamics-365-sales/","Microsoft Learn","Microsoft Learn (learning path)","Generate leads, create opportunities, and utilize embedded intelligence with Microsoft Dynamics 365 Sales. This learning path covers the key elements of the Sales app.","tr","","L2","INTERMEDIATE","9.07","yes","0","no","ROLE_SPECIFIC","WORKPLACE:3","","SALES_MARKETING","","","no","","","","",""
"MSL-TR-learn-dynamics.create-financial-reports-dynamics-365-","Create financial reports in Microsoft Dynamics 365 Business Central","https://learn.microsoft.com/tr-tr/training/paths/create-financial-reports-dynamics-365-business-central/","Microsoft Learn","Microsoft Learn (learning path)","Are you responsible for generating financial reports from Business Central? This learning path discusses creating budgets, and using financial reports, dimensions, and row and column definitions to generate the financial reports that are typically needed for most businesses.","tr","","L2","INTERMEDIATE","2.93","yes","0","no","ROLE_SPECIFIC","WORKPLACE:3","","FINANCE","","","no","","","","",""
"MSL-TR-learn-dynamics.configure-and-use-lean-manufacturing-i","Configure and use lean manufacturing in Dynamics 365 Supply Chain Management","https://learn.microsoft.com/tr-tr/training/paths/configure-use-lean-manufacturing-dyn365-supply-chain-mgmt/","Microsoft Learn","Microsoft Learn (learning path)","Lean manufacturing is a journey of continuous improvement. The goal is to produce exactly what the customer wants, when the customer wants it, and to do it economically. You can use lean manufacturing in a unified (mixed-mode) manufacturing environment that combines various supply, production, and sourcing strategies. These strategies include production orders, batch orders for process industries, purchase orders, and transfer orders. The lean manufacturing architecture in Dynamics 365 Supply Chain Management consists of production flows, activities, and Kanban rules.","tr","","L1","BEGINNER","11.23","yes","0","no","ROLE_SPECIFIC","WORKPLACE:3","","PRODUCTION","","","no","","","","",""
"MSL-TR-learn-dynamics.implement-dynamics-365-contact-center","Implement an AI-powered contact center with Dynamics 365","https://learn.microsoft.com/tr-tr/training/paths/implement-dynamics-365-contact-center/","Microsoft Learn","Microsoft Learn (learning path)","Learn to implement an AI-powered Dynamics 365 Contact Center. Explore AI-driven architecture and deployment models, configure Copilot and AI agents, set up intelligent queues and routing rules, and automate work classification across every channel.","tr","","L2","INTERMEDIATE","2.85","yes","0","no","PRODUCTIVITY","WORKPLACE:4","","SALES_MARKETING","","","yes","","","","",""
"MSL-TR-learn.wwl.configure-financials-business-central","Configure financials in Business Central","https://learn.microsoft.com/tr-tr/training/paths/configure-financials-business-central/","Microsoft Learn","Microsoft Learn (learning path)","This learning path covers the configuration of financial management in Microsoft Dynamics 365 Business Central. You learn how to set up the general ledger, chart of accounts, posting groups, journal templates, currencies, dimensions, financial reports, and fixed assets.","tr","","L2","INTERMEDIATE","11.1","yes","0","no","ROLE_SPECIFIC","WORKPLACE:3","","FINANCE","","","no","","","","",""
"MSL-TR-learn-dynamics.deploy-configure-dynamics-365-business","Deploy and configure Microsoft Dynamics 365 Business Central","https://learn.microsoft.com/tr-tr/training/paths/deploy-configure-dynamics-365-business-central/","Microsoft Learn","Microsoft Learn (learning path)","Are you new to Business Central? If you are, this path will help you get started. It discusses how to create new companies, implement security, migrate data from other systems, and integrate Outlook with Business Central.","tr","","L2","INTERMEDIATE","11.12","yes","0","no","PRODUCTIVITY","WORKPLACE:4","","GENERAL","","","yes","","","","",""
"MSL-TR-learn-dynamics.setup-work-landed-cost-dyn365-supply-c","Set up and work with landed cost in Dynamics 365 Supply Chain Management","https://learn.microsoft.com/tr-tr/training/paths/setup-work-landed-cost-dyn365-supply-chain-mgmt/","Microsoft Learn","Microsoft Learn (learning path)","The Landed cost module in Dynamics 365 Supply Chain Management helps you streamline your organization’s inbound shipping operations.","tr","","L1","BEGINNER","2.88","yes","0","no","ROLE_SPECIFIC","WORKPLACE:3","","FINANCE","","","no","","","","",""
"MSL-TR-learn-dynamics.configure-manage-procurement-vendors-d","Configure and manage procurement and vendors in Dynamics 365 Supply Chain Management","https://learn.microsoft.com/tr-tr/training/paths/configure-manage-procurement-vendors-dyn365-supply-chain-mgmt/","Microsoft Learn","Microsoft Learn (learning path)","The process of finding and working with vendors, purchasing products, and ensuring the quality of goods and services are all important factors that impact a company's reputation and success.","tr","","L2","INTERMEDIATE","13.68","yes","0","no","ROLE_SPECIFIC","WORKPLACE:3","","SUPPLY_CHAIN","","","no","","","","",""
"MSL-TR-learn.wwl.win-deals-ai-sales","Win deals with AI-powered sales execution in Dynamics 365 Sales","https://learn.microsoft.com/tr-tr/training/paths/win-deals-ai-sales/","Microsoft Learn","Microsoft Learn (learning path)","Learn how to set up the product catalog, manage opportunities, deploy AI sales agents, and analyze pipeline performance in Dynamics 365 Sales.","tr","","L1","BEGINNER","3.58","yes","0","no","ROLE_SPECIFIC","WORKPLACE:3","","SALES_MARKETING","","","no","","","","",""
"MSL-TR-learn-dynamics.get-started-features-project-operation","Get started with the features in Dynamics 365 Project Operations","https://learn.microsoft.com/tr-tr/training/paths/get-started-features-project-operations/","Microsoft Learn","Microsoft Learn (learning path)","Learn about the features in Dynamics 365 Project Operations","tr","","L2","INTERMEDIATE","13.68","yes","0","no","ROLE_SPECIFIC","WORKPLACE:3","","SALES_MARKETING","","","no","","","","",""
"MSL-TR-learn-dynamics.learn-fundamentals-dynamics-365-projec","Learn the fundamentals of Dynamics 365 projects","https://learn.microsoft.com/tr-tr/training/paths/learn-fundamentals-dynamics-365-projects/","Microsoft Learn","Microsoft Learn (learning path)","Learn the fundamentals of Dynamics 365 projects, and better understand digital transformation, Dynamics 365 apps and services, project team members and stakeholders, and the types of implementation methodologies for Dynamics 365 projects.  This foundation will prepare you to continue your learning and prepare you for your first project","tr","","L1","BEGINNER","5.82","yes","0","no","PRODUCTIVITY","WORKPLACE:4","","GENERAL","","","no","","","","",""
"MSL-TR-learn.wwl.configure-sales-purchasing","Configure sales and purchasing in Microsoft Dynamics 365 Business Central","https://learn.microsoft.com/tr-tr/training/paths/configure-sales-purchasing/","Microsoft Learn","Microsoft Learn (learning path)","This Learning Path focuses on the basic components of configuring sales and processing purchasing within Business Central.","tr","","L1","BEGINNER","10.82","yes","0","no","PRODUCTIVITY","WORKPLACE:4","","GENERAL","","","no","","","","",""
"MSL-TR-learn-dynamics.work-asset-management-dyn365-supply-ch","Work with Asset Management for Dynamics 365 Supply Chain Management","https://learn.microsoft.com/tr-tr/training/paths/work-asset-management-dyn365-supply-chain-mgmt/","Microsoft Learn","Microsoft Learn (learning path)","Learn how to work with the Asset Management add-in for Dynamics 365 Supply Chain Management.","tr","","L1","BEGINNER","7.2","yes","0","no","ROLE_SPECIFIC","WORKPLACE:3","","SUPPLY_CHAIN","","","no","","","","",""
"MSL-TR-learn-dynamics.use-journals-dynamics-365-business-cen","Use journals in Microsoft Dynamics 365 Business Central","https://learn.microsoft.com/tr-tr/training/paths/use-journals-dynamics-365-business-central/","Microsoft Learn","Microsoft Learn (learning path)","Do you need to create and post journal entries in Business Central? Then this path is for you. Setting up general journal templates, creating journal transactions including recurring transactions, and posting transactions are all discussed in the modules of this learning path.","tr","","L2","INTERMEDIATE","3.73","yes","0","no","ROLE_SPECIFIC","WORKPLACE:3","","FINANCE","","","no","","","","",""
"MSL-TR-learn-bizapps.applying-goal-management","Implement goal management in Dynamics 365 Sales and Customer Service","https://learn.microsoft.com/tr-tr/training/paths/apply-goal-management-dynamics-365/","Microsoft Learn","Microsoft Learn (learning path)","Learn how to create goals for Microsoft Dynamics 365 Sales and Customer Service.","tr","","L1","BEGINNER","1.48","yes","0","no","PRODUCTIVITY","WORKPLACE:4","","GENERAL","","","no","","","","",""
"MSL-TR-learn-dynamics.set-up-engineering-change-management","Set up engineering change management for Dynamics 365 Supply Chain Management","https://learn.microsoft.com/tr-tr/training/paths/set-up-engineering-change-management/","Microsoft Learn","Microsoft Learn (learning path)","Learn how to set up engineering change management for Dynamics 365 Supply Chain Management.","tr","","L2","INTERMEDIATE","3.15","yes","0","no","ROLE_SPECIFIC","WORKPLACE:3","","SUPPLY_CHAIN","","","yes","","","","",""
"MSL-TR-learn.wwl.implement-manage-accounts-payable-expenses","Manage accounts payable","https://learn.microsoft.com/tr-tr/training/paths/implement-manage-accounts-payable-expenses/","Microsoft Learn","Microsoft Learn (learning path)","This learning path for Dynamics 365 Finance teaches you to configure Accounts payable, handle vendor invoices, streamline payments, use OCR for data extraction, and manage employee expenses in Project Operations.","tr","","L2","INTERMEDIATE","9.93","yes","0","no","ROLE_SPECIFIC","WORKPLACE:3","","FINANCE","","","no","","","","",""
"MSL-TR-learn-dynamics.connect-to-dynamics-365-finance-operat","Connect to finance and operations apps","https://learn.microsoft.com/tr-tr/training/paths/connect-finance-operations/","Microsoft Learn","Microsoft Learn (learning path)","Integration and the ability to access your data in finance and operations apps are important capabilities. Developers who have learned to build and extend code in finance and operations apps can enhance their knowledge of development by learning about data integration and how connecting to data can have positive impacts on users.","tr","","L2","INTERMEDIATE","8.4","yes","0","no","DATA","DATA_AUTOMATION:4","","GENERAL","","","yes","","","","",""
"MSL-TR-learn-dynamics.use-export-control-supply-chain-manage","Use export control in Dynamics 365 Supply Chain Management","https://learn.microsoft.com/tr-tr/training/paths/use-export-control-supply-chain-management/","Microsoft Learn","Microsoft Learn (learning path)","Ensure compliance with international regulations by defining and validating export rules using an advanced export control system.","tr","","L2","INTERMEDIATE","1.15","yes","0","no","ROLE_SPECIFIC","WORKPLACE:3","","SUPPLY_CHAIN","","","yes","","","","",""
"MSL-TR-learn-dynamics.work-with-inventory-visibility","Work with Inventory Visibility in Dynamics 365 Supply Chain Management","https://learn.microsoft.com/tr-tr/training/paths/work-with-inventory-visibility/","Microsoft Learn","Microsoft Learn (learning path)","Work with Inventory Visibility in Dynamics 365 Supply Chain Management","tr","","L2","INTERMEDIATE","3.9","yes","0","no","PRODUCTIVITY","WORKPLACE:4","","SUPPLY_CHAIN","","","no","","","","",""
"MSL-TR-learn-dynamics.integrate-finance-operations-apps-powe","Integrate finance and operations apps with Microsoft Power Platform","https://learn.microsoft.com/tr-tr/training/paths/integrate-finance-operations-apps-power-platform/","Microsoft Learn","Microsoft Learn (learning path)","Learn how to implement Dynamics 365 solutions spanning across finance and operations apps and Customer engagement, as well as dual-write and virtual entities.","tr","","L4","ADVANCED","7.68","yes","0","no","PRODUCTIVITY","WORKPLACE:4","","GENERAL","","","yes","","","","",""
"MSL-TR-learn-dynamics.post-sales-purchase-invoices-dynamics-","Post sales and purchase invoices in Microsoft Dynamics 365 Business Central","https://learn.microsoft.com/tr-tr/training/paths/post-sales-purchase-invoices-dynamics-365-business-central/","Microsoft Learn","Microsoft Learn (learning path)","Do you need to process and post customer sales invoices? Do you need to enter vendor purchase invoices? This learning path addresses both, and also discusses how to process prepayments to customers and vendors.  It also discusses using electronic documents in your business with Business Central.","tr","","L2","INTERMEDIATE","3.87","yes","0","no","ROLE_SPECIFIC","WORKPLACE:3","","SALES_MARKETING","","","no","","","","",""
"MSL-TR-learn-dynamics.master-planning-supply-chain-managemen","Master planning in Dynamics 365 Supply Chain Management","https://learn.microsoft.com/tr-tr/training/paths/master-planning-supply-chain-management/","Microsoft Learn","Microsoft Learn (learning path)","Master planning allows companies to determine and balance the future need for raw materials and capacity to meet company goals.","tr","","L2","INTERMEDIATE","7.33","yes","0","no","ROLE_SPECIFIC","WORKPLACE:3","","PRODUCTION","","","no","","","","",""
"MSL-TR-learn-dynamics.interface-with-business-central","Interface with Microsoft Dynamics 365 Business Central","https://learn.microsoft.com/tr-tr/training/paths/interface-with-business-central/","Microsoft Learn","Microsoft Learn (learning path)","Do you need to interface with Business Central? This learning path will discuss working with web and REST services, APIs, Azure Functions, and control add-ins that can be used to interface with Business Central.","tr","","L2","INTERMEDIATE","4.72","yes","0","no","PRODUCTIVITY","WORKPLACE:4","","GENERAL","","","yes","","","","",""
"MSL-TR-learn-dynamics.set-up-warehouse-tasks","Set up warehouse tasks in Microsoft Dynamics 365 Business Central","https://learn.microsoft.com/tr-tr/training/paths/set-up-warehouse-tasks/","Microsoft Learn","Microsoft Learn (learning path)","Some warehouse tasks are available to manage inventory even if you don't use the full Warehouse Management functionality in Business Central. This path focuses on this basic functionality.","tr","","L2","INTERMEDIATE","4.23","yes","0","no","PRODUCTIVITY","WORKPLACE:4","","GENERAL","","","no","","","","",""
"MSL-TR-learn-dynamics.extend-project-operations","Extend Dynamics 365 Project Operations","https://learn.microsoft.com/tr-tr/training/paths/extend-project-operations/","Microsoft Learn","Microsoft Learn (learning path)","This learning path helps you deploy and extend standard capabilities of APIs and project resourcing capabilities in Universal Resource Scheduling.","tr","","L2","INTERMEDIATE","1.32","yes","0","no","PRODUCTIVITY","WORKPLACE:4","","GENERAL","","","yes","","","","",""
"MSL-TR-learn.wwl.manage-security-services-microsoft-365-defe","MS-102 Manage your security services in Microsoft Defender XDR","https://learn.microsoft.com/tr-tr/training/paths/manage-security-services-microsoft-365-defender/","Microsoft Learn","Microsoft Learn (learning path)","This learning path examines how to manage the Microsoft 365 security services, with a special focus on security reporting and managing the Safe Attachments and Safe Links features in Microsoft Defender for Office 365.  MS-102","tr","","L2","INTERMEDIATE","2.98","yes","0","no","PRODUCTIVITY","WORKPLACE:4","","IT","","","yes","","","","",""
"MSL-TR-learn.wwl.prepare-security-compliance-support-microso","Prepare security and compliance to support Microsoft 365 Copilot","https://learn.microsoft.com/tr-tr/training/paths/prepare-security-compliance-support-microsoft-365-copilot/","Microsoft Learn","Microsoft Learn (learning path)","This learning path examines the key Microsoft 365 security and compliance features that administrators must prepare in order to successfully implement Microsoft 365 Copilot.","tr","","L2","INTERMEDIATE","6.45","yes","0","no","FOUNDATIONS","FUNDAMENTALS:4","","IT","","","yes","","","","",""
"MSL-TR-learn.wwl.automate-optimize-endpoint-management-intun","Automate and optimize endpoint management using Microsoft Intune","https://learn.microsoft.com/tr-tr/training/paths/automate-optimize-endpoint-management-intune/","Microsoft Learn","Microsoft Learn (learning path)","Learn how to automate endpoint management with PowerShell and Microsoft Graph, optimize device management using AI and Copilot, and monitor and optimize endpoint performance using Microsoft Intune.","tr","","L4","ADVANCED","2.6","yes","0","no","TECHNICAL","TECHNICAL:5","","IT","","","yes","","","","",""
"MSL-TR-learn-m365.windows-virtual-desktop","Deliver remote desktops and apps with Azure Virtual Desktop","https://learn.microsoft.com/tr-tr/training/paths/m365-wvd/","Microsoft Learn","Microsoft Learn (learning path)","Azure Virtual Desktop on Microsoft Azure is a desktop and app virtualization service that runs on the cloud. Azure Virtual Desktop works across devices – including Windows, Mac, iOS, and Android – with full-featured apps that you can use to access remote desktops and apps.","tr","","L2","INTERMEDIATE","5.58","yes","0","no","PRODUCTIVITY","WORKPLACE:4","","IT","","","yes","","","","",""
"MSL-TR-learn.wwl.explore-microsoft-365-copilot-business-chat","Build foundational generative AI skills","https://learn.microsoft.com/tr-tr/training/paths/explore-microsoft-365-copilot-business-chat/","Microsoft Learn","Microsoft Learn (learning path)","This course teaches learners the fundamentals of generative AI and responsible AI, then guides them through getting started with Microsoft 365 Copilot Chat (Basic), writing effective prompts, and using its features to work smarter and collaborate securely.","tr","","L1","BEGINNER","2.33","yes","0","no","FOUNDATIONS","FUNDAMENTALS:4","","GENERAL","","","no","","","","",""
"MSL-TR-learn.wwl.delegate-work-with-copilot-cowork","Delegate work with AI","https://learn.microsoft.com/tr-tr/training/paths/delegate-work-with-copilot-cowork/","Microsoft Learn","Microsoft Learn (learning path)","This learning path shows you how to delegate multistep work to Copilot Cowork, apply it to your everyday workflows, and set up recurring work to run on its own. It also highlights Autopilot's ability to delegate work, and showcases the difference between the two options.","tr","","L1","BEGINNER","3.37","yes","0","no","FOUNDATIONS","FUNDAMENTALS:4","","GENERAL","","","no","","","","",""
"MSL-TR-learn.wwl.prepare-your-organization-microsoft-365-cop","Prepare your organization for Microsoft 365 Copilot","https://learn.microsoft.com/tr-tr/training/paths/prepare-your-organization-microsoft-365-copilot/","Microsoft Learn","Microsoft Learn (learning path)","This learning path examines the Microsoft 365 Copilot design and its security and compliance features, and it provides instruction on how to implement Microsoft 365 Copilot.","tr","","L2","INTERMEDIATE","1.33","yes","0","no","FOUNDATIONS","FUNDAMENTALS:4","","IT","","","yes","","","","",""
"MSL-TR-learn.wwl.draft-analyze-present-microsoft-365-copilot","Draft, analyze, and present with Microsoft Copilot","https://learn.microsoft.com/tr-tr/training/paths/draft-analyze-present-microsoft-365-copilot/","Microsoft Learn","Microsoft Learn (learning path)","Draft, analyze, and present with Microsoft Copilot MS-4018.","tr","","L1","BEGINNER","4.3","yes","0","no","FOUNDATIONS","FUNDAMENTALS:4","","IT","","","yes","","","","",""
"MSL-TR-learn.wwl.implement-identity-synchronization","MS-102 Implement identity synchronization","https://learn.microsoft.com/tr-tr/training/paths/implement-identity-synchronization/","Microsoft Learn","Microsoft Learn (learning path)","This learning path examines how organizations should plan for and implement identity synchronization in a hybrid Microsoft 365 deployment. You learn how to implement Microsoft Entra Connect Sync and Microsoft Entra Cloud Sync, and how to manage synchronized identities.","tr","","L2","INTERMEDIATE","2.63","yes","0","no","PRODUCTIVITY","WORKPLACE:4","","IT","","","yes","","","","",""
"MSL-TR-learn.viva-glint-360-feedback","Learn about the Microsoft Viva Glint 360 feedback program","https://learn.microsoft.com/tr-tr/training/paths/viva-glint-360-feedback program/","Microsoft Learn","Microsoft Learn (learning path)","Learn how Viva Glint’s 360 product, methodology and approach to 360s equips learners with an understanding as to how to administer the Viva Glint 360 product.","tr","","L1","BEGINNER","3.43","yes","0","no","PRODUCTIVITY","WORKPLACE:4","","HR","","","yes","","","","",""
"MSL-TR-learn-m365.m365-extend-viva-connections","Extend Microsoft Viva Connections","https://learn.microsoft.com/tr-tr/training/paths/m365-extend-viva-connections/","Microsoft Learn","Microsoft Learn (learning path)","Extend Microsoft Viva Connections is a multi-part series that teaches you how to extend Microsoft Viva Connections with custom components. These modules will guide you through the basics of Microsoft Viva Connections extensibility through hands-on exercises, which cover the different types of extensions that you can build for Viva Connections.","tr","","L1","BEGINNER","3.52","yes","0","no","LEADERSHIP","","","HR","","","yes","","","","",""
"MSL-TR-learn.wwl.explore-microsoft-365-copilot-agent-adminis","Explore Microsoft 365 Copilot and agent administration","https://learn.microsoft.com/tr-tr/training/paths/explore-microsoft-365-copilot-agent-administration/","Microsoft Learn","Microsoft Learn (learning path)","This Learning Path explores how to boost productivity and security in Microsoft 365 by using Copilot and AI-powered agents, while examining how to manage, customize, and govern these tools across your organization.","tr","","L1","BEGINNER","3.32","yes","0","no","FOUNDATIONS","FUNDAMENTALS:4","","GENERAL","","","yes","","","","",""
"MSL-TR-learn.wwl.optimize-business-processes-ai","Optimize business processes with Microsoft Copilot","https://learn.microsoft.com/tr-tr/training/paths/optimize-business-processes-with-ai/","Microsoft Learn","Microsoft Learn (learning path)","Learn how to optimize business processes using Microsoft Copilot.","tr","","L1","BEGINNER","3.22","yes","0","no","FOUNDATIONS","FUNDAMENTALS:4","","IT","","","no","","","","",""
"MSL-TR-learn.wwl.manage-maintain-devices-intune","Manage and maintain devices using Microsoft Intune","https://learn.microsoft.com/tr-tr/training/paths/manage-maintain-devices-intune/","Microsoft Learn","Microsoft Learn (learning path)","Learn how to configure device profiles and compliance policies, manage Windows updates and device lifecycle, monitor device health with analytics and reporting, and troubleshoot device and policy issues using Microsoft Intune.","tr","","L2","INTERMEDIATE","3.93","yes","0","no","TECHNICAL","TECHNICAL:5","","IT","","","yes","","","","",""
"MSL-TR-learn.wwl.implement-no-code-copilot-agents-microsoft-","Transform your everyday business processes with agents","https://learn.microsoft.com/tr-tr/training/paths/implement-no-code-copilot-agents-microsoft-365-sharepoint/","Microsoft Learn","Microsoft Learn (learning path)","Learn how to use agents in Microsoft Copilot and SharePoint to automate tasks, surface information, and streamline everyday business processes. MS-4019","tr","","L1","BEGINNER","3.48","yes","0","no","FOUNDATIONS","FUNDAMENTALS:4","","GENERAL","","","yes","","","","",""
"MSL-TR-learn.wwl.prepare-microsoft-365-copilot-extensibility","Prepare for Microsoft 365 Copilot extensibility","https://learn.microsoft.com/tr-tr/training/paths/prepare-microsoft-365-copilot-extensibility/","Microsoft Learn","Microsoft Learn (learning path)","This learning path introduces you to the basic fundamentals of Microsoft 365 Copilot extensibility and provides guidance on how to choose the Copilot extensibility path that is right for your organization.","tr","","L2","INTERMEDIATE","1.03","yes","0","no","FOUNDATIONS","FUNDAMENTALS:4","","IT","","","yes","","","","",""
"MSL-TR-learn.wwl.implement-compliance-microsoft-365","MS-102 Implement compliance in Microsoft 365","https://learn.microsoft.com/tr-tr/training/paths/implement-compliance-microsoft-365/","Microsoft Learn","Microsoft Learn (learning path)","This learning path provides instruction on implementing the Microsoft 365 data governance features, including how to calculate your compliance readiness, implement compliance solutions, and create information barriers, DLP policies, and policy tips.","tr","","L2","INTERMEDIATE","4.18","yes","0","no","PRODUCTIVITY","WORKPLACE:4","","IT","","","yes","","","","",""
"MSL-TR-learn.wwl.manage-content-search-investigations-micros","MS-101 Manage content search and investigations in Microsoft 365","https://learn.microsoft.com/tr-tr/training/paths/manage-content-search-investigations-microsoft-365/","Microsoft Learn","Microsoft Learn (learning path)","MS-101 Manage content search and investigations in Microsoft 365","tr","","L2","INTERMEDIATE","1.42","yes","0","no","RESPONSIBLE_AI","RESPONSIBLE_AI:5","","GENERAL","","","yes","","","","",""
"MSL-TR-learn-m365.purview-implement-information-protection-d","Implement information protection and data loss prevention by using Microsoft Purview","https://learn.microsoft.com/tr-tr/training/paths/purview-implement-information-protection-data-loss-prevention/","Microsoft Learn","Microsoft Learn (learning path)","Gain the skills to use Microsoft Purview to improve your data security in Microsoft 365. In this training, you learn how to create sensitive information types, create sensitivity labels, and use auto-labeling policies based on these labels. You also learn how to set up DLP (Data Loss Prevention) policies to safeguard your organization's data. (SC-5003)","tr","","L2","INTERMEDIATE","4.92","yes","0","no","RESPONSIBLE_AI","RESPONSIBLE_AI:5","","GENERAL","","","no","","","","",""
"MSL-TR-learn.wwl.support-operational-excellence-intune","Support operational excellence and readiness using Microsoft Intune","https://learn.microsoft.com/tr-tr/training/paths/support-operational-excellence-intune/","Microsoft Learn","Microsoft Learn (learning path)","Learn how to implement reporting and data visibility, delegate administration using role-based access control, and maintain tenant health to keep your Microsoft Intune environment operationally ready.","tr","","L2","INTERMEDIATE","2.25","yes","0","no","TECHNICAL","TECHNICAL:5","","IT","","","yes","","","","",""
"MSL-TR-learn-m365.m365-teams-toolkit-vsc","Build and deploy apps for Microsoft Teams using Teams Toolkit for Visual Studio Code","https://learn.microsoft.com/tr-tr/training/paths/m365-teams-toolkit-vsc/","Microsoft Learn","Microsoft Learn (learning path)","Teams Toolkit is an extension for Visual Studio Code and Visual Studio 2022. It helps developers create and deploy Teams apps with integrated identity, cloud storage and other services across Microsoft 365 and Azure. In this Learn path, you'll learn how to build a Microsoft Teams app using Teams Toolkit for Visual Studio Code.","tr","","L1","BEGINNER","1.5","yes","0","no","COMMUNICATION","","","GENERAL","","","yes","","","","",""
"MSL-TR-learn.wwl.prepare-teach-ms-900-microsoft-365-fundamen","Prepare to teach MS-900 Microsoft 365 Fundamentals","https://learn.microsoft.com/tr-tr/training/paths/prepare-teach-ms-900-microsoft-365-fundamentals/","Microsoft Learn","Microsoft Learn (learning path)","Learn about the Microsoft Learn for Educators program and how to best deliver its content to your students. Prepare to deliver Microsoft 365 Fundamentals in an academic program.","tr","","L1","BEGINNER","3.32","yes","0","no","TECHNICAL","TECHNICAL:5","","IT","","","yes","","","","",""
"MSL-TR-learn.wwl.manage-secure-microsoft-365-ai-services","Manage and secure Microsoft 365 AI services","https://learn.microsoft.com/tr-tr/training/paths/manage-secure-microsoft-365-ai-services/","Microsoft Learn","Microsoft Learn (learning path)","Roll out, secure, and monitor Microsoft Copilot and agents across a growing tenant—enable Copilot safely, establish and govern agent identities, curate the agent catalog, monitor and govern agents in production, and keep AI services cost-effective and healthy.","tr","","L2","INTERMEDIATE","8.63","yes","0","no","FOUNDATIONS","FUNDAMENTALS:4","","GENERAL","","","yes","","","","",""
"MSL-TR-learn-m365.copilot-m365-extensibility-typescript","Extend Microsoft 365 Copilot in TypeScript","https://learn.microsoft.com/tr-tr/training/paths/copilot-m365-extensibility-typescript/","Microsoft Learn","Microsoft Learn (learning path)","Extend Microsoft 365 Copilot is a multi-part series that teaches you basic concepts of extending Copilot for Microsoft 365 in TypeScript. This series helps you understand what Copilot for Microsoft 365 is and how it works. It also explains why you should consider extending it to give it access to data in your organization and what options you have to extend it.","tr","","L1","BEGINNER","2.02","yes","0","no","COMMUNICATION","","","MANAGEMENT","","","yes","","","","",""
"MSL-TR-learn.wwl.govern-secure-microsoft-365-tenants-workloa","Govern and secure Microsoft 365 tenants and workloads","https://learn.microsoft.com/tr-tr/training/paths/govern-secure-microsoft-365-tenants-workloads/","Microsoft Learn","Microsoft Learn (learning path)","Govern and secure a Microsoft 365 tenant: manage identities, configure authentication and access, protect collaboration from threats, and specify information-protection and data-loss-prevention requirements for Microsoft Copilot and AI agents.","tr","","L2","INTERMEDIATE","7.23","yes","0","no","RESPONSIBLE_AI","RESPONSIBLE_AI:5","","IT","","","yes","","","","",""
"MSL-TR-learn-m365.m365-msgraph-fundamentals","Microsoft Graph Fundamentals","https://learn.microsoft.com/tr-tr/training/paths/m365-msgraph-fundamentals/","Microsoft Learn","Microsoft Learn (learning path)","New to Microsoft Graph? Microsoft Graph Fundamentals is a multi-part series that teaches you basic concepts of Microsoft Graph. It will guide you with hands-on exercises on how to use Microsoft Graph API requests to start developing or enhancing your applications with Microsoft 365 data.","tr","","L1","BEGINNER","1.25","yes","0","no","DATA","DATA_AUTOMATION:4","","GENERAL","","","yes","","","","",""
"MSL-TR-learn-m365.sharepoint-associate","Extend Microsoft SharePoint – Associate","https://learn.microsoft.com/tr-tr/training/paths/m365-sharepoint-associate/","Microsoft Learn","Microsoft Learn (learning path)","Microsoft SharePoint is a customizable platform that developers can extend with custom components. The SharePoint Framework is the recommended development model to extend the modern SharePoint experience. In this learning path, you'll learn how to customize and extend SharePoint using the SharePoint Framework using web parts and extensions.","tr","","L2","INTERMEDIATE","11.25","yes","0","no","COMMUNICATION","","","GENERAL","","","yes","","","","",""
"MSL-TR-learn.wwl.build-foundation-extend-microsoft-365-copil","Introduction to building AI agents","https://learn.microsoft.com/tr-tr/training/paths/build-foundation-extend-microsoft-365-copilot/","Microsoft Learn","Microsoft Learn (learning path)","Explore how AI agents work, tour Microsoft's agent development platform — including Copilot Studio, Microsoft Foundry, and the Microsoft 365 Agents Toolkit — and learn how to plan and design an agent solution for your scenario.","tr","","L1","BEGINNER","2.03","yes","0","no","GENERATIVE_AI","FUNDAMENTALS:2,WORKPLACE:3","","GENERAL","","","yes","","","","",""
"MSL-TR-learn.viva-glint-program-design-setup","Design and set up your Viva Glint program","https://learn.microsoft.com/tr-tr/training/paths/viva-glint-program-design-setup/","Microsoft Learn","Microsoft Learn (learning path)","Learn how to set up the Viva Glint platform as well as configure and launch a Viva Glint recurring survey.","tr","","L1","BEGINNER","3.02","yes","0","no","PRODUCTIVITY","WORKPLACE:4","","HR","","","yes","","","","",""
"MSL-TR-learn.wwl.explore-data-governance-microsoft-365","MS-102 Explore data governance in Microsoft 365","https://learn.microsoft.com/tr-tr/training/paths/explore-data-governance-microsoft-365/","Microsoft Learn","Microsoft Learn (learning path)","This learning path introduces you to the data governance features of Microsoft 365, which serve regulatory compliance, can facilitate eDiscovery, and are part of a business strategy to protect the integrity of the data estate.","tr","","L2","INTERMEDIATE","2.05","yes","0","no","PRODUCTIVITY","WORKPLACE:4","","IT","","","yes","","","","",""
"MSL-TR-learn.wwl.ms-102-manage-compliance-microsoft-365","MS-102 Manage compliance in Microsoft 365","https://learn.microsoft.com/tr-tr/training/paths/ms-102-manage-compliance-microsoft-365/","Microsoft Learn","Microsoft Learn (learning path)","This learning path provides instruction on managing the Microsoft 365 data governance features, including how to implement retention in email, sensitivity labels, and Windows Information Protection, and how to troubleshoot data loss prevention issues.","tr","","L2","INTERMEDIATE","2.28","yes","0","no","PRODUCTIVITY","WORKPLACE:4","","IT","","","yes","","","","",""
"MSL-TR-learn.wwl.configure-manage-m365-tenants-workloads","Configure and manage Microsoft 365 tenants and workloads","https://learn.microsoft.com/tr-tr/training/paths/configure-manage-microsoft-365-tenants-workloads/","Microsoft Learn","Microsoft Learn (learning path)","Configure and manage an existing Microsoft 365 tenant, from domains and licensing to resilience, workload settings, and content access for Microsoft Copilot.","tr","","L2","INTERMEDIATE","6.78","yes","0","no","TECHNICAL","TECHNICAL:5","","IT","","","yes","","","","",""
"MSL-TR-learn.wwl.empower-workforce-copilot-use-cases","Empower your workforce with Microsoft Copilot","https://learn.microsoft.com/tr-tr/training/paths/empower-workforce-copilot-use-cases/","Microsoft Learn","Microsoft Learn (learning path)","In this interactive learning path, you perform a series of exercises to build your Copilot skills in role-related business scenarios. Roles include, Executives, Sales, Marketing, Finance, IT, HR, and Operations.","tr","","L1","BEGINNER","14","yes","0","no","FOUNDATIONS","FUNDAMENTALS:4","","GENERAL","","","yes","","","","",""
"MSL-TR-learn-m365.m365-msgraph-scenarios","Explore Microsoft Graph scenarios for JavaScript development","https://learn.microsoft.com/tr-tr/training/paths/m365-msgraph-scenarios/","Microsoft Learn","Microsoft Learn (learning path)","This learning path includes hands-on exercises that will show you how to perform common tasks, such as showing a user's emails, accessing calendar events, and downloading and uploading files, in a JavaScript app using Microsoft Graph APIs.","tr","","L2","INTERMEDIATE","1.73","yes","0","no","DATA","DATA_AUTOMATION:4","","GENERAL","","","yes","","","","",""
"MSL-TR-learn-m365-pr.virtual-events-beginner","Deliver engaging and accessible virtual events with Microsoft Teams and Microsoft 365","https://learn.microsoft.com/tr-tr/training/paths/m365-virtual-events-fundamentals/","Microsoft Learn","Microsoft Learn (learning path)","The one thing we can never get back is time. This is the most valuable thing an event attendee shares with you. Whether you are a seasoned producer or new to creating virtual events, this learning path walks you through the fundamentals of delivering compelling events using Microsoft 365 technology. Learn best practices for accessibility, inclusion, and engagement as you create your virtual event. Review processes that prioritize the clarity of your message, the attendee experience, and your ongoing engagement strategy. Compelling events are about people - this training includes content for event organizers, producers, moderators, and attendees.","tr","","L1","BEGINNER","1.25","yes","0","no","COMMUNICATION","","","GENERAL","","","yes","","","","",""
"MSL-TR-learn.wwl.explore-business-value-generative-ai-soluti","Explore the business value of generative AI solutions","https://learn.microsoft.com/tr-tr/training/paths/explore-business-value-generative-ai-solutions/","Microsoft Learn","Microsoft Learn (learning path)","Discover how generative AI can transform your business processes and drive innovation.","tr","","L1","BEGINNER","1.03","yes","0","no","FOUNDATIONS","FUNDAMENTALS:4","","GENERAL","","","no","","","","",""
"MSL-TR-learn.viva-glint-build-psychological-safety","Build psychological safety","https://learn.microsoft.com/tr-tr/training/paths/viva-glint-build-psychological-safety/","Microsoft Learn","Microsoft Learn (learning path)","Understand psychological safety, why it's important, and how to cultivate it on your team.","tr","","L1","BEGINNER","1.47","yes","0","no","PRODUCTIVITY","WORKPLACE:4","","HR","","","yes","","","","",""
"MSL-TR-learn.viva-glint-engagement","Apply Viva Glint’s modern approach to engagement for better results","https://learn.microsoft.com/tr-tr/training/paths/viva-glint-engagement/","Microsoft Learn","Microsoft Learn (learning path)","Apply Viva Glint’s modern approach to engagement for better results. Designed to introduce a people-centric measurement strategy, describe how we use it, and detail how to empower action to drive better results.","tr","","L1","BEGINNER","1.88","yes","0","no","PRODUCTIVITY","WORKPLACE:4","","HR","","","yes","","","","",""
"MSL-TR-learn.wwl.microsoft-surface-administration","MD-020 Microsoft Surface administration","https://learn.microsoft.com/tr-tr/training/paths/microsoft-surface-administration/","Microsoft Learn","Microsoft Learn (learning path)","The Surface Endpoint Admin Course covers the management and support of Surface devices, settings, support requests, security settings, the IT Toolkit, the Surface Management Portal, and more.","tr","","L2","INTERMEDIATE","1.03","yes","0","no","PRODUCTIVITY","WORKPLACE:4","","GENERAL","","","yes","","","","",""
"MSL-TR-learn.wwl.prepare-environment-for-microsoft-teams-dep","Prepare the environment for a Microsoft Teams deployment","https://learn.microsoft.com/tr-tr/training/paths/prepare-environment-for-microsoft-teams-deployment/","Microsoft Learn","Microsoft Learn (learning path)","Prepare the environment for a Microsoft Teams deployment","tr","","L2","INTERMEDIATE","3.33","yes","0","no","COMMUNICATION","","","IT","","","yes","","","","",""
"MSL-TR-learn.viva-glint-understand-share-results","Understand and share your Viva Glint results","https://learn.microsoft.com/tr-tr/training/paths/viva-glint-understand-and-share-results/","Microsoft Learn","Microsoft Learn (learning path)","Make the most of your Viva Glint results by understanding reports and having ACT conversations with your team.","tr","","L1","BEGINNER","1.37","yes","0","no","PRODUCTIVITY","WORKPLACE:4","","HR","","","yes","","","","",""
"MSL-TR-learn.wwl.prepare-infrastructure-devices-intune-micro","Prepare infrastructure for devices using Microsoft Intune and Microsoft Entra ID","https://learn.microsoft.com/tr-tr/training/paths/prepare-infrastructure-devices-intune-microsoft-entra-id/","Microsoft Learn","Microsoft Learn (learning path)","Learn how to configure Microsoft Entra ID and Microsoft Intune to support modern endpoint management. This learning path covers identity infrastructure, device enrollment, and automated deployment strategies for Windows, iOS/iPadOS, macOS, and Android devices.","tr","","L2","INTERMEDIATE","4.73","yes","0","no","TECHNICAL","TECHNICAL:5","","IT","","","yes","","","","",""
"MSL-TR-learn-m365.purview-protect-govern-ai","Govern and protect sensitive information in the age of AI","https://learn.microsoft.com/tr-tr/training/paths/purview-protect-govern-ai/","Microsoft Learn","Microsoft Learn (learning path)","Develop skills in securing and governing data within AI-driven environments, using Microsoft Purview to navigate AI risks and ensure compliance. This path enhances your understanding of adapting security and governance strategies in response to the evolving landscape of AI technology.","tr","","L2","INTERMEDIATE","2.13","yes","0","no","RESPONSIBLE_AI","RESPONSIBLE_AI:5","","GENERAL","","","yes","","","","",""
"MSL-TR-learn.wwl.extend-intune-suite","Extend endpoint capabilities using Microsoft Intune Suite","https://learn.microsoft.com/tr-tr/training/paths/extend-intune-suite/","Microsoft Learn","Microsoft Learn (learning path)","Learn how to extend Microsoft Intune with the Microsoft Intune Suite, including Remote Help, Endpoint Privilege Management, Advanced Endpoint Analytics, and other premium endpoint management capabilities.","tr","","L4","ADVANCED","3.22","yes","0","no","TECHNICAL","TECHNICAL:5","","IT","","","yes","","","","",""
"MSL-TR-learn.wwl.get-started-managing-microsoft-teams","Get started with managing Microsoft Teams","https://learn.microsoft.com/tr-tr/training/paths/get-started-managing-microsoft-teams/","Microsoft Learn","Microsoft Learn (learning path)","Get started with managing Microsoft Teams","tr","","L2","INTERMEDIATE","3.6","yes","0","no","COMMUNICATION","","","GENERAL","","","yes","","","","",""
"MSL-TR-learn-m365.copilot-microsoft-365-declarative-agents-v","Extend Microsoft 365 Copilot with declarative agents using Visual Studio Code","https://learn.microsoft.com/tr-tr/training/paths/copilot-microsoft-365-declarative-agents-visual-studio-code/","Microsoft Learn","Microsoft Learn (learning path)","Extend Microsoft 365 Copilot with declarative agents is a multi-part series that teaches you basic concepts of extending Microsoft 365 Copilot using Visual Studio Code. You learn what declarative agents are, how they work, and when you should consider building them. You also learn, how to extend them with skills and knowledge to make them more powerful and useful.","tr","","L1","BEGINNER","5.57","yes","0","no","COMMUNICATION","","","MANAGEMENT","","","yes","","","","",""
"MSL-TR-learn.wwl.explore-security-metrics-microsoft-365-defe","Manage identity and access in Microsoft 365","https://learn.microsoft.com/tr-tr/training/paths/explore-security-metrics-microsoft-365-defender/","Microsoft Learn","Microsoft Learn (learning path)","This learning path examines the threat vectors and data breaches organizations face today in their cybersecurity landscape, and the wide range of security solutions that Microsoft 365 provides to combat those threats.","tr","","L2","INTERMEDIATE","4.47","yes","0","no","PRODUCTIVITY","WORKPLACE:4","","IT","","","yes","","","","",""
"MSL-TR-learn-m365.wwl.transform-business-workflows-with-ai","Enhance business workflows with AI","https://learn.microsoft.com/tr-tr/training/paths/transform-business-workflows-with-ai/","Microsoft Learn","Microsoft Learn (learning path)","This learning path enables students to use Microsoft Copilot to draft and refine business content, analyze and visualize data, manage meetings and collaboration, and delegate multi-step work with Copilot Cowork.","tr","","L1","BEGINNER","4.5","yes","0","no","FOUNDATIONS","FUNDAMENTALS:4","","GENERAL","","","no","","","","",""
"MSL-TR-learn-m365.cybersecurity-secure-software","Learn how Microsoft supports secure software development as part of a cybersecurity solution","https://learn.microsoft.com/tr-tr/training/paths/secure-software-development-for-cybersecurity/","Microsoft Learn","Microsoft Learn (learning path)","Secure software development means integrating security into each phase of your development lifecycle, from requirements analysis to maintenance. Microsoft provides many services that can help you develop more secure code and deploy a more secure application in the cloud. This learning path provides an overview of the services and offerings available to help you build secure software as part of a cybersecurity solution.The deadline for agencies to comply with NIST/CISA/OMB guidance on security measures for critical software (including applying practices of least privilege, network segmentation, and proper configuration), per section 4 of the Executive Order on Improving the Nation's Cybersecurity, is **August 10, 2021**. The deadline for agencies to comply with the guidance identifying practices that enhance the security of the software supply chain with respect to software procurement, also per section 4, is **March 8, 2022**.","tr","","L1","BEGINNER","3.23","yes","0","no","RESPONSIBLE_AI","RESPONSIBLE_AI:5","","IT","","","yes","","","","",""
"MSL-TR-learn.wwl.discover-new-outlook-windows","Discover new Outlook for Windows","https://learn.microsoft.com/tr-tr/training/paths/discover-new-outlook-windows/","Microsoft Learn","Microsoft Learn (learning path)","Take control of your inbox, calendar, and contacts in the new Outlook for Windows experience and make the most of its powerful features.","tr","","L1","BEGINNER","2.32","yes","0","no","FOUNDATIONS","FUNDAMENTALS:4","","GENERAL","","","no","","","","",""
"MSL-TR-learn-m365.principles-zero-trust","Establish the guiding principles and core components of Zero Trust","https://learn.microsoft.com/tr-tr/training/paths/zero-trust-principles/","Microsoft Learn","Microsoft Learn (learning path)","Zero Trust is not a product or tool, but an essential security strategy that seeks to continuously verify every transaction, asserts least privilege access, and assumes that every transaction could be a possible attack.  Through the modules in this learning path, you'll gain an understanding of Zero Trust and how it applies to identity, endpoints, applications, networks, infrastructure, and data.","tr","","L1","BEGINNER","1.77","yes","0","no","RESPONSIBLE_AI","RESPONSIBLE_AI:5","","IT","","","yes","","","","",""
"MSL-TR-learn-m365.m365-security-threat-protection","Defend against threats with Microsoft 365","https://learn.microsoft.com/tr-tr/training/paths/m365-security-threat-protection/","Microsoft Learn","Microsoft Learn (learning path)","Microsoft 365 includes security technologies that enterprises can use to secure email, data, devices, and identities against the risk of cyber threats. This learning path provides an introduction to Microsoft Defender XDR, Microsoft Defender for Endpoint, Microsoft Defender for Identity, and Microsoft Defender for Office 365.","tr","","L2","INTERMEDIATE","3.4","yes","0","no","RESPONSIBLE_AI","RESPONSIBLE_AI:5","","IT","","","yes","","","","",""
"MSL-TR-learn-m365.service-adoption","Use the Microsoft service adoption framework to drive adoption in your enterprise","https://learn.microsoft.com/tr-tr/training/paths/m365-service-adoption/","Microsoft Learn","Microsoft Learn (learning path)","In this introductory course, you'll learn the six critical elements to drive adoption of your Microsoft cloud services to deliver value to your company. This course is applicable to any size company and uses Office 365 and Microsoft Teams as the example service to create real world scenarios.","tr","","L1","BEGINNER","2.42","yes","0","no","PRODUCTIVITY","WORKPLACE:4","","GENERAL","","","yes","","","","",""
"MSL-TR-learn.wwl.drive-value-generative-ai-solutions","Drive business value with AI solutions","https://learn.microsoft.com/tr-tr/training/paths/drive-value-generative-ai-solutions/","Microsoft Learn","Microsoft Learn (learning path)","Discover how Copilot and Azure AI can transform work across your organization.","tr","","L1","BEGINNER","1.13","yes","0","no","FOUNDATIONS","FUNDAMENTALS:4","","GENERAL","","","no","","","","",""
"MSL-TR-learn-m365.copilot-m365-extensibility","Extend Microsoft 365 Copilot in .NET","https://learn.microsoft.com/tr-tr/training/paths/copilot-m365-extensibility/","Microsoft Learn","Microsoft Learn (learning path)","Extend Microsoft 365 Copilot is a multi-part series that teaches you basic concepts of extending Copilot for Microsoft 365 in .NET. This series helps you understand what Copilot for Microsoft 365 is and how it works. It also explains why you should consider extending it to give it access to data in your organization and what options you have to extend it.","tr","","L1","BEGINNER","2.1","yes","0","no","COMMUNICATION","","","MANAGEMENT","","","yes","","","","",""
"MSL-TR-learn.wwl.enhance-productivity-prebuilt-agents","Enhance your productivity with prebuilt Microsoft 365 Copilot agents","https://learn.microsoft.com/tr-tr/training/paths/enhance-productivity-prebuilt-agents/","Microsoft Learn","Microsoft Learn (learning path)","This Learning Path explores how prebuilt agents in Microsoft 365 Copilot enable users to streamline tasks, retrieve information efficiently, and enhance productivity through AI-powered conversational tools.","tr","","L1","BEGINNER","0.95","yes","0","no","FOUNDATIONS","FUNDAMENTALS:4","","GENERAL","","","yes","","","","",""
"MSL-TR-learn.wwl.troubleshoot-microsoft-365-teams","Troubleshoot Microsoft Teams","https://learn.microsoft.com/tr-tr/training/paths/troubleshoot-microsoft-365-teams/","Microsoft Learn","Microsoft Learn (learning path)","Troubleshoot Microsoft Teams","tr","","L4","ADVANCED","5.23","yes","0","no","COMMUNICATION","","","GENERAL","","","yes","","","","",""
"MSL-TR-learn-m365.audit-safeguard-customer-data","Learn how Microsoft safeguards customer data","https://learn.microsoft.com/tr-tr/training/paths/audit-safeguard-customer-data/","Microsoft Learn","Microsoft Learn (learning path)","Learn how Microsoft safeguards customer data is designed for people in audit, compliance, risk, and legal roles who seek an overall understanding of Microsoft 365’s fundamental security and privacy practices to safeguard their customer data.","tr","","L1","BEGINNER","5.92","yes","0","no","RESPONSIBLE_AI","RESPONSIBLE_AI:5","","IT","","","no","","","","",""
"MSL-TR-learn.wwl.manage-microsoft-365-copilot-administration","Manage Microsoft 365 Copilot administration","https://learn.microsoft.com/tr-tr/training/paths/manage-microsoft-365-copilot-administration/","Microsoft Learn","Microsoft Learn (learning path)","This learning path examines how to apply Zero Trust principles to Microsoft 365 Copilot and how to manage Microsoft Copilot and Microsoft 365 Copilot administration.","tr","","L2","INTERMEDIATE","3.48","yes","0","no","FOUNDATIONS","FUNDAMENTALS:4","","IT","","","yes","","","","",""
"MSL-TR-learn.wwl.manage-chat-teams-channels-apps-microsoft-t","Manage chat, teams, channels, and apps in Microsoft Teams","https://learn.microsoft.com/tr-tr/training/paths/manage-chat-teams-channels-apps-microsoft-teams/","Microsoft Learn","Microsoft Learn (learning path)","Manage chat, teams, channels, and apps in Microsoft Teams","tr","","L2","INTERMEDIATE","3.03","yes","0","no","COMMUNICATION","","","GENERAL","","","yes","","","","",""
"MSL-TR-learn-m365.copilot-microsoft-365-declarative-agents-a","Extend declarative agents for Microsoft 365 Copilot with API plugins using Visual Studio Code","https://learn.microsoft.com/tr-tr/training/paths/copilot-microsoft-365-declarative-agents-api-plugins-visual-studio-code/","Microsoft Learn","Microsoft Learn (learning path)","Extend declarative agents for Microsoft 365 Copilot with API plugins is a multi-part series that teaches you basic concepts of extending declarative agents with actions using API plugins. You learn what API plugins are, how they work, and when you should consider building them. You also learn how to use Adaptive Cards to show data in a rich way and how to connect to secured APIs.","tr","","L1","BEGINNER","1.38","yes","0","no","COMMUNICATION","","","MANAGEMENT","","","yes","","","","",""
"MSL-TR-learn.wwl.implement-threat-protection-use-microsoft-3","MS-102 Implement threat protection by using Microsoft Defender XDR","https://learn.microsoft.com/tr-tr/training/paths/implement-threat-protection-use-microsoft-365-defender/","Microsoft Learn","Microsoft Learn (learning path)","This learning path examines how to manage the Microsoft 365 threat intelligence features that provide organizations with insight and protection against the internal and external cyber-attacks that threaten their tenants.  MS-102","tr","","L2","INTERMEDIATE","3.08","yes","0","no","PRODUCTIVITY","WORKPLACE:4","","IT","","","yes","","","","",""
"MSL-TR-learn.wwl.deliver-cloud-hosted-desktops","Deliver cloud-hosted desktops using Azure Virtual Desktop and Windows 365","https://learn.microsoft.com/tr-tr/training/paths/deliver-cloud-hosted-desktops/","Microsoft Learn","Microsoft Learn (learning path)","Learn how to plan, deploy, and manage cloud-hosted desktops using Windows 365 and Azure Virtual Desktop, and integrate Cloud PCs and Azure Virtual Desktop session hosts with Microsoft Intune.","tr","","L2","INTERMEDIATE","3.25","yes","0","no","TECHNICAL","TECHNICAL:5","","IT","","","yes","","","","",""
"MSL-TR-learn.wwl.explore-microsoft-365-administration","Explore Microsoft 365 administration","https://learn.microsoft.com/tr-tr/training/paths/explore-microsoft-365-administration/","Microsoft Learn","Microsoft Learn (learning path)","This Learning Path introduces the Microsoft 365 experience by helping you set up core services, manage users and access securely, and protect your organization’s data using built-in tools and best practices.","tr","","L1","BEGINNER","3.43","yes","0","no","FOUNDATIONS","FUNDAMENTALS:4","","IT","","","yes","","","","",""
"MSL-TR-learn.wwl.configure-microsoft-365-tenant","MS-102 Configure your Microsoft 365 tenant","https://learn.microsoft.com/tr-tr/training/paths/configure-microsoft-365-tenant/","Microsoft Learn","Microsoft Learn (learning path)","This learning path provides instruction on how to configure your Microsoft 365 tenant, including your organizational profile, tenant subscriptions, user accounts and licenses, groups, custom domains, and client connectivity.","tr","","L2","INTERMEDIATE","3.52","yes","0","no","PRODUCTIVITY","WORKPLACE:4","","IT","","","yes","","","","",""
"MSL-TR-learn.wwl.manage-your-microsoft-365-tenant","MS-102 Manage your Microsoft 365 tenant","https://learn.microsoft.com/tr-tr/training/paths/manage-your-microsoft-365-tenant/","Microsoft Learn","Microsoft Learn (learning path)","This learning path provides instruction on how to manage your Microsoft 365 tenant, including administrative roles, tenant health and services, Microsoft 365 Apps for enterprise, and workplace analytics using Microsoft Viva Insights.","tr","","L2","INTERMEDIATE","3.55","yes","0","no","PRODUCTIVITY","WORKPLACE:4","","IT","","","yes","","","","",""
"MSL-TR-learn.wwl.teamwork-specialist","Collaborating with Microsoft Teams","https://learn.microsoft.com/tr-tr/training/paths/teamwork-specialist/","Microsoft Learn","Microsoft Learn (learning path)","Collaborating with Microsoft Teams","tr","","L1","BEGINNER","2.5","yes","0","no","COMMUNICATION","","","GENERAL","","","no","","","","",""
"MSL-TR-learn.wwl.protect-devices-intune","Protect devices using Microsoft Intune","https://learn.microsoft.com/tr-tr/training/paths/protect-devices-intune/","Microsoft Learn","Microsoft Learn (learning path)","Learn how to secure endpoints with Microsoft Intune and Microsoft Defender, including device encryption, compliance policies, advanced threat protection, Microsoft Tunnel VPN, and Microsoft Cloud PKI.","tr","","L2","INTERMEDIATE","5.03","yes","0","no","TECHNICAL","TECHNICAL:5","","IT","","","yes","","","","",""
"MSL-TR-learn.wwl.plan-configure-teams-voice","MS-721 Plan and design Teams collaboration communications systems","https://learn.microsoft.com/tr-tr/training/paths/plan-configure-teams-voice/","Microsoft Learn","Microsoft Learn (learning path)","Learn how to plan, design, and deploy Microsoft Teams collaboration communications systems with Microsoft Teams meetings, Teams Phone, Microsoft Teams Rooms, Surface Hub, and other shared space devices.","tr","","L2","INTERMEDIATE","6.63","yes","0","no","COMMUNICATION","","","GENERAL","","","yes","","","","",""
"MSL-TR-learn.wwl.manage-meetings-calling-microsoft-teams","Manage meetings and calling in Microsoft Teams","https://learn.microsoft.com/tr-tr/training/paths/manage-meetings-calling-microsoft-teams/","Microsoft Learn","Microsoft Learn (learning path)","Learn the meetings and calling features in Microsoft Teams, including managing meetings experiences, managing Microsoft Teams devices, managing calling features with Calling Plans and Microsoft Teams, and the basic troubleshooting tool for Teams issue.","tr","","L2","INTERMEDIATE","9.05","yes","0","no","COMMUNICATION","","","GENERAL","","","yes","","","","",""
"MSL-TR-learn.wwl.extend-microsoft-365-copilot-studio","Extend Microsoft Copilot in Copilot Studio","https://learn.microsoft.com/tr-tr/training/paths/extend-microsoft-365-copilot-studio/","Microsoft Learn","Microsoft Learn (learning path)","Build agents that extend Microsoft Copilot with additional knowledge and capabilities. Use Copilot Studio to build declarative agents, add knowledge, add tools, and publish agents to Copilot.","tr","","L2","INTERMEDIATE","3.03","yes","0","no","PRODUCTIVITY","WORKPLACE:4","","GENERAL","","","no","","","","",""
"MSL-TR-learn-m365.cybersecurity-data","Learn how Microsoft supports data discovery, classification, and protection as part of a cybersecurity solution","https://learn.microsoft.com/tr-tr/training/paths/data-identification-cybersecurity/","Microsoft Learn","Microsoft Learn (learning path)","Know your data, protect your data, and don't lose your data. These are the basic tenets of good information protection - data discovery, classification, and protection. This learning path provides an overview of the Microsoft data protection capabilities and how to use them to protect and govern data as part of a cybersecurity solution.The deadline for the heads of federal civilian agencies to evaluate and classify agency data and provide to DHS and OMB a report of their evaluation, per Section 8 of the Executive Order on Improving the Nation's Cybersecurity, is **August 24, 2021**.","tr","","L1","BEGINNER","1.83","yes","0","no","RESPONSIBLE_AI","RESPONSIBLE_AI:5","","GENERAL","","","yes","","","","",""
"MSL-TR-learn-m365.cybersecurity-multifactor-authentication","Learn how Microsoft supports using multifactor authentication as part of a cybersecurity solution","https://learn.microsoft.com/tr-tr/training/paths/implement-mfa-for-cybersecurity/","Microsoft Learn","Microsoft Learn (learning path)","Multifactor authentication helps secure your environment and resources by requiring that your users confirm their identity by using multiple authentication methods, like a phone call, text message, mobile app notification, or one-time password. You can use multifactor authentication both on-premises and in the cloud to add security for accessing Microsoft online services, remote access applications, and more. This learning path provides an overview of how to use multifactor authentication as part of a cybersecurity solution.The deadline for agencies to adopt multifactor authentication and encryption at rest and in transit to the maximum extent (and report on progress every 60 days), per Section 3 of the Executive Order on Improving the Nation's Cybersecurity, is **November 8, 2021**.","tr","","L1","BEGINNER","2.28","yes","0","no","RESPONSIBLE_AI","RESPONSIBLE_AI:5","","IT","","","yes","","","","",""
"MSL-TR-learn.wwl.manage-teams-voice","MS-721 Manage Teams collaboration communications systems","https://learn.microsoft.com/tr-tr/training/paths/manage-teams-voice/","Microsoft Learn","Microsoft Learn (learning path)","Discover how to manage Teams collaboration communications systems, including Microsoft Teams meetings, Teams Phone, Microsoft Teams Rooms, BYOD rooms, bookable desks, Microsoft Places, and other devices. You'll learn how to manage Teams users, Teams devices, and perform common troubleshooting tasks.","tr","","L2","INTERMEDIATE","8.08","yes","0","no","COMMUNICATION","","","GENERAL","","","yes","","","","",""
"MSL-TR-learn.wwl.manage-applications-intune","Manage applications using Microsoft Intune","https://learn.microsoft.com/tr-tr/training/paths/manage-applications-intune/","Microsoft Learn","Microsoft Learn (learning path)","Learn how to deploy and manage applications with Microsoft Intune, including app protection policies, application lifecycle management, performance monitoring, and the Enterprise App Catalog.","tr","","L2","INTERMEDIATE","4.75","yes","0","no","TECHNICAL","TECHNICAL:5","","IT","","","yes","","","","",""